action_alert,alpha,baseline,country,covered_90,covered_95,crop,cutoff,field_id,group,index,look,method,prediction,pvalue,scale,score,target,true_low,upper_90,upper_95,watch
0,0.01,3.512830210273916,Argentina,1,1,soybean,2.4290585041046144,Argentina_DUP1_farm11_field106_soybean_2024,Argentina|soybean,0,1,global_raw,4.475301987726373,0.8986175115207373,0.8461919174093958,-1.6473893995177316,4.702147960662842,0,5.795519162541548,6.643279059510395,0
0,0.01,3.512830210273916,Argentina,1,1,soybean,2.4290585041046144,Argentina_DUP1_farm15_field126_soybean_2018,Argentina|soybean,1,1,global_raw,4.234924919445433,0.7649769585253456,0.8376416413041962,-1.4538666651301906,4.222414970397949,0,5.555142094260608,6.402901991229456,0
0,0.01,3.512830210273916,Argentina,1,1,soybean,2.4290585041046144,Argentina_DUP1_farm15_field129_soybean_2018,Argentina|soybean,2,1,global_raw,3.931452064433303,0.6267281105990783,0.7424854165211727,-1.2095467841434484,4.296286106109619,0,5.2516692392484785,6.099429136217326,0
0,0.01,3.512830210273916,Argentina,1,1,soybean,2.4290585041046144,Argentina_DUP1_farm15_field130_soybean_2018,Argentina|soybean,3,1,global_raw,4.340893630137504,0.8248847926267281,1.1482373313248675,-1.5391799389766125,4.455828666687012,0,5.6611108049526795,6.508870701921527,0
0,0.01,3.512830210273916,Argentina,1,1,soybean,2.4290585041046144,Argentina_DUP1_farm15_field132_soybean_2019,Argentina|soybean,4,1,global_raw,4.232542678050529,0.7649769585253456,0.8838705140106891,-1.4519487705822207,5.250401020050049,0,5.552759852865704,6.400519749834552,0
0,0.01,3.512830210273916,Argentina,1,1,soybean,2.4290585041046144,Argentina_DUP1_farm15_field142_soybean_2020,Argentina|soybean,5,1,global_raw,3.6315572653869737,0.4055299539170507,0.8210638021959987,-0.9681075239215963,4.2983574867248535,0,4.951774440202149,5.799534337170996,0
0,0.01,3.512830210273916,Argentina,1,1,soybean,2.4290585041046144,Argentina_DUP1_farm15_field146_soybean_2021,Argentina|soybean,6,1,global_raw,3.954062264680606,0.631336405529954,0.8438888511323919,-1.2277498007964096,4.6318135261535645,0,5.274279439495781,6.122039336464629,0
0,0.01,3.512830210273916,Argentina,1,1,soybean,2.4290585041046144,Argentina_DUP1_farm15_field151_soybean_2022,Argentina|soybean,7,1,global_raw,4.135141659010502,0.7373271889400922,0.9380995600509526,-1.3735331726570106,3.246335983276367,0,5.455358833825677,6.303118730794525,0
0,0.01,3.512830210273916,Argentina,1,1,soybean,2.4290585041046144,Argentina_DUP1_farm15_field153_soybean_2022,Argentina|soybean,8,1,global_raw,4.348115280631324,0.8248847926267281,0.8352330902066063,-1.5449939442823177,4.599109649658203,0,5.6683324554464996,6.516092352415347,0
0,0.01,3.512830210273916,Argentina,1,1,soybean,2.4290585041046144,Argentina_DUP1_farm16_field155_soybean_2021,Argentina|soybean,9,1,global_raw,3.7751210378223474,0.5207373271889401,1.0598085198385496,-1.0836878244859294,4.163106918334961,0,5.095338212637523,5.94309810960637,0
0,0.01,3.512830210273916,Argentina,1,1,soybean,2.4290585041046144,Argentina_DUP1_farm17_field171_soybean_2019,Argentina|soybean,10,1,global_raw,4.009995457518193,0.6774193548387096,0.963114583832387,-1.2727804873688267,3.897636890411377,0,5.330212632333368,6.177972529302216,0
0,0.01,3.512830210273916,Argentina,1,1,soybean,2.4290585041046144,Argentina_DUP1_farm17_field172_soybean_2019,Argentina|soybean,11,1,global_raw,4.074412488209272,0.6912442396313364,0.8896327720493242,-1.3246413408587858,4.297618865966797,0,5.394629663024447,6.242389559993295,0
0,0.01,3.512830210273916,Argentina,1,1,soybean,2.4290585041046144,Argentina_DUP1_farm17_field185_soybean_2021,Argentina|soybean,12,1,global_raw,3.681447145566828,0.4423963133640553,0.9943612444745477,-1.0082728612381664,1.715295433998108,1,5.0016643203820035,5.849424217350851,0
0,0.01,3.512830210273916,Argentina,1,1,soybean,2.4290585041046144,Argentina_DUP1_farm17_field192_soybean_2019,Argentina|soybean,13,1,global_raw,3.9481740363478433,0.631336405529954,0.8918688986517906,-1.223009306805849,3.809624195098877,0,5.268391211163019,6.1161511081318665,0
0,0.01,4.135075228041913,Argentina,1,1,wheat,2.029330730438233,Argentina_DUP1_farm19_field204_wheat_2021,Argentina|wheat,14,1,global_raw,5.718576080918677,0.9124423963133641,1.397958004492455,-1.6926778769531345,6.607504844665527,0,7.038793255733852,7.8865531527026995,0
0,0.01,3.512830210273916,Argentina,1,1,soybean,2.4290585041046144,Argentina_DUP1_farm1_field4_soybean_2022,Argentina|soybean,15,1,global_raw,3.3342919639330435,0.2488479262672811,1.0474165573657916,-0.7287852192304263,2.6483683586120605,0,4.654509138748219,5.502269035717067,0
0,0.01,4.135075228041913,Argentina,1,1,wheat,2.029330730438233,Argentina_DUP1_farm22_field213_wheat_2023,Argentina|wheat,16,1,global_raw,3.593181555096728,0.23963133640552994,1.6380851330893718,-0.7175168475606057,1.258419156074524,1,4.913398729911903,5.761158626880751,0
0,0.01,3.512830210273916,Argentina,1,1,soybean,2.4290585041046144,Argentina_DUP1_farm22_field215_soybean_2024,Argentina|soybean,17,1,global_raw,4.4991927342312525,0.9032258064516129,0.7074630411764338,-1.6666233581613255,5.162672519683838,0,5.819409909046428,6.667169806015275,0
0,0.01,3.512830210273916,Argentina,1,1,soybean,2.4290585041046144,Argentina_DUP1_farm22_field217_soybean_2024,Argentina|soybean,18,1,global_raw,3.8815850951252755,0.5806451612903226,0.9606301728020015,-1.1693998919081618,3.2616236209869385,0,5.201802269940451,6.049562166909299,0
0,0.01,3.512830210273916,Argentina,1,1,soybean,2.4290585041046144,Argentina_DUP1_farm23_field222_soybean_2021,Argentina|soybean,19,1,global_raw,3.2342188156936085,0.2119815668202765,1.0209322824721114,-0.6482183439267024,1.9381707906723022,1,4.554435990508784,5.402195887477632,0
0,0.01,3.512830210273916,Argentina,1,1,soybean,2.4290585041046144,Argentina_DUP1_farm23_field224_soybean_2021,Argentina|soybean,20,1,global_raw,2.6541938587295886,0.03225806451612903,0.7529746217322104,-0.18125193782383953,2.475956678390503,0,3.9744110335447638,4.822170930513611,0
0,0.01,3.512830210273916,Argentina,1,1,soybean,2.4290585041046144,Argentina_DUP1_farm23_field225_soybean_2019,Argentina|soybean,21,1,global_raw,3.5162888613538947,0.35023041474654376,0.8280455965243927,-0.8753072543430606,3.648322820663452,0,4.8365060361690695,5.684265933137917,0
0,0.01,3.512830210273916,Argentina,0,1,soybean,2.4290585041046144,Argentina_DUP1_farm23_field228_soybean_2020,Argentina|soybean,22,1,global_raw,3.3254233854949864,0.24423963133640553,1.0492699886631307,-0.7216453054202732,5.000659942626953,0,4.645640560310161,5.493400457279009,0
0,0.01,8.691955015063286,Argentina,1,1,corn,6.163111209869385,Argentina_DUP1_farm24_field234_corn_2021,Argentina|corn,23,1,global_raw,9.577902514097092,0.5391705069124424,2.7097613337551043,-1.1248961855630442,7.518545150756836,0,10.898119688912267,11.745879585881115,0
0,0.01,8.691955015063286,Argentina,1,1,corn,6.163111209869385,Argentina_DUP1_farm24_field235_corn_2021,Argentina|corn,24,1,global_raw,10.894796089754287,0.8341013824884793,2.33515569564247,-1.5587055835825478,9.043926239013672,0,12.215013264569462,13.06277316153831,0
0,0.01,8.691955015063286,Argentina,1,1,corn,6.163111209869385,Argentina_DUP1_farm25_field242_corn_2023,Argentina|corn,25,1,global_raw,8.359059615621316,0.24423963133640553,1.7458130077765972,-0.7233865162609877,7.436154365539551,0,9.679276790436491,10.527036687405339,0
0,0.01,8.691955015063286,Argentina,1,1,corn,6.163111209869385,Argentina_DUP1_farm25_field249_corn_2023,Argentina|corn,26,1,global_raw,7.294140922518571,0.11981566820276497,2.124215600426247,-0.3725823618978902,7.459981441497803,0,8.614358097333746,9.462117994302595,0
0,0.01,8.691955015063286,Argentina,1,1,corn,6.163111209869385,Argentina_DUP1_farm25_field252_corn_2023,Argentina|corn,27,1,global_raw,8.316679537414181,0.23963133640552994,2.0938109066088573,-0.7094257250817296,7.614945888519287,0,9.636896712229357,10.484656609198204,0
0,0.01,8.691955015063286,Argentina,1,1,corn,6.163111209869385,Argentina_DUP1_farm25_field253_corn_2023,Argentina|corn,28,1,global_raw,7.858168737185582,0.17972350230414746,1.8844854296211186,-0.5583836834852054,7.349864482879639,0,9.178385912000756,10.026145808969606,0
0,0.01,3.512830210273916,Argentina,1,1,soybean,2.4290585041046144,Argentina_DUP1_farm25_field256_soybean_2023,Argentina|soybean,29,1,global_raw,2.266264184020762,0.009216589861751152,0.801418624167761,0.13106242700558732,1.8879551887512207,1,3.586481358835937,4.434241255804785,1
0,0.01,3.512830210273916,Argentina,1,1,soybean,2.4290585041046144,Argentina_DUP1_farm25_field259_soybean_2023,Argentina|soybean,30,1,global_raw,2.9046971885153123,0.11981566820276497,0.9227598423164336,-0.3829271213178766,2.2659707069396973,1,4.2249143633304875,5.072674260299335,0
0,0.01,8.691955015063286,Argentina,1,1,corn,6.163111209869385,Argentina_DUP1_farm25_field261_corn_2023,Argentina|corn,31,1,global_raw,7.126331780004946,0.10138248847926268,1.9539624566243703,-0.31730288871823303,6.4975104331970215,0,8.446548954820122,9.29430885178897,0
0,0.01,3.512830210273916,Argentina,1,1,soybean,2.4290585041046144,Argentina_DUP1_farm27_field270_soybean_2021,Argentina|soybean,32,1,global_raw,3.6963102497220786,0.45161290322580644,0.9827640549858959,-1.0202388469213317,4.101713180541992,0,5.016527424537253,5.864287321506101,0
0,0.01,3.512830210273916,Argentina,1,1,soybean,2.4290585041046144,Argentina_DUP1_farm27_field276_soybean_2021,Argentina|soybean,33,1,global_raw,3.5674399171780533,0.3778801843317972,1.0027157603374792,-0.9164879387598105,4.0980072021484375,0,4.887657091993228,5.735416988962076,0
0,0.01,3.512830210273916,Argentina,1,1,soybean,2.4290585041046144,Argentina_DUP1_farm27_field280_soybean_2021,Argentina|soybean,34,1,global_raw,3.842115491727946,0.5483870967741935,0.8581331777875801,-1.1376237094741712,3.2040719985961914,0,5.162332666543121,6.010092563511969,0
0,0.01,3.512830210273916,Argentina,0,1,soybean,2.4290585041046144,Argentina_DUP1_farm27_field286_soybean_2017,Argentina|soybean,35,1,global_raw,3.3887566254341754,0.2672811059907834,1.0066279526656663,-0.7726336208128607,4.986489772796631,0,4.708973800249351,5.556733697218198,0
0,0.01,3.512830210273916,Argentina,1,1,soybean,2.4290585041046144,Argentina_DUP1_farm27_field310_soybean_2021,Argentina|soybean,36,1,global_raw,3.080635303189886,0.17050691244239632,0.928022645633099,-0.524571352518079,2.8479418754577637,0,4.400852478005062,5.248612374973909,0
0,0.01,3.512830210273916,Argentina,1,1,soybean,2.4290585041046144,Argentina_DUP1_farm27_field311_soybean_2021,Argentina|soybean,37,1,global_raw,3.456033882312884,0.2995391705069124,0.9889221891978826,-0.8267971847766412,3.0860512256622314,0,4.776251057128059,5.6240109540969065,0
0,0.01,4.135075228041913,Argentina,0,1,wheat,2.029330730438233,Argentina_DUP1_farm28_field314_wheat_2021,Argentina|wheat,38,1,global_raw,2.4636504208527032,0.03225806451612903,1.5090736937679277,-0.19927200867623762,4.5063700675964355,0,3.7838675956678784,4.631627492636726,0
0,0.01,4.135075228041913,Argentina,1,1,wheat,2.029330730438233,Argentina_DUP1_farm28_field321_wheat_2023,Argentina|wheat,39,1,global_raw,4.2157195411334465,0.4423963133640553,2.003653385163625,-1.0031460688294171,3.9543468952178955,0,5.535936715948622,6.383696612917469,0
0,0.01,8.691955015063286,Argentina,0,1,corn,6.163111209869385,Argentina_DUP1_farm28_field322_corn_2022,Argentina|corn,40,1,global_raw,9.436350681163722,0.5161290322580645,2.39667220770893,-1.078266361734845,11.191621780395508,0,10.756567855978897,11.604327752947745,0
0,0.01,3.512830210273916,Argentina,1,1,soybean,2.4290585041046144,Argentina_DUP1_farm29_field324_soybean_2023,Argentina|soybean,41,1,global_raw,3.7270822890326736,0.4792626728110599,0.9775522053378995,-1.045012795753702,2.162977457046509,1,5.047299463847849,5.895059360816696,0
0,0.01,8.691955015063286,Argentina,1,1,corn,6.163111209869385,Argentina_DUP1_farm2_field11_corn_2022,Argentina|corn,42,1,global_raw,8.74371618429672,0.33640552995391704,2.522634404243453,-0.8500995913232982,7.5720601081848145,0,10.063933359111894,10.911693256080742,0
0,0.01,8.691955015063286,Argentina,1,1,corn,6.163111209869385,Argentina_DUP1_farm2_field17_corn_2022,Argentina|corn,43,1,global_raw,10.651789855382413,0.7788018433179723,2.408436760583356,-1.4786547805438588,10.725897789001465,0,11.972007030197588,12.819766927166436,0
0,0.01,8.691955015063286,Argentina,1,1,corn,6.163111209869385,Argentina_DUP1_farm2_field21_corn_2022,Argentina|corn,44,1,global_raw,10.20620732400705,0.6912442396313364,2.4161923060528117,-1.33187155274393,11.245871543884277,0,11.526424498822225,12.374184395791072,0
0,0.01,3.512830210273916,Argentina,1,1,soybean,2.4290585041046144,Argentina_DUP1_farm2_field42_soybean_2023,Argentina|soybean,45,1,global_raw,3.865004815101917,0.5668202764976958,0.8755677968495682,-1.1560514425324444,3.430845022201538,0,5.185221989917093,6.03298188688594,0
0,0.01,3.512830210273916,Argentina,1,1,soybean,2.4290585041046144,Argentina_DUP1_farm2_field45_soybean_2023,Argentina|soybean,46,1,global_raw,3.7557770912321864,0.511520737327189,0.8390580844946212,-1.068114402841568,3.311779499053955,0,5.075994266047362,5.923754163016209,0
0,0.01,8.691955015063286,Argentina,1,1,corn,6.163111209869385,Argentina_DUP1_farm2_field52_corn_2024,Argentina|corn,47,1,global_raw,8.747904832999538,0.33640552995391704,2.6464065162978536,-0.8514794106237136,7.240945339202881,0,10.068122007814713,10.91588190478356,0
0,0.01,8.691955015063286,Argentina,1,1,corn,6.163111209869385,Argentina_DUP1_farm2_field7_corn_2022,Argentina|corn,48,1,global_raw,10.571382143660122,0.7649769585253456,2.4899510766818738,-1.4521669749510908,11.26622486114502,0,11.891599318475297,12.739359215444145,0
0,0.01,8.691955015063286,Argentina,1,1,corn,6.163111209869385,Argentina_DUP1_farm32_field340_corn_2022,Argentina|corn,49,1,global_raw,9.930819777926855,0.6497695852534562,2.5760053357620505,-1.241153739402409,5.90629768371582,1,11.25103695274203,12.098796849710878,0
0,0.01,8.691955015063286,Argentina,1,1,corn,6.163111209869385,Argentina_DUP1_farm36_field381_corn_2022,Argentina|corn,50,1,global_raw,8.271322921847075,0.22119815668202766,1.3537391355625192,-0.6944844067709093,7.314890384674072,0,9.59154009666225,10.439299993631098,0
0,0.01,3.512830210273916,Argentina,1,1,soybean,2.4290585041046144,Argentina_DUP1_farm37_field395_soybean_2021,Argentina|soybean,51,1,global_raw,4.031440064868004,0.6820276497695853,0.8063644325727611,-1.290045108665199,4.637209415435791,0,5.351657239683179,6.199417136652027,0
0,0.01,3.512830210273916,Argentina,1,1,soybean,2.4290585041046144,Argentina_DUP1_farm37_field396_soybean_2021,Argentina|soybean,52,1,global_raw,3.3594099082155,0.2626728110599078,0.9568220711335209,-0.7490071700783073,2.03985595703125,1,4.679627083030676,5.527386979999523,0
0,0.01,3.512830210273916,Argentina,1,1,soybean,2.4290585041046144,Argentina_DUP1_farm37_field399_soybean_2022,Argentina|soybean,53,1,global_raw,4.003510865051166,0.6728110599078341,0.9266827730134752,-1.267559872629732,4.541003227233887,0,5.323728039866341,6.171487936835189,0
0,0.01,3.512830210273916,Argentina,1,1,soybean,2.4290585041046144,Argentina_DUP1_farm37_field406_soybean_2020,Argentina|soybean,54,1,global_raw,4.071727382111032,0.6912442396313364,0.6093734455575625,-1.3224796160404901,4.972700595855713,0,5.391944556926207,6.239704453895055,0
0,0.01,4.135075228041913,Argentina,1,1,wheat,2.029330730438233,Argentina_DUP1_farm39_field428_wheat_2023,Argentina|wheat,55,1,global_raw,5.201181839975306,0.7649769585253456,1.6868224941221965,-1.4552900910760713,4.093906402587891,0,6.5213990147904815,7.369158911759329,0
0,0.01,4.135075228041913,Argentina,1,1,wheat,2.029330730438233,Argentina_DUP1_farm40_field431_wheat_2020,Argentina|wheat,56,1,global_raw,4.125548454884487,0.4009216589861751,1.9242774629110193,-0.9617743008025035,4.1932501792907715,0,5.445765629699662,6.2935255266685095,0
0,0.01,3.512830210273916,Argentina,1,1,soybean,2.4290585041046144,Argentina_DUP1_farm42_field437_soybean_2022,Argentina|soybean,57,1,global_raw,4.158999797447542,0.7373271889400922,0.9320785587233781,-1.392740879202197,4.918436050415039,0,5.4792169722627175,6.326976869231565,0
0,0.01,3.512830210273916,Argentina,1,1,soybean,2.4290585041046144,Argentina_DUP1_farm42_field438_soybean_2022,Argentina|soybean,58,1,global_raw,3.8213333369722675,0.5345622119815668,0.9987166288300832,-1.1208924154137765,1.9628671407699585,1,5.141550511787443,5.989310408756291,0
0,0.01,4.135075228041913,Argentina,1,1,wheat,2.029330730438233,Argentina_DUP1_farm44_field447_wheat_2020,Argentina|wheat,59,1,global_raw,2.5858738642203156,0.059907834101382486,1.5703505425352275,-0.25534985088492934,0.9903525710105896,1,3.906091039035491,4.753850936004339,0
0,0.01,8.691955015063286,Argentina,0,1,corn,6.163111209869385,Argentina_DUP1_farm44_field448_corn_2020,Argentina|corn,60,1,global_raw,7.707813031363685,0.16129032258064516,2.569640583551605,-0.5088536991059864,9.730598449707031,0,9.02803020617886,9.875790103147708,0
0,0.01,4.135075228041913,Argentina,1,1,wheat,2.029330730438233,Argentina_DUP1_farm44_field453_wheat_2021,Argentina|wheat,61,1,global_raw,3.9582555345835075,0.3548387096774194,1.5841599984866368,-0.8850179459757705,2.923661947250366,0,5.278472709398683,6.12623260636753,0
0,0.01,3.512830210273916,Argentina,0,1,soybean,2.4290585041046144,Argentina_DUP1_farm44_field458_soybean_2018,Argentina|soybean,62,1,global_raw,2.6184402477017716,0.03225806451612903,0.9784874221473221,-0.1524674259741278,4.049415111541748,0,3.938657422516947,4.786417319485794,0
0,0.01,8.691955015063286,Argentina,1,1,corn,6.163111209869385,Argentina_DUP1_farm44_field460_corn_2018,Argentina|corn,63,1,global_raw,10.756133493059457,0.8110599078341014,2.659172941211879,-1.5130275282621046,7.718160629272461,0,12.076350667874632,12.92411056484348,0
0,0.01,4.135075228041913,Argentina,0,1,wheat,2.029330730438233,Argentina_DUP1_farm44_field465_wheat_2018,Argentina|wheat,64,1,global_raw,3.487418546711802,0.21658986175115208,1.4323505823704288,-0.668991285423661,5.210622787475586,0,4.807635721526977,5.655395618495825,0
0,0.01,3.512830210273916,Argentina,1,1,soybean,2.4290585041046144,Argentina_DUP1_farm44_field466_soybean_2020,Argentina|soybean,65,1,global_raw,3.6986568978533874,0.45161290322580644,1.0428395271481075,-1.022128086049939,4.0398688316345215,0,5.018874072668563,5.866633969637411,0
0,0.01,4.135075228041913,Argentina,1,1,wheat,2.029330730438233,Argentina_DUP1_farm44_field467_wheat_2020,Argentina|wheat,66,1,global_raw,2.185467458650628,0.018433179723502304,1.3379904740110986,-0.07163773631660143,0.6817162036895752,1,3.5056846334658034,4.3534445304346505,0
0,0.01,3.512830210273916,Argentina,1,1,soybean,2.4290585041046144,Argentina_DUP1_farm44_field471_soybean_2018,Argentina|soybean,67,1,global_raw,2.717818088053923,0.05069124423963134,0.9632137705644838,-0.23247452290734977,2.928650379180908,0,4.038035262869098,4.885795159837945,0
0,0.01,4.135075228041913,Argentina,1,1,wheat,2.029330730438233,Argentina_DUP1_farm44_field474_wheat_2018,Argentina|wheat,68,1,global_raw,3.5865437404628167,0.23963133640552994,1.3021142476743832,-0.7144713244482234,2.5477371215820312,0,4.906760915277992,5.75452081224684,0
0,0.01,3.512830210273916,Argentina,1,1,soybean,2.4290585041046144,Argentina_DUP1_farm44_field476_soybean_2019,Argentina|soybean,69,1,global_raw,4.136053742699559,0.7373271889400922,0.9846425937667217,-1.3742674728577697,4.150893211364746,0,5.456270917514734,6.304030814483582,0
0,0.01,3.512830210273916,Argentina,1,1,soybean,2.4290585041046144,Argentina_DUP1_farm44_field482_soybean_2018,Argentina|soybean,70,1,global_raw,2.90472229005592,0.11981566820276497,1.0087119440119574,-0.38294733006245657,3.624556064605713,0,4.224939464871095,5.072699361839943,0
0,0.01,8.691955015063286,Argentina,1,1,corn,6.163111209869385,Argentina_DUP1_farm44_field494_corn_2019,Argentina|corn,71,1,global_raw,10.802601163202821,0.8110599078341014,2.5319865872478746,-1.5283348487509314,12.035124778747559,0,12.122818338017996,12.970578234986844,0
0,0.01,4.135075228041913,Argentina,1,1,wheat,2.029330730438233,Argentina_DUP1_farm44_field495_wheat_2020,Argentina|wheat,72,1,global_raw,2.2171704489707182,0.02304147465437788,1.2085624711185252,-0.08618351607643426,2.387549877166748,0,3.5373876237858934,4.385147520754741,0
0,0.01,3.512830210273916,Argentina,1,1,soybean,2.4290585041046144,Argentina_DUP1_farm44_field498_soybean_2018,Argentina|soybean,73,1,global_raw,3.6376405483131915,0.4055299539170507,0.9174808935283114,-0.9730050524352514,3.6245875358581543,0,4.957857723128367,5.805617620097214,0
0,0.01,8.691955015063286,Argentina,1,1,corn,6.163111209869385,Argentina_DUP1_farm44_field499_corn_2021,Argentina|corn,74,1,global_raw,7.0734288127362746,0.08294930875576037,2.4466938460952123,-0.29987566087803724,6.4308319091796875,0,8.39364598755145,9.241405884520297,0
0,0.01,3.512830210273916,Argentina,1,1,soybean,2.4290585041046144,Argentina_DUP1_farm44_field509_soybean_2021,Argentina|soybean,75,1,global_raw,3.3637897130768475,0.2626728110599078,0.9767895706730475,-0.7525332627248038,2.331341028213501,1,4.684006887892023,5.531766784860871,0
0,0.01,3.512830210273916,Argentina,1,1,soybean,2.4290585041046144,Argentina_DUP1_farm44_field511_soybean_2020,Argentina|soybean,76,1,global_raw,4.306808304886315,0.8110599078341014,0.7341150334803326,-1.5117385303918738,4.637761116027832,0,5.62702547970149,6.474785376670337,0
0,0.01,8.691955015063286,Argentina,1,1,corn,6.163111209869385,Argentina_DUP1_farm44_field514_corn_2019,Argentina|corn,77,1,global_raw,10.617609023887274,0.7741935483870968,2.769232420602363,-1.4673949747335735,9.286399841308594,0,11.93782619870245,12.785586095671297,0
0,0.01,4.135075228041913,Argentina,1,1,wheat,2.029330730438233,Argentina_DUP1_farm44_field521_wheat_2021,Argentina|wheat,78,1,global_raw,2.670656847822117,0.08294930875576037,1.364863283162414,-0.2942494813110165,2.029555559158325,0,3.9908740226372923,4.83863391960614,0
0,0.01,3.512830210273916,Argentina,1,1,soybean,2.4290585041046144,Argentina_DUP1_farm44_field523_soybean_2021,Argentina|soybean,79,1,global_raw,3.1129305712034907,0.17972350230414746,1.0946067758481541,-0.5505716220881643,1.8515781164169312,1,4.4331477460186655,5.280907642987513,0
0,0.01,8.691955015063286,Argentina,1,1,corn,6.163111209869385,Argentina_DUP1_farm44_field532_corn_2020,Argentina|corn,80,1,global_raw,10.605952906727731,0.7695852534562212,2.72473864695078,-1.4635552315214444,5.900755882263184,1,11.926170081542907,12.773929978511754,0
0,0.01,4.135075228041913,Argentina,1,1,wheat,2.029330730438233,Argentina_DUP1_farm44_field545_wheat_2020,Argentina|wheat,81,1,global_raw,2.5191852553380922,0.04608294930875576,1.0554743402696223,-0.2247521751610799,2.452425241470337,0,3.8394024301532674,4.687162327122115,0
0,0.01,4.135075228041913,Argentina,1,1,wheat,2.029330730438233,Argentina_DUP1_farm44_field558_wheat_2021,Argentina|wheat,82,1,global_raw,3.378982356471724,0.1935483870967742,1.415788426701327,-0.6192392296931961,3.914421319961548,0,4.699199531286899,5.546959428255747,0
0,0.01,8.691955015063286,Argentina,1,1,corn,6.163111209869385,Argentina_DUP1_farm44_field565_corn_2019,Argentina|corn,83,1,global_raw,9.586360334267335,0.5391705069124424,2.5237382479216075,-1.1276823498700417,6.821680068969727,0,10.90657750908251,11.754337406051357,0
0,0.01,3.512830210273916,Argentina,1,1,soybean,2.4290585041046144,Argentina_DUP1_farm44_field566_soybean_2019,Argentina|soybean,84,1,global_raw,3.7587317274805523,0.511520737327189,0.8617459452163806,-1.070493120953048,3.717390298843384,0,5.0789489022957275,5.926708799264575,0
0,0.01,8.691955015063286,Argentina,0,0,corn,6.163111209869385,Argentina_DUP1_farm45_field575_corn_2022,Argentina|corn,85,1,global_raw,10.242840910733724,0.7050691244239631,2.8455836245615647,-1.3439393420466934,14.309273719787598,0,11.5630580855489,12.410817982517747,0
0,0.01,4.135075228041913,Argentina,1,1,wheat,2.029330730438233,Argentina_DUP1_farm45_field577_wheat_2019,Argentina|wheat,86,1,global_raw,6.252320342962659,0.9907834101382489,1.692950254653592,-1.9375672834532658,7.251151084899902,0,7.5725375177778345,8.420297414746681,0
0,0.01,4.135075228041913,Argentina,0,1,wheat,2.029330730438233,Argentina_DUP1_farm45_field579_wheat_2020,Argentina|wheat,87,1,global_raw,6.205137917089645,0.9907834101382489,1.6632574966138425,-1.9159193200165614,7.611742973327637,0,7.52535509190482,8.373114988873667,0
0,0.01,8.691955015063286,Argentina,0,1,corn,6.163111209869385,Argentina_DUP1_farm45_field602_corn_2017,Argentina|corn,88,1,global_raw,10.315956498062256,0.7327188940092166,1.3871557868693243,-1.3680249853447892,12.459432601928711,0,11.636173672877431,12.483933569846279,0
0,0.01,8.691955015063286,Argentina,1,1,corn,6.163111209869385,Argentina_DUP1_farm45_field609_corn_2017,Argentina|corn,89,1,global_raw,11.20778934348525,0.9032258064516129,1.6516113878377474,-1.661811421058772,11.544739723205566,0,12.528006518300424,13.375766415269272,0
0,0.01,4.135075228041913,Argentina,0,0,wheat,2.029330730438233,Argentina_DUP1_farm45_field612_wheat_2020,Argentina|wheat,90,1,global_raw,4.397369361671972,0.5207373271889401,2.15511058963288,-1.0864895722746482,7.024521827697754,0,5.717586536487147,6.565346433455995,0
0,0.01,4.135075228041913,Argentina,1,1,wheat,2.029330730438233,Argentina_DUP1_farm45_field613_wheat_2020,Argentina|wheat,91,1,global_raw,5.63417475665463,0.8986175115207373,1.7630919026151115,-1.6539533572221021,6.735361099243164,0,6.9543919314698055,7.802151828438653,0
0,0.01,8.691955015063286,Argentina,1,1,corn,6.163111209869385,Argentina_DUP1_farm45_field621_corn_2017,Argentina|corn,92,1,global_raw,10.269616402400084,0.7096774193548387,1.5573436267402432,-1.3527596902784502,9.546931266784668,0,11.58983357721526,12.437593474184107,0
0,0.01,4.135075228041913,Argentina,1,1,wheat,2.029330730438233,Argentina_DUP1_farm45_field622_wheat_2021,Argentina|wheat,93,1,global_raw,5.221280966162415,0.7695852534562212,1.6816644440187296,-1.4645118540684887,4.359115123748779,0,6.54149814097759,7.389258037946438,0
1,0.01,3.512830210273916,Argentina,1,1,soybean,2.4290585041046144,Argentina_DUP1_farm45_field633_soybean_2023,Argentina|soybean,94,1,global_raw,2.0119099750296767,0.004608294930875576,1.0506600390652938,0.33583787575765084,1.2537230253219604,1,3.332127149844852,4.1798870468136995,1
0,0.01,3.512830210273916,Argentina,1,1,soybean,2.4290585041046144,Argentina_DUP1_farm49_field660_soybean_2021,Argentina|soybean,95,1,global_raw,3.1918645922146407,0.1935483870967742,0.9900644622979797,-0.6141198119863295,3.0445690155029297,0,4.512081767029816,5.3598416639986635,0
0,0.01,3.512830210273916,Argentina,1,1,soybean,2.4290585041046144,Argentina_DUP1_farm49_field665_soybean_2023,Argentina|soybean,96,1,global_raw,2.421357592214513,0.018433179723502304,0.9369470880999802,0.006199848999357039,1.3907501697540283,1,3.741574767029688,4.589334663998535,0
0,0.01,8.691955015063286,Argentina,1,1,corn,6.163111209869385,Argentina_DUP1_farm51_field677_corn_2022,Argentina|corn,97,1,global_raw,10.151832978646471,0.6820276497695853,2.4496360165466453,-1.3139596254138832,7.927601337432861,0,11.472050153461646,12.319810050430494,0
0,0.01,8.691955015063286,Argentina,1,1,corn,6.163111209869385,Argentina_DUP1_farm51_field681_corn_2022,Argentina|corn,98,1,global_raw,10.567574977962474,0.7649769585253456,2.3387886746760613,-1.4509128232945054,4.389474391937256,1,11.88779215277765,12.735552049746497,0
0,0.01,3.512830210273916,Argentina,1,1,soybean,2.4290585041046144,Argentina_DUP1_farm52_field690_soybean_2020,Argentina|soybean,99,1,global_raw,3.654753684006397,0.423963133640553,0.8068707808106388,-0.9867824931744136,3.124354124069214,0,4.974970858821573,5.82273075579042,0
0,0.01,3.512830210273916,Argentina,1,1,soybean,2.4290585041046144,Argentina_DUP1_farm52_field694_soybean_2022,Argentina|soybean,100,1,global_raw,5.085268068751114,1.0,0.5512708914485386,-2.138460801327154,5.1744384765625,0,6.4054852435662895,7.253245140535137,0
0,0.01,3.512830210273916,Argentina,1,1,soybean,2.4290585041046144,Argentina_DUP1_farm52_field705_soybean_2022,Argentina|soybean,101,1,global_raw,4.596200558299928,0.9447004608294931,0.8646838767219378,-1.744722402737468,5.337815761566162,0,5.916417733115103,6.7641776300839505,0
0,0.01,3.512830210273916,Argentina,1,1,soybean,2.4290585041046144,Argentina_DUP1_farm52_field712_soybean_2021,Argentina|soybean,102,1,global_raw,3.9162500496303974,0.6175115207373272,0.8454429624534987,-1.1973079483264655,4.47261381149292,0,5.2364672244455726,6.08422712141442,0
0,0.01,3.512830210273916,Argentina,1,1,soybean,2.4290585041046144,Argentina_DUP1_farm52_field713_soybean_2021,Argentina|soybean,103,1,global_raw,3.018629214199495,0.15668202764976957,1.1157055995282512,-0.47465149961400227,1.9149093627929688,1,4.33884638901467,5.186606285983517,0
0,0.01,8.691955015063286,Argentina,1,1,corn,6.163111209869385,Argentina_DUP1_farm54_field732_corn_2019,Argentina|corn,104,1,global_raw,7.218627800385545,0.1152073732718894,2.363669712806709,-0.3477069257497919,2.4794020652770996,1,8.538844975200721,9.386604872169567,0
0,0.01,4.135075228041913,Argentina,1,1,wheat,2.029330730438233,Argentina_DUP1_farm54_field738_wheat_2018,Argentina|wheat,105,1,global_raw,3.649333415331683,0.2534562211981567,1.7680734734772963,-0.7432801141747645,1.4550156593322754,1,4.969550590146858,5.817310487115706,0
0,0.01,3.512830210273916,Argentina,1,1,soybean,2.4290585041046144,Argentina_DUP1_farm54_field740_soybean_2020,Argentina|soybean,106,1,global_raw,3.935622777529972,0.6267281105990783,0.7537427971816557,-1.2129045412231296,3.981464147567749,0,5.255839952345147,6.103599849313994,0
0,0.01,4.135075228041913,Argentina,1,1,wheat,2.029330730438233,Argentina_DUP1_farm54_field742_wheat_2020,Argentina|wheat,107,1,global_raw,2.926876325684005,0.12903225806451613,1.6286913231960845,-0.41180659682376536,1.3080462217330933,1,4.24709350049918,5.094853397468028,0
0,0.01,3.512830210273916,Argentina,1,1,soybean,2.4290585041046144,Argentina_DUP1_farm56_field751_soybean_2023,Argentina|soybean,108,1,global_raw,2.7298931532993937,0.05069124423963134,0.9723632258316597,-0.24219591463961065,2.4652040004730225,0,4.0501103281145685,4.897870225083416,0
0,0.01,3.512830210273916,Argentina,1,1,soybean,2.4290585041046144,Argentina_DUP1_farm57_field754_soybean_2022,Argentina|soybean,109,1,global_raw,2.623738327217313,0.03225806451612903,0.9364646274275913,-0.15673280304267537,2.567575454711914,0,3.9439555020324883,4.791715399001336,0
0,0.01,3.512830210273916,Argentina,1,1,soybean,2.4290585041046144,Argentina_DUP1_farm5_field59_soybean_2024,Argentina|soybean,110,1,global_raw,3.3601015255034934,0.2626728110599078,0.9515893865090967,-0.7495639772216814,2.0495190620422363,1,4.680318700318669,5.528078597287516,0
0,0.01,4.135075228041913,Argentina,1,1,wheat,2.029330730438233,Argentina_DUP1_farm5_field61_wheat_2023,Argentina|wheat,111,1,global_raw,2.448102011761246,0.03225806451612903,1.8992950361118375,-0.19213817896564414,3.466712713241577,0,3.7683191865764214,4.616079083545269,0
1,0.01,3.512830210273916,Argentina,1,1,soybean,2.4290585041046144,Argentina_DUP1_farm6_field72_soybean_2023,Argentina|soybean,112,1,global_raw,2.221937231277472,0.009216589861751152,0.5224684635638431,0.1667491635287358,2.5259170532226562,0,3.542154406092647,4.389914303061495,1
1,0.01,3.512830210273916,Argentina,1,1,soybean,2.4290585041046144,Argentina_DUP1_farm6_field73_soybean_2023,Argentina|soybean,113,1,global_raw,1.9276247980569856,0.004608294930875576,0.5408106624438968,0.4036941735016164,2.8608715534210205,0,3.247841972872161,4.095601869841008,1
0,0.01,3.512830210273916,Argentina,1,1,soybean,2.4290585041046144,Argentina_DUP1_farm6_field75_soybean_2023,Argentina|soybean,114,1,global_raw,2.2529692601210924,0.009216589861751152,0.7230226166489333,0.1417659023617775,1.8451251983642578,1,3.5731864349362676,4.420946331905116,1
0,0.01,3.512830210273916,Argentina,1,1,soybean,2.4290585041046144,Argentina_DUP1_farm9_field93_soybean_2022,Argentina|soybean,115,1,global_raw,4.243903867116276,0.7649769585253456,0.9370380589705903,-1.4610954349858631,3.9884235858917236,0,5.564121041931451,6.411880938900299,0
0,0.01,3.512830210273916,Argentina,1,1,soybean,2.4290585041046144,Argentina_DUP1_farm9_field97_soybean_2024,Argentina|soybean,116,1,global_raw,4.834095352171422,0.9907834101382489,0.7028426052827168,-1.936246708012567,2.0486044883728027,1,6.1543125269865975,7.002072423955445,0
0,0.01,4.141856733015028,Brazil,1,1,soybean,3.656761693954468,Brazil_DUP2_farm2_field21_soybean_2022,Brazil|soybean,117,1,global_raw,4.282143196395412,0.42857142857142855,0.6045247726960092,-0.9932576553371836,4.798220157623291,0,5.602360371210588,6.450120268179435,0
0,0.01,4.141856733015028,Brazil,1,1,soybean,3.656761693954468,Brazil_DUP2_farm2_field34_soybean_2018,Brazil|soybean,119,1,global_raw,4.68035589299035,0.8894009216589862,0.41494948384734104,-1.6257160951880407,5.03720235824585,0,6.000573067805525,6.8483329647743725,0
0,0.01,3.7483099491224374,Brazil,1,1,wheat,3.056740236282349,Brazil_DUP2_farm2_field37_wheat_2023,Brazil|wheat,120,1,global_raw,4.006565673315495,0.5852534562211982,0.5684114278938164,-1.1741580556325357,3.9364073276519775,0,5.32678284813067,6.174542745099518,0
0,0.01,4.141856733015028,Brazil,1,1,soybean,3.656761693954468,Brazil_DUP2_farm2_field40_soybean_2022,Brazil|soybean,121,1,global_raw,4.130148449486834,0.2626728110599078,0.644143578971444,-0.7518530961221629,4.273487091064453,0,5.450365624302009,6.2981255212708565,0
0,0.01,4.141856733015028,Brazil,1,1,soybean,3.656761693954468,Brazil_DUP2_farm2_field48_soybean_2022,Brazil|soybean,122,1,global_raw,4.172701043480476,0.2903225806451613,0.6559534939856511,-0.8194369462579152,4.727036476135254,0,5.492918218295651,6.340678115264499,0
0,0.01,4.141856733015028,Brazil,1,1,soybean,3.656761693954468,Brazil_DUP2_farm2_field7_soybean_2024,Brazil|soybean,123,1,global_raw,4.051818551887054,0.1935483870967742,0.37864583420704573,-0.6274462018838646,3.3837997913360596,1,5.372035726702229,6.219795623671077,0
0,0.01,4.141856733015028,Brazil,1,1,soybean,3.656761693954468,Brazil_DUP2_farm3_field55_soybean_2021,Brazil|soybean,124,1,global_raw,4.588052650618614,0.7788018433179723,0.42597637445221254,-1.479116137017984,5.467695236206055,0,5.9082698254337895,6.756029722402637,0
0,0.01,4.141856733015028,Brazil,1,1,soybean,3.656761693954468,Brazil_DUP2_farm3_field56_soybean_2022,Brazil|soybean,125,1,global_raw,4.242292395788307,0.391705069124424,0.4223586823700364,-0.9299649090377982,4.57412052154541,0,5.562509570603482,6.41026946757233,0
0,0.01,6.680697711308797,Brazil,1,1,corn,4.840037059783936,Brazil_DUP2_farm4_field112_corn_2024,Brazil|corn,126,1,global_raw,5.692850365539356,0.14746543778801843,1.2986501686720733,-0.4618745624613844,4.664671897888184,1,7.013067540354531,7.860827437323379,0
0,0.01,4.141856733015028,Brazil,1,1,soybean,3.656761693954468,Brazil_DUP2_farm4_field114_soybean_2017,Brazil|soybean,127,1,global_raw,4.206257921371345,0.35023041474654376,0.31867700515222375,-0.8727334152520048,4.290075778961182,0,5.5264750961865206,6.374234993155368,0
0,0.01,4.141856733015028,Brazil,1,1,soybean,3.656761693954468,Brazil_DUP2_farm4_field58_soybean_2020,Brazil|soybean,129,1,global_raw,4.000707537235159,0.17972350230414746,0.37428511600420944,-0.5462695019384741,4.116067886352539,0,5.320924712050334,6.168684609019182,0
0,0.01,6.680697711308797,Brazil,1,1,corn,4.840037059783936,Brazil_DUP2_farm4_field65_corn_2018,Brazil|corn,130,1,global_raw,7.8193126820541785,0.8755760368663594,1.2376589758091305,-1.6135438028479556,7.826662540435791,0,9.139529856869354,9.987289753838201,0
0,0.01,6.680697711308797,Brazil,1,1,corn,4.840037059783936,Brazil_DUP2_farm4_field71_corn_2023,Brazil|corn,131,1,global_raw,6.076246909275745,0.21658986175115208,0.9252027483094823,-0.6695180287304683,5.0986328125,0,7.39646408409092,8.244223981059768,0
0,0.01,4.141856733015028,Brazil,1,1,soybean,3.656761693954468,Brazil_DUP2_farm4_field85_soybean_2018,Brazil|soybean,132,1,global_raw,4.037599553768814,0.1889400921658986,0.3490303581835878,-0.6048629807987468,3.588340997695923,1,5.357816728583989,6.205576625552837,0
0,0.01,4.141856733015028,Brazil,1,1,soybean,3.656761693954468,Brazil_DUP2_farm4_field87_soybean_2023,Brazil|soybean,133,1,global_raw,4.0546766582159535,0.20276497695852536,0.48876748807900433,-0.6319855686221939,4.010547161102295,0,5.374893833031129,6.222653729999976,0
0,0.01,4.141856733015028,Brazil,1,1,soybean,3.656761693954468,Brazil_DUP2_farm4_field97_soybean_2017,Brazil|soybean,134,1,global_raw,4.2826431190529926,0.42857142857142855,0.4096649492241384,-0.9940516538881159,4.4211201667785645,0,5.602860293868168,6.450620190837015,0
0,0.01,6.680697711308797,Brazil,1,1,corn,4.840037059783936,Brazil_DUP2_farm5_field143_corn_2020,Brazil|corn,135,1,global_raw,6.226751988425155,0.2626728110599078,1.196896754042078,-0.7510299693993281,4.6860785484313965,1,7.54696916324033,8.394729060209178,0
1,0.01,4.141856733015028,Brazil,1,1,soybean,3.656761693954468,Brazil_DUP2_farm5_field152_soybean_2022,Brazil|soybean,136,1,global_raw,3.750824970624846,0.027649769585253458,0.6089269220255967,-0.1493953199355701,3.057061195373535,1,5.071042145440021,5.918802042408869,0
0,0.01,6.680697711308797,Brazil,1,1,corn,4.840037059783936,Brazil_DUP2_farm5_field157_corn_2023,Brazil|corn,137,1,global_raw,6.418958690180638,0.33640552995391704,1.1907305906768826,-0.8551270627213211,5.615368366241455,0,7.739175864995813,8.58693576196466,0
0,0.01,6.680697711308797,Brazil,1,1,corn,4.840037059783936,Brazil_DUP2_farm5_field160_corn_2023,Brazil|corn,139,1,global_raw,6.238289498282711,0.2626728110599078,1.157893130563441,-0.7572785613026078,5.882316589355469,0,7.558506673097886,8.406266570066734,0
0,0.01,3.7483099491224374,Brazil,1,1,wheat,3.056740236282349,Brazil_DUP2_farm5_field161_wheat_2018,Brazil|wheat,140,1,global_raw,4.259490162905186,0.783410138248848,0.7866249915696534,-1.486819009255869,5.535414218902588,0,5.579707337720361,6.4274672346892086,0
0,0.01,4.141856733015028,Brazil,1,1,soybean,3.656761693954468,Brazil_DUP2_farm5_field162_soybean_2022,Brazil|soybean,141,1,global_raw,4.373623776517724,0.5483870967741935,0.41989244224276384,-1.138551026130083,3.7297041416168213,0,5.693840951332899,6.541600848301747,0
0,0.01,3.7483099491224374,Brazil,1,1,wheat,3.056740236282349,Brazil_DUP2_farm5_field173_wheat_2021,Brazil|wheat,143,1,global_raw,4.022736810151855,0.6129032258064516,0.7578665454775458,-1.1941485400361298,3.3410909175872803,0,5.34295398496703,6.190713881935878,0
0,0.01,3.7483099491224374,Brazil,1,1,wheat,3.056740236282349,Brazil_DUP2_farm5_field176_wheat_2018,Brazil|wheat,144,1,global_raw,3.9724991439818775,0.543778801843318,0.6410334592698729,-1.1320455912944036,3.518261432647705,0,5.292716318797053,6.140476215765901,0
0,0.01,4.141856733015028,Brazil,1,1,soybean,3.656761693954468,Brazil_DUP2_farm5_field180_soybean_2024,Brazil|soybean,146,1,global_raw,3.523933847363578,0.009216589861751152,0.47128389795070036,0.21096286819070595,2.8157355785369873,1,4.844151022178753,5.691910919147601,1
0,0.01,4.141856733015028,Brazil,1,1,soybean,3.656761693954468,Brazil_DUP2_farm5_field181_soybean_2018,Brazil|soybean,147,1,global_raw,4.294210906889524,0.4423963133640553,0.590615060957023,-1.012424109387847,4.834442615509033,0,5.614428081704699,6.462187978673547,0
0,0.01,3.7483099491224374,Brazil,1,1,wheat,3.056740236282349,Brazil_DUP2_farm5_field190_wheat_2018,Brazil|wheat,148,1,global_raw,3.9455541729040586,0.5253456221198156,0.6108551868547158,-1.0987366761861397,4.299508094787598,0,5.265771347719234,6.113531244688081,0
0,0.01,3.7483099491224374,Brazil,1,1,wheat,3.056740236282349,Brazil_DUP2_farm5_field229_wheat_2019,Brazil|wheat,150,1,global_raw,3.5562958549720323,0.1935483870967742,0.6762749237884129,-0.6175421620136269,2.8101489543914795,1,4.8765130297872075,5.724272926756055,0
0,0.01,4.141856733015028,Brazil,1,1,soybean,3.656761693954468,Brazil_DUP2_farm5_field239_soybean_2022,Brazil|soybean,152,1,global_raw,3.8001394589310937,0.04608294930875576,0.5482893623935678,-0.2277186998853025,3.7187273502349854,0,5.120356633746269,5.9681165307151165,0
0,0.01,4.141856733015028,Brazil,1,1,soybean,3.656761693954468,Brazil_DUP2_farm5_field240_soybean_2021,Brazil|soybean,153,1,global_raw,3.963910733508135,0.15668202764976957,0.3434387870173303,-0.48782724413079676,3.537252902984619,1,5.28412790832331,6.131887805292157,0
0,0.01,6.680697711308797,Brazil,1,1,corn,4.840037059783936,Brazil_DUP2_farm5_field250_corn_2023,Brazil|corn,155,1,global_raw,6.436136028226209,0.35023041474654376,1.362120896788519,-0.8644301252327835,5.684131145477295,0,7.756353203041384,8.604113100010231,0
0,0.01,6.680697711308797,Brazil,1,1,corn,4.840037059783936,Brazil_DUP2_farm5_field261_corn_2023,Brazil|corn,158,1,global_raw,6.894482856407467,0.5345622119815668,1.4596824817689211,-1.1126658636916942,7.104372024536133,0,8.214700031222641,9.06245992819149,0
0,0.01,6.680697711308797,Brazil,0,0,corn,4.840037059783936,Brazil_DUP2_farm5_field266_corn_2020,Brazil|corn,159,1,global_raw,6.095204462889952,0.21658986175115208,1.2373866444693085,-0.6797852369480326,8.646026611328125,0,7.415421637705127,8.263181534673976,0
0,0.01,4.141856733015028,Brazil,1,1,soybean,3.656761693954468,Brazil_DUP2_farm5_field270_soybean_2024,Brazil|soybean,160,1,global_raw,3.9395312233635202,0.14285714285714285,0.7467801266505706,-0.4491066631894125,3.808828115463257,0,5.259748398178695,6.107508295147543,0
1,0.01,4.141856733015028,Brazil,1,1,soybean,3.656761693954468,Brazil_DUP2_farm5_field271_soybean_2024,Brazil|soybean,161,1,global_raw,3.4228088488157877,0.004608294930875576,0.6483505118723154,0.37157391690498925,3.2186245918273926,1,4.7430260236309625,5.59078592059981,1
0,0.01,4.141856733015028,Brazil,1,1,soybean,3.656761693954468,Brazil_DUP2_farm6_field300_soybean_2022,Brazil|soybean,164,1,global_raw,4.166257425367734,0.2903225806451613,0.40679146230292906,-0.8092029163200773,3.3684070110321045,1,5.486474600182909,6.334234497151757,0
0,0.01,6.680697711308797,Brazil,1,1,corn,4.840037059783936,Brazil_DUP2_farm6_field311_corn_2024,Brazil|corn,166,1,global_raw,5.6152512173316405,0.1336405529953917,1.1215500984094784,-0.4198476939968184,4.720843315124512,1,6.935468392146816,7.783228289115663,0
0,0.01,4.141856733015028,Brazil,1,1,soybean,3.656761693954468,Brazil_DUP2_farm6_field315_soybean_2022,Brazil|soybean,167,1,global_raw,4.23317861192462,0.37327188940092165,0.48828903494502285,-0.9154900076274379,4.064803123474121,0,5.553395786739795,6.401155683708643,0
0,0.01,4.141856733015028,Brazil,1,1,soybean,3.656761693954468,Brazil_DUP2_farm6_field327_soybean_2022,Brazil|soybean,168,1,global_raw,4.274696277724849,0.423963133640553,0.3293071966932642,-0.9814301405332755,3.3996365070343018,1,5.594913452540024,6.442673349508872,0
0,0.01,4.141856733015028,Brazil,1,1,soybean,3.656761693954468,Brazil_DUP2_farm6_field344_soybean_2017,Brazil|soybean,169,1,global_raw,4.099540596084071,0.2304147465437788,0.6045572549839358,-0.7032403939762388,4.9161458015441895,0,5.419757770899246,6.267517667868094,0
0,0.01,4.141856733015028,Brazil,1,1,soybean,3.656761693954468,Brazil_DUP2_farm6_field350_soybean_2023,Brazil|soybean,171,1,global_raw,4.730569232368147,0.9216589861751152,0.5285910054847354,-1.705467068861508,4.978847980499268,0,6.050786407183322,6.89854630415217,0
0,0.01,4.141856733015028,Brazil,1,1,soybean,3.656761693954468,Brazil_DUP2_farm6_field357_soybean_2021,Brazil|soybean,172,1,global_raw,3.911821505872312,0.12903225806451613,0.43518490521760783,-0.4050969044774134,4.076733112335205,0,5.232038680687487,6.079798577656335,0
0,0.01,4.141856733015028,Brazil,1,1,soybean,3.656761693954468,Brazil_DUP2_farm6_field360_soybean_2017,Brazil|soybean,173,1,global_raw,4.151673793425984,0.271889400921659,0.46979592970506157,-0.7860405681978118,3.4068408012390137,1,5.471890968241159,6.319650865210007,0
0,0.01,6.680697711308797,Brazil,1,1,corn,4.840037059783936,Brazil_DUP2_farm6_field367_corn_2023,Brazil|corn,174,1,global_raw,5.494967466444293,0.11981566820276497,1.6502584993007867,-0.3547033013878213,4.492310047149658,1,6.815184641259468,7.662944538228316,0
0,0.01,4.141856733015028,Brazil,1,1,soybean,3.656761693954468,Brazil_DUP2_farm6_field370_soybean_2020,Brazil|soybean,175,1,global_raw,4.184641063297618,0.3225806451612903,0.36983524747449814,-0.8384005965129427,4.024662971496582,0,5.504858238112793,6.352618135081641,0
0,0.01,6.680697711308797,Brazil,0,1,corn,4.840037059783936,Brazil_DUP2_farm6_field406_corn_2024,Brazil|corn,177,1,global_raw,6.556520208086994,0.391705069124424,1.3405936655627742,-0.9296289090993415,8.113617897033691,0,7.876737382902169,8.724497279871017,0
0,0.01,4.141856733015028,Brazil,1,1,soybean,3.656761693954468,Brazil_DUP2_farm6_field412_soybean_2022,Brazil|soybean,178,1,global_raw,4.399720843739733,0.5990783410138248,0.26760823023766955,-1.1799995046970626,3.9689199924468994,0,5.719938018554908,6.567697915523755,0
0,0.01,4.141856733015028,Brazil,1,1,soybean,3.656761693954468,Brazil_DUP2_farm6_field422_soybean_2021,Brazil|soybean,180,1,global_raw,4.180721505446864,0.3087557603686636,0.45437950172838837,-0.8321753870598284,3.5491366386413574,1,5.500938680262039,6.348698577230887,0
0,0.01,3.7483099491224374,Brazil,1,1,wheat,3.056740236282349,Brazil_DUP2_farm6_field435_wheat_2022,Brazil|wheat,181,1,global_raw,3.430995706288933,0.15207373271889402,0.43055609918155346,-0.46264824865649135,3.456657886505127,0,4.751212881104108,5.598972778072955,0
0,0.01,4.141856733015028,Brazil,1,1,soybean,3.656761693954468,Brazil_DUP2_farm6_field436_soybean_2017,Brazil|soybean,182,1,global_raw,4.070033129468657,0.21658986175115208,0.48824676619961355,-0.656375373199366,4.504042148590088,0,5.390250304283832,6.2380102012526795,0
0,0.01,6.680697711308797,Brazil,1,1,corn,4.840037059783936,Brazil_DUP2_farm6_field443_corn_2024,Brazil|corn,183,1,global_raw,6.705931662020162,0.4423963133640553,1.4187802582559692,-1.0105485540513781,6.353089809417725,0,8.026148836835336,8.873908733804186,0
0,0.01,6.680697711308797,Brazil,1,1,corn,4.840037059783936,Brazil_DUP2_farm6_field452_corn_2023,Brazil|corn,185,1,global_raw,5.634835575279771,0.1336405529953917,1.3995458108629548,-0.4304543727356867,5.1056013107299805,0,6.955052750094946,7.802812647063794,0
0,0.01,6.680697711308797,Brazil,1,1,corn,4.840037059783936,Brazil_DUP2_farm6_field456_corn_2020,Brazil|corn,186,1,global_raw,9.641042223581564,1.0,1.5651682524701036,-2.6001730325251593,10.590103149414062,0,10.96125939839674,11.809019295365587,0
0,0.01,6.680697711308797,Brazil,1,1,corn,4.840037059783936,Brazil_DUP2_farm6_field464_corn_2020,Brazil|corn,187,1,global_raw,7.808198378176326,0.8755760368663594,2.004028598787241,-1.607524414775558,6.062224864959717,0,9.128415552991502,9.976175449960348,0
0,0.01,4.141856733015028,Brazil,1,1,soybean,3.656761693954468,Brazil_DUP2_farm6_field467_soybean_2020,Brazil|soybean,188,1,global_raw,4.479470912072261,0.6820276497695853,0.3329493901929378,-1.306661974846518,4.711682319641113,0,5.7996880868874365,6.647447983856284,0
0,0.01,4.141856733015028,Brazil,1,1,soybean,3.656761693954468,Brazil_DUP2_farm7_field473_soybean_2018,Brazil|soybean,190,1,global_raw,3.928889450517432,0.1382488479262673,0.5972568547050598,-0.4322049443114472,3.561701536178589,1,5.249106625332607,6.096866522301455,0
0,0.01,4.141856733015028,Brazil,1,1,soybean,3.656761693954468,Brazil_DUP2_farm7_field474_soybean_2017,Brazil|soybean,191,1,global_raw,3.8446412107514583,0.08294930875576037,0.5070297766193678,-0.298398285864369,4.159890651702881,0,5.1648583855666335,6.012618282535481,0
0,0.01,4.141856733015028,Brazil,1,1,soybean,3.656761693954468,Brazil_DUP2_farm8_field493_soybean_2024,Brazil|soybean,193,1,global_raw,3.871948202632311,0.1152073732718894,0.5317903216232267,-0.3417684185338249,3.5804173946380615,1,5.192165377447486,6.039925274416333,0
0,0.01,4.141856733015028,Brazil,1,1,soybean,3.656761693954468,Brazil_DUP2_farm8_field495_soybean_2024,Brazil|soybean,194,1,global_raw,3.7397076151364748,0.027649769585253458,0.47924024329988846,-0.13173826036020742,3.159027576446533,1,5.0599247899516495,5.907684686920497,0
0,0.01,4.141856733015028,Brazil,1,1,soybean,3.656761693954468,Brazil_DUP2_farm8_field498_soybean_2024,Brazil|soybean,195,1,global_raw,3.612701954267154,0.013824884792626729,0.38817213262511097,0.06997756340054308,3.6294262409210205,1,4.932919129082329,5.7806790260511765,0
0,0.01,4.141856733015028,Brazil,1,1,soybean,3.656761693954468,Brazil_DUP2_farm9_field500_soybean_2018,Brazil|soybean,196,1,global_raw,4.22305263710912,0.3640552995391705,0.5817137762602548,-0.8994075012469482,5.121615409851074,0,5.543269811924295,6.391029708893143,0
0,0.01,3.7483099491224374,Brazil,1,1,wheat,3.056740236282349,Brazil_DUP2_farm9_field505_wheat_2019,Brazil|wheat,197,1,global_raw,3.8992340628476905,0.47465437788018433,0.6258443623729285,-1.0414765437028988,4.252683639526367,0,5.219451237662866,6.067211134631713,0
0,0.01,6.680697711308797,Brazil,1,1,corn,4.840037059783936,Brazil_DUP2_farm9_field515_corn_2023,Brazil|corn,198,1,global_raw,6.959158379634153,0.5576036866359447,1.3910589907577813,-1.147693435131643,7.6515960693359375,0,8.279375554449327,9.127135451418177,0
0,0.01,3.7483099491224374,Brazil,1,1,wheat,3.056740236282349,Brazil_DUP2_farm9_field520_wheat_2019,Brazil|wheat,200,1,global_raw,3.8418705722338595,0.4055299539170507,0.6079553399613259,-0.9705647719421677,4.587927341461182,0,5.162087747049035,6.009847644017882,0
0,0.01,6.680697711308797,Brazil,1,1,corn,4.840037059783936,Brazil_DUP2_farm9_field521_corn_2018,Brazil|corn,201,1,global_raw,7.42084797892396,0.7373271889400922,1.8094290065349812,-1.3977395826598662,5.725604057312012,0,8.741065153739136,9.588825050707982,0
0,0.01,4.141856733015028,Brazil,1,1,soybean,3.656761693954468,Brazil_DUP2_farm9_field530_soybean_2017,Brazil|soybean,203,1,global_raw,4.4583450071207,0.6774193548387096,0.38023504179947926,-1.2731089088585366,4.376036643981934,0,5.778562181935875,6.626322078904723,0
0,0.01,3.7483099491224374,Brazil,1,1,wheat,3.056740236282349,Brazil_DUP2_farm9_field533_wheat_2023,Brazil|wheat,204,1,global_raw,3.6402453387676768,0.24423963133640553,0.6452060822204719,-0.721319086511185,3.2547969818115234,0,4.960462513582852,5.8082224105517,0
0,0.01,6.680697711308797,Brazil,1,1,corn,4.840037059783936,Brazil_DUP2_farm9_field539_corn_2018,Brazil|corn,206,1,global_raw,6.771386835516667,0.4792626728110599,1.5516414693930303,-1.0459983757362694,5.541452884674072,0,8.091604010331842,8.93936390730069,0
0,0.01,4.141856733015028,Brazil,1,1,soybean,3.656761693954468,Brazil_DUP2_farm9_field547_soybean_2023,Brazil|soybean,207,1,global_raw,4.171179126885543,0.2903225806451613,0.38269215397432105,-0.8170197732158577,4.292631149291992,0,5.491396301700719,6.339156198669566,0
0,0.01,9.758280831796151,Germany,0,0,wheat,8.544622993469238,Germany_DUP3_farm1_field16_wheat_2016,Germany|wheat,208,1,global_raw,8.791903646092132,0.027649769585253458,1.7787005800386144,-0.1382655446017018,11.02881908416748,0,10.112120820907307,10.959880717876155,0
0,0.01,9.758280831796151,Germany,0,0,wheat,8.544622993469238,Germany_DUP3_farm1_field23_wheat_2017,Germany|wheat,209,1,global_raw,10.927146026361156,0.6912442396313364,1.906649704523575,-1.33217395366256,14.301862716674805,0,12.24736320117633,13.095123098145178,0
0,0.01,4.479201480962228,Germany,0,1,rapeseed,3.4644815921783447,Germany_DUP3_farm1_field25_rapeseed_2017,Germany|rapeseed,210,1,global_raw,4.742117998247093,0.4423963133640553,0.8056059830799492,-1.0044097173762672,6.167816162109375,0,6.0623351730622685,6.910095070031116,0
0,0.01,9.758280831796151,Germany,0,0,wheat,8.544622993469238,Germany_DUP3_farm1_field37_wheat_2017,Germany|wheat,211,1,global_raw,8.510828971816899,0.018433179723502304,1.8699831525218726,0.018895731463342703,12.630252838134766,0,9.831046146632074,10.678806043600922,0
0,0.01,9.758280831796151,Germany,1,1,wheat,8.544622993469238,Germany_DUP3_farm1_field53_wheat_2016,Germany|wheat,212,1,global_raw,9.227053163220708,0.11981566820276497,1.789415749498442,-0.3815768766075427,9.867631912231445,0,10.547270338035883,11.39503023500473,0
0,0.01,4.479201480962228,Germany,1,1,rapeseed,3.4644815921783447,Germany_DUP3_farm1_field54_rapeseed_2019,Germany|rapeseed,213,1,global_raw,4.290736047379983,0.2119815668202765,0.9288952918781798,-0.6495572604912946,3.924856185913086,0,5.610953222195159,6.458713119164006,0
0,0.01,9.758280831796151,Germany,1,1,wheat,8.544622993469238,Germany_DUP3_farm1_field57_wheat_2019,Germany|wheat,214,1,global_raw,8.981522386687129,0.05069124423963134,1.2507404231715091,-0.24428976508545436,8.579115867614746,0,10.301739561502304,11.149499458471151,0
0,0.01,4.479201480962228,Germany,1,1,rapeseed,3.4644815921783447,Germany_DUP3_farm1_field64_rapeseed_2016,Germany|rapeseed,215,1,global_raw,4.694763182948125,0.4055299539170507,1.0758966188331476,-0.9671818828961948,5.263590335845947,0,6.0149803577633,6.862740254732148,0
0,0.01,9.758280831796151,Germany,1,1,wheat,8.544622993469238,Germany_DUP3_farm2_field104_wheat_2021,Germany|wheat,216,1,global_raw,9.002683905143408,0.059907834101382486,1.434089513857229,-0.2561221055573899,9.514748573303223,0,10.322901079958584,11.170660976927431,0
0,0.01,9.758280831796151,Germany,1,1,wheat,8.544622993469238,Germany_DUP3_farm2_field112_wheat_2021,Germany|wheat,217,1,global_raw,9.440144512276932,0.16129032258064516,1.3725534488652826,-0.5007256701530768,10.008923530578613,0,10.760361687092107,11.608121584060955,0
0,0.01,9.758280831796151,Germany,1,1,wheat,8.544622993469238,Germany_DUP3_farm2_field147_wheat_2018,Germany|wheat,218,1,global_raw,10.127413637349397,0.3548387096774194,1.7504715636716734,-0.8850082205998948,10.852078437805176,0,11.447630812164572,12.29539070913342,0
0,0.01,9.758280831796151,Germany,1,1,wheat,8.544622993469238,Germany_DUP3_farm2_field151_wheat_2018,Germany|wheat,219,1,global_raw,9.52764772332757,0.17972350230414746,0.6628299463247992,-0.5496525837712027,9.631241798400879,0,10.847864898142745,11.695624795111593,0
0,0.01,9.758280831796151,Germany,1,1,wheat,8.544622993469238,Germany_DUP3_farm2_field157_wheat_2021,Germany|wheat,220,1,global_raw,9.59641800779199,0.18433179723502305,1.0445867473692878,-0.588105089994516,10.112736701965332,0,10.916635182607164,11.764395079576012,0
0,0.01,9.758280831796151,Germany,1,1,wheat,8.544622993469238,Germany_DUP3_farm2_field159_wheat_2019,Germany|wheat,221,1,global_raw,9.196178567637498,0.11981566820276497,1.1234527631404236,-0.36431352532069555,7.64957857131958,1,10.516395742452673,11.36415563942152,0
0,0.01,4.479201480962228,Germany,1,1,rapeseed,3.4644815921783447,Germany_DUP3_farm2_field178_rapeseed_2017,Germany|rapeseed,222,1,global_raw,4.435136227093123,0.2626728110599078,0.9132456191927059,-0.7630769934965799,4.423279762268066,0,5.755353401908298,6.603113298877146,0
0,0.01,4.479201480962228,Germany,1,1,rapeseed,3.4644815921783447,Germany_DUP3_farm2_field179_rapeseed_2017,Germany|rapeseed,223,1,global_raw,4.644331398277837,0.3870967741935484,0.8757054207763497,-0.9275350989231812,4.636385440826416,0,5.964548573093012,6.8123084700618595,0
0,0.01,9.758280831796151,Germany,1,1,wheat,8.544622993469238,Germany_DUP3_farm2_field194_wheat_2017,Germany|wheat,224,1,global_raw,9.797683345525268,0.22580645161290322,1.3146914730392747,-0.7006414378080886,8.748379707336426,0,11.117900520340443,11.96566041730929,0
0,0.01,4.479201480962228,Germany,1,1,rapeseed,3.4644815921783447,Germany_DUP3_farm2_field197_rapeseed_2017,Germany|rapeseed,225,1,global_raw,4.561368152804357,0.3456221198156682,0.9981896436740075,-0.8623138125362056,3.209768295288086,1,5.881585327619532,6.729345224588379,0
0,0.01,9.758280831796151,Germany,1,1,wheat,8.544622993469238,Germany_DUP3_farm2_field202_wheat_2022,Germany|wheat,226,1,global_raw,9.264457855827402,0.12903225806451613,1.1267356752013928,-0.4024914938210893,9.567559242248535,0,10.584675030642577,11.432434927611425,0
0,0.01,9.758280831796151,Germany,1,1,wheat,8.544622993469238,Germany_DUP3_farm2_field208_wheat_2022,Germany|wheat,227,1,global_raw,9.725113917837747,0.21658986175115208,1.5885553854900254,-0.6600646626571811,9.409064292907715,0,11.045331092652923,11.89309098962177,0
0,0.01,9.758280831796151,Germany,1,1,wheat,8.544622993469238,Germany_DUP3_farm2_field209_wheat_2022,Germany|wheat,228,1,global_raw,9.298489203023392,0.1336405529953917,1.2805932599152399,-0.4215199244875146,8.686691284179688,0,10.618706377838567,11.466466274807415,0
0,0.01,9.758280831796151,Germany,1,1,wheat,8.544622993469238,Germany_DUP3_farm2_field219_wheat_2022,Germany|wheat,229,1,global_raw,9.095921356834767,0.09216589861751152,1.0848941703846882,-0.3082552866155952,5.437195301055908,1,10.416138531649942,11.26389842861879,0
0,0.01,9.758280831796151,Germany,1,1,wheat,8.544622993469238,Germany_DUP3_farm2_field79_wheat_2019,Germany|wheat,230,1,global_raw,9.970546896077183,0.271889400921659,1.0896565333902122,-0.7972970908295715,11.206942558288574,0,11.290764070892358,12.138523967861206,0
0,0.01,9.758280831796151,Germany,1,1,wheat,8.544622993469238,Germany_DUP3_farm2_field86_wheat_2018,Germany|wheat,231,1,global_raw,9.681593307293086,0.20276497695852536,0.8503743201772264,-0.6357303653535714,9.91884994506836,0,11.001810482108262,11.84957037907711,0
0,0.01,9.758280831796151,Germany,1,1,wheat,8.544622993469238,Germany_DUP3_farm2_field97_wheat_2021,Germany|wheat,232,1,global_raw,10.371149356739837,0.45161290322580644,2.1265060482919957,-1.021291636317824,5.407424449920654,1,11.691366531555012,12.53912642852386,0
0,0.01,9.758280831796151,Germany,0,1,wheat,8.544622993469238,Germany_DUP3_farm2_field98_wheat_2016,Germany|wheat,233,1,global_raw,10.375468950421341,0.45622119815668205,1.8906725008370817,-1.0237069121046527,12.055842399597168,0,11.695686125236517,12.543446022205364,0
0,0.01,4.479201480962228,Germany,1,1,rapeseed,3.4644815921783447,Germany_DUP3_farm3_field225_rapeseed_2019,Germany|rapeseed,234,1,global_raw,4.310676121483193,0.21658986175115208,1.0352390875715858,-0.6652330850837483,2.6462926864624023,1,5.630893296298368,6.478653193267216,0
0,0.01,9.758280831796151,Germany,1,1,wheat,8.544622993469238,Germany_DUP3_farm3_field235_wheat_2016,Germany|wheat,235,1,global_raw,9.703741899677897,0.2119815668202765,1.8194511876664938,-0.6481146224952621,8.788702011108398,0,11.023959074493073,11.87171897146192,0
0,0.01,9.758280831796151,Germany,1,1,wheat,8.544622993469238,Germany_DUP3_farm3_field239_wheat_2017,Germany|wheat,236,1,global_raw,9.539469355305272,0.17972350230414746,2.012310437792359,-0.5562625808176375,7.893531799316406,1,10.859686530120447,11.707446427089295,0
0,0.01,4.479201480962228,Germany,1,1,rapeseed,3.4644815921783447,Germany_DUP3_farm4_field242_rapeseed_2018,Germany|rapeseed,237,1,global_raw,4.798397941654809,0.4838709677419355,0.9827318093568808,-1.0486540123756805,4.3051557540893555,0,6.118615116469984,6.966375013438832,0
0,0.01,4.479201480962228,Germany,1,1,rapeseed,3.4644815921783447,Germany_DUP3_farm4_field243_rapeseed_2018,Germany|rapeseed,238,1,global_raw,4.5302157873290145,0.31797235023041476,1.1059167546918782,-0.8378234814419562,2.9068593978881836,1,5.85043296214419,6.698192859113037,0
0,0.01,4.479201480962228,Germany,1,1,rapeseed,3.4644815921783447,Germany_DUP3_farm4_field248_rapeseed_2020,Germany|rapeseed,239,1,global_raw,4.382413609665855,0.24423963133640553,0.9310818414930673,-0.7216292787806222,5.0099263191223145,0,5.7026307844810304,6.550390681449878,0
0,0.01,4.479201480962228,Germany,1,1,rapeseed,3.4644815921783447,Germany_DUP3_farm4_field260_rapeseed_2018,Germany|rapeseed,240,1,global_raw,4.758104785172427,0.4470046082949309,1.1892434216821053,-1.016977678073972,4.232450485229492,0,6.078321959987602,6.92608185695645,0
0,0.01,4.479201480962228,Germany,1,1,rapeseed,3.4644815921783447,Germany_DUP3_farm5_field267_rapeseed_2020,Germany|rapeseed,241,1,global_raw,4.320577146893062,0.21658986175115208,1.2330391490276917,-0.6730167441016229,3.976979970932007,0,5.6407943217082375,6.488554218677085,0
0,0.01,4.479201480962228,Germany,1,1,rapeseed,3.4644815921783447,Germany_DUP3_farm5_field269_rapeseed_2017,Germany|rapeseed,242,1,global_raw,4.278436367266956,0.20276497695852536,1.4487873941087874,-0.6398879068571434,2.265892505645752,1,5.598653542082131,6.446413439050978,0
0,0.01,4.479201480962228,Germany,1,1,rapeseed,3.4644815921783447,Germany_DUP3_farm6_field285_rapeseed_2020,Germany|rapeseed,243,1,global_raw,4.282046431727425,0.20276497695852536,0.9490080568054964,-0.6427259473256417,3.847475051879883,0,5.6022636065426,6.4500235035114475,0
0,0.01,9.758280831796151,Germany,1,1,wheat,8.544622993469238,Germany_DUP3_farm6_field289_wheat_2021,Germany|wheat,244,1,global_raw,9.971384696705503,0.271889400921659,1.831381882317799,-0.7977655421981422,5.549441814422607,1,11.291601871520678,12.139361768489525,0
0,0.01,4.479201480962228,Germany,1,1,rapeseed,3.4644815921783447,Germany_DUP3_farm6_field290_rapeseed_2021,Germany|rapeseed,245,1,global_raw,4.48107627010516,0.271889400921659,1.127312165887584,-0.7991926093312551,2.0372815132141113,1,5.8012934449203355,6.649053341889183,0
0,0.01,4.479201480962228,Germany,1,1,rapeseed,3.4644815921783447,Germany_DUP3_farm6_field293_rapeseed_2016,Germany|rapeseed,246,1,global_raw,4.065370804711024,0.15668202764976957,1.277220509202319,-0.47238710580537413,4.694138050079346,0,5.385587979526199,6.2333478764950465,0
0,0.01,2.4098708967710363,Uruguay,1,1,soybean,1.3531898975372314,Uruguay_DUP4_farm10_field293_soybean_2019,Uruguay|soybean,247,1,global_raw,3.2856511938133726,0.9539170506912442,0.7661027572064335,-1.7757349965043718,4.143353462219238,0,4.605868368628547,5.453628265597395,0
0,0.01,2.4098708967710363,Uruguay,1,1,soybean,1.3531898975372314,Uruguay_DUP4_farm10_field294_soybean_2019,Uruguay|soybean,248,1,global_raw,3.255874946383305,0.9447004608294931,0.7759173964372735,-1.748373659577193,3.4914588928222656,0,4.57609212119848,5.423852018167327,0
0,0.01,2.4098708967710363,Uruguay,1,1,soybean,1.3531898975372314,Uruguay_DUP4_farm10_field295_soybean_2019,Uruguay|soybean,249,1,global_raw,3.084295976450123,0.8571428571428571,0.7216963681233021,-1.590710071612125,2.309270143508911,0,4.404513151265299,5.252273048234146,0
0,0.01,2.4098708967710363,Uruguay,1,1,soybean,1.3531898975372314,Uruguay_DUP4_farm10_field304_soybean_2019,Uruguay|soybean,250,1,global_raw,3.399442001889085,0.9861751152073732,0.6135402506720367,-1.8802971528435073,4.0083465576171875,0,4.71965917670426,5.567419073673108,0
0,0.01,2.4098708967710363,Uruguay,1,1,soybean,1.3531898975372314,Uruguay_DUP4_farm10_field316_soybean_2019,Uruguay|soybean,251,1,global_raw,3.406977724906241,0.9861751152073732,0.5689579241443998,-1.8872217143399337,3.356281280517578,0,4.727194899721416,5.574954796690264,0
0,0.01,2.4098708967710363,Uruguay,1,1,soybean,1.3531898975372314,Uruguay_DUP4_farm10_field321_soybean_2019,Uruguay|soybean,252,1,global_raw,3.4588540178565625,0.9907834101382489,0.8724345476572398,-1.934890740911546,3.085536241531372,0,4.779071192671738,5.626831089640586,0
0,0.01,2.4098708967710363,Uruguay,1,1,soybean,1.3531898975372314,Uruguay_DUP4_farm10_field325_soybean_2019,Uruguay|soybean,253,1,global_raw,3.3249175598800926,0.9723502304147466,0.49295165600456786,-1.8118167853322205,3.619173049926758,0,4.645134734695268,5.492894631664115,0
0,0.01,2.4098708967710363,Uruguay,1,1,soybean,1.3531898975372314,Uruguay_DUP4_farm10_field340_soybean_2021,Uruguay|soybean,254,1,global_raw,2.0659444570877006,0.21658986175115208,0.7017108848899375,-0.6549488042791669,1.3346002101898193,1,3.386161631902876,4.233921528871724,0
0,0.01,2.4098708967710363,Uruguay,1,1,soybean,1.3531898975372314,Uruguay_DUP4_farm10_field344_soybean_2021,Uruguay|soybean,255,1,global_raw,2.5720440727491307,0.5345622119815668,0.8409728084540031,-1.1200027750775519,2.9431731700897217,0,3.892261247564306,4.740021144533154,0
0,0.01,2.4098708967710363,Uruguay,1,1,soybean,1.3531898975372314,Uruguay_DUP4_farm10_field347_soybean_2019,Uruguay|soybean,256,1,global_raw,3.123704729602251,0.8894009216589862,0.47994679447338146,-1.6269226996609696,2.9836575984954834,0,4.443921904417426,5.291681801386273,0
0,0.01,2.4098708967710363,Uruguay,1,1,soybean,1.3531898975372314,Uruguay_DUP4_farm10_field362_soybean_2019,Uruguay|soybean,257,1,global_raw,3.4489749488640213,0.9907834101382489,0.864191547697931,-1.9258128832712706,4.231245040893555,0,4.769192123679197,5.6169520206480446,0
1,0.01,2.4098708967710363,Uruguay,1,1,soybean,1.3531898975372314,Uruguay_DUP4_farm10_field366_soybean_2018,Uruguay|soybean,258,1,global_raw,1.4200102604882716,0.018433179723502304,0.645091599632615,-0.061401103970328046,1.033884882926941,1,2.7402274353034466,3.587987332272294,0
0,0.01,2.4098708967710363,Uruguay,1,1,soybean,1.3531898975372314,Uruguay_DUP4_farm10_field367_soybean_2019,Uruguay|soybean,259,1,global_raw,3.0197870614365288,0.8110599078341014,0.667092337640103,-1.53143295273947,2.9317121505737305,0,4.340004236251704,5.1877641332205515,0
0,0.01,2.4098708967710363,Uruguay,1,1,soybean,1.3531898975372314,Uruguay_DUP4_farm10_field370_soybean_2018,Uruguay|soybean,260,1,global_raw,1.4951567548512703,0.027649769585253458,0.5444431567496617,-0.13045307420235033,0.8652379512786865,1,2.8153739296664453,3.663133826635293,0
0,0.01,2.4098708967710363,Uruguay,1,1,soybean,1.3531898975372314,Uruguay_DUP4_farm10_field373_soybean_2018,Uruguay|soybean,261,1,global_raw,1.591194097458318,0.04608294930875576,0.476171930987643,-0.21870160500979274,1.5125861167907715,0,2.9114112722734933,3.759171169242341,0
0,0.01,2.4098708967710363,Uruguay,1,1,soybean,1.3531898975372314,Uruguay_DUP4_farm10_field376_soybean_2018,Uruguay|soybean,262,1,global_raw,1.6679262599341949,0.08294930875576037,0.494501117207926,-0.28921064264404683,1.0615953207015991,1,2.98814343474937,3.8359033317182174,0
0,0.01,2.4098708967710363,Uruguay,1,1,soybean,1.3531898975372314,Uruguay_DUP4_farm10_field377_soybean_2019,Uruguay|soybean,263,1,global_raw,3.191601033891827,0.9078341013824884,0.5372263254789108,-1.6893124840735425,3.425407886505127,0,4.511818208707002,5.359578105675849,0
0,0.01,2.4098708967710363,Uruguay,1,1,soybean,1.3531898975372314,Uruguay_DUP4_farm10_field422_soybean_2018,Uruguay|soybean,264,1,global_raw,1.8244544195878787,0.1382488479262673,0.9334926127068983,-0.43304406977197196,0.6888680458068848,1,3.1446715944030537,3.9924314913719012,0
1,0.01,2.4098708967710363,Uruguay,1,1,soybean,1.3531898975372314,Uruguay_DUP4_farm10_field427_soybean_2018,Uruguay|soybean,265,1,global_raw,1.4461601712378638,0.02304147465437788,0.5755157464960492,-0.08543020704369757,1.5064901113510132,0,2.766377346053039,3.6141372430218865,0
0,0.01,2.4098708967710363,Uruguay,0,1,soybean,1.3531898975372314,Uruguay_DUP4_farm10_field449_soybean_2018,Uruguay|soybean,266,1,global_raw,1.8941519649903928,0.16129032258064516,0.5683189932825958,-0.4970890112050506,3.7536041736602783,0,3.214369139805568,4.062129036774415,0
0,0.01,2.4098708967710363,Uruguay,1,1,soybean,1.3531898975372314,Uruguay_DUP4_farm10_field466_soybean_2018,Uruguay|soybean,267,1,global_raw,2.220692587414671,0.271889400921659,0.8141859510067487,-0.7971465658564595,2.0693092346191406,0,3.540909762229846,4.388669659198694,0
1,0.01,2.4098708967710363,Uruguay,1,1,soybean,1.3531898975372314,Uruguay_DUP4_farm10_field475_soybean_2018,Uruguay|soybean,268,1,global_raw,1.1780980827700929,0.009216589861751152,0.6376468328239273,0.16089153437774212,1.376645565032959,0,2.498315257585268,3.3460751545541156,1
0,0.01,2.4098708967710363,Uruguay,1,1,soybean,1.3531898975372314,Uruguay_DUP4_farm10_field476_soybean_2018,Uruguay|soybean,269,1,global_raw,1.5182630437602604,0.03225806451612903,0.7787801122654079,-0.15168539897599562,0.9442515969276428,1,2.8384802185754356,3.686240115544283,0
1,0.01,2.4098708967710363,Uruguay,1,1,soybean,1.3531898975372314,Uruguay_DUP4_farm10_field481_soybean_2018,Uruguay|soybean,270,1,global_raw,1.415703893941267,0.018433179723502304,0.7638015616944144,-0.05744399197019246,0.8724110126495361,1,2.735921068756442,3.5836809657252897,0
0,0.01,2.4098708967710363,Uruguay,1,1,soybean,1.3531898975372314,Uruguay_DUP4_farm10_field495_soybean_2022,Uruguay|soybean,271,1,global_raw,3.458269019699451,0.9907834101382489,0.47543308307891474,-1.9343531872216089,2.9788596630096436,0,4.778486194514626,5.626246091483473,0
0,0.01,2.4098708967710363,Uruguay,1,1,soybean,1.3531898975372314,Uruguay_DUP4_farm10_field516_soybean_2022,Uruguay|soybean,272,1,global_raw,2.8122017279740232,0.7050691244239631,0.6245400327791825,-1.3406831860555388,2.944268226623535,0,4.132418902789198,4.980178799758046,0
0,0.01,2.4098708967710363,Uruguay,1,1,soybean,1.3531898975372314,Uruguay_DUP4_farm10_field520_soybean_2022,Uruguay|soybean,273,1,global_raw,3.474712069341349,0.9953917050691244,0.601918984372527,-1.9494626741513816,3.4828546047210693,0,4.794929244156524,5.642689141125372,0
0,0.01,2.4098708967710363,Uruguay,1,1,soybean,1.3531898975372314,Uruguay_DUP4_farm10_field522_soybean_2022,Uruguay|soybean,274,1,global_raw,3.3897236466053062,0.9861751152073732,0.5664658441244452,-1.8713669747234467,3.2485532760620117,0,4.709940821420481,5.557700718389329,0
0,0.01,2.4098708967710363,Uruguay,1,1,soybean,1.3531898975372314,Uruguay_DUP4_farm10_field527_soybean_2022,Uruguay|soybean,275,1,global_raw,3.7981822983202393,1.0,0.4428420661457177,-2.24669885012653,3.5540645122528076,0,5.1183994731354145,5.966159370104262,0
0,0.01,2.4098708967710363,Uruguay,1,1,soybean,1.3531898975372314,Uruguay_DUP4_farm10_field529_soybean_2022,Uruguay|soybean,276,1,global_raw,2.8780338585335503,0.7373271889400922,0.6430395736626732,-1.401176205167624,2.4156973361968994,0,4.1982510333487255,5.046010930317573,0
0,0.01,2.4098708967710363,Uruguay,1,1,soybean,1.3531898975372314,Uruguay_DUP4_farm10_field531_soybean_2022,Uruguay|soybean,277,1,global_raw,3.040286194434944,0.8294930875576036,0.6071048052330513,-1.5502695669233757,3.0858843326568604,0,4.36050336925012,5.208263266218967,0
0,0.01,2.4098708967710363,Uruguay,1,1,soybean,1.3531898975372314,Uruguay_DUP4_farm10_field543_soybean_2022,Uruguay|soybean,278,1,global_raw,2.9700213212374496,0.783410138248848,0.6513041189989845,-1.4857033090623935,2.389759063720703,0,4.290238496052625,5.137998393021473,0
0,0.01,2.4098708967710363,Uruguay,1,1,soybean,1.3531898975372314,Uruguay_DUP4_farm10_field547_soybean_2022,Uruguay|soybean,279,1,global_raw,3.313828444354878,0.9631336405529954,0.5515723047502818,-1.8016270182427843,2.017805576324463,0,4.6340456191700525,5.4818055161389,0
0,0.01,2.4098708967710363,Uruguay,1,1,soybean,1.3531898975372314,Uruguay_DUP4_farm10_field556_soybean_2022,Uruguay|soybean,280,1,global_raw,3.2441751232123908,0.9447004608294931,0.49197498869748985,-1.7376227143978302,2.9100286960601807,0,4.564392298027566,5.4121521949964135,0
0,0.01,2.4098708967710363,Uruguay,1,1,soybean,1.3531898975372314,Uruguay_DUP4_farm10_field565_soybean_2019,Uruguay|soybean,281,1,global_raw,3.4061909485717208,0.9861751152073732,0.829051186958528,-1.8864987470679264,3.5225167274475098,0,4.726408123386896,5.574168020355744,0
0,0.01,2.4098708967710363,Uruguay,1,1,soybean,1.3531898975372314,Uruguay_DUP4_farm10_field571_soybean_2019,Uruguay|soybean,282,1,global_raw,3.350835988361904,0.9815668202764977,0.6875003494112268,-1.835633179791575,3.1741459369659424,0,4.6710531631770795,5.518813060145927,0
0,0.01,2.4098708967710363,Uruguay,1,1,soybean,1.3531898975372314,Uruguay_DUP4_farm2_field15_soybean_2021,Uruguay|soybean,283,1,global_raw,2.1713583422906986,0.2626728110599078,0.5639082883771995,-0.7518134221802695,1.2272579669952393,1,3.4915755171058738,4.339335414074721,0
0,0.01,2.4098708967710363,Uruguay,1,1,soybean,1.3531898975372314,Uruguay_DUP4_farm2_field17_soybean_2021,Uruguay|soybean,284,1,global_raw,2.5559318105566065,0.5345622119815668,0.7130528842365328,-1.1051972481036076,2.7164363861083984,0,3.8761489853717817,4.723908882340629,0
0,0.01,2.4098708967710363,Uruguay,1,1,soybean,1.3531898975372314,Uruguay_DUP4_farm2_field25_soybean_2021,Uruguay|soybean,285,1,global_raw,2.3518798556661267,0.3778801843317972,0.5193675908215408,-0.9176942962450679,2.851531505584717,0,3.672097030481302,4.519856927450149,0
0,0.01,2.4098708967710363,Uruguay,1,1,soybean,1.3531898975372314,Uruguay_DUP4_farm2_field34_soybean_2018,Uruguay|soybean,286,1,global_raw,1.5991494933707204,0.04608294930875576,0.6039237109449521,-0.2260118031285974,1.4441769123077393,0,2.9193666681858956,3.767126565154743,0
0,0.01,2.4098708967710363,Uruguay,1,1,soybean,1.3531898975372314,Uruguay_DUP4_farm2_field46_soybean_2018,Uruguay|soybean,287,1,global_raw,1.4871478109447924,0.02304147465437788,0.5944810660727938,-0.12309367093400099,1.439924955368042,0,2.8073649857599676,3.655124882728815,0
0,0.01,2.4098708967710363,Uruguay,1,1,soybean,1.3531898975372314,Uruguay_DUP4_farm2_field7_soybean_2019,Uruguay|soybean,288,1,global_raw,2.922762897841162,0.7649769585253456,0.6495195145082825,-1.4422776340094856,3.214998483657837,0,4.242980072656337,5.090739969625185,0
0,0.01,2.4098708967710363,Uruguay,1,1,soybean,1.3531898975372314,Uruguay_DUP4_farm3_field60_soybean_2019,Uruguay|soybean,289,1,global_raw,3.208124364714485,0.9216589861751152,0.8011228331481711,-1.704495741227077,2.8881032466888428,0,4.52834153952966,5.376101436498508,0
0,0.01,2.4098708967710363,Uruguay,1,1,soybean,1.3531898975372314,Uruguay_DUP4_farm3_field61_soybean_2021,Uruguay|soybean,290,1,global_raw,1.9584097017202793,0.17972350230414746,0.5707808194197961,-0.5561353228322505,1.4906071424484253,0,3.2786268765354545,4.1263867735043025,0
0,0.01,2.4098708967710363,Uruguay,1,1,soybean,1.3531898975372314,Uruguay_DUP4_farm3_field62_soybean_2021,Uruguay|soybean,291,1,global_raw,2.2252002223190135,0.2764976958525346,0.503872360655287,-0.8012886229659759,1.634704828262329,0,3.5454173971341887,4.393177294103037,0
0,0.01,2.4098708967710363,Uruguay,0,1,soybean,1.3531898975372314,Uruguay_DUP4_farm3_field68_soybean_2019,Uruguay|soybean,292,1,global_raw,2.9721957326304,0.783410138248848,0.8048492213109907,-1.4877013715409024,4.682563304901123,0,4.292412907445575,5.140172804414423,0
0,0.01,2.4098708967710363,Uruguay,1,1,soybean,1.3531898975372314,Uruguay_DUP4_farm3_field72_soybean_2019,Uruguay|soybean,293,1,global_raw,3.183520990865605,0.9032258064516129,0.8458304245387878,-1.6818877479597727,2.4297561645507812,0,4.50373816568078,5.351498062649627,0
0,0.01,2.4098708967710363,Uruguay,1,1,soybean,1.3531898975372314,Uruguay_DUP4_farm4_field100_soybean_2021,Uruguay|soybean,294,1,global_raw,2.2834195707609646,0.33640552995391704,0.6878627157391233,-0.8547862711213478,1.8733887672424316,0,3.6036367455761398,4.451396642544987,0
0,0.01,2.4098708967710363,Uruguay,1,1,soybean,1.3531898975372314,Uruguay_DUP4_farm4_field105_soybean_2018,Uruguay|soybean,295,1,global_raw,1.9186875738340192,0.17050691244239632,0.7111490978598909,-0.5196347353383757,1.0132498741149902,1,3.2389047486491944,4.0866646456180415,0
0,0.01,2.4098708967710363,Uruguay,1,1,soybean,1.3531898975372314,Uruguay_DUP4_farm4_field109_soybean_2018,Uruguay|soybean,296,1,global_raw,1.5661448845750825,0.03225806451612903,0.5685432692761858,-0.195683931104828,1.3927936553955078,0,2.8863620593902577,3.7341219563591053,0
0,0.01,2.4098708967710363,Uruguay,1,1,soybean,1.3531898975372314,Uruguay_DUP4_farm4_field125_soybean_2018,Uruguay|soybean,297,1,global_raw,1.9324102323629457,0.17511520737327188,0.6782392323879567,-0.5322444600670679,2.7570090293884277,0,3.252627407178121,4.1003873041469685,0
0,0.01,2.4098708967710363,Uruguay,1,1,soybean,1.3531898975372314,Uruguay_DUP4_farm4_field142_soybean_2018,Uruguay|soybean,298,1,global_raw,2.004896134162724,0.18433179723502305,0.6865647025574446,-0.5988516168712333,1.0559509992599487,1,3.3251133089778993,4.172873205946747,0
0,0.01,2.4098708967710363,Uruguay,1,1,soybean,1.3531898975372314,Uruguay_DUP4_farm4_field154_soybean_2022,Uruguay|soybean,299,1,global_raw,3.2193533671569954,0.9400921658986175,0.9690234539098246,-1.7148140501378026,1.8029600381851196,0,4.539570541972171,5.387330438941018,0
0,0.01,2.4098708967710363,Uruguay,1,1,soybean,1.3531898975372314,Uruguay_DUP4_farm4_field156_soybean_2022,Uruguay|soybean,300,1,global_raw,2.391880871680243,0.4009216589861751,0.9142662730614555,-0.9544511535072939,2.666659116744995,0,3.7120980464954183,4.559857943464266,0
0,0.01,2.4098708967710363,Uruguay,1,1,soybean,1.3531898975372314,Uruguay_DUP4_farm4_field158_soybean_2019,Uruguay|soybean,301,1,global_raw,2.455834536449318,0.4423963133640553,0.6032464517612157,-1.0132180539901108,3.4754719734191895,0,3.7760517112644933,4.623811608233341,0
0,0.01,2.4098708967710363,Uruguay,1,1,soybean,1.3531898975372314,Uruguay_DUP4_farm4_field160_soybean_2019,Uruguay|soybean,302,1,global_raw,3.2207039410468585,0.9400921658986175,0.7881900216032046,-1.7160550899072493,3.3496956825256348,0,4.540921115862034,5.388681012830881,0
0,0.01,2.4098708967710363,Uruguay,1,1,soybean,1.3531898975372314,Uruguay_DUP4_farm4_field161_soybean_2019,Uruguay|soybean,303,1,global_raw,3.5313421360109016,1.0,0.7013120207688636,-2.001499934319686,2.4216034412384033,0,4.851559310826077,5.699319207794924,0
0,0.01,2.4098708967710363,Uruguay,1,1,soybean,1.3531898975372314,Uruguay_DUP4_farm4_field167_soybean_2019,Uruguay|soybean,304,1,global_raw,3.2289601601796245,0.9400921658986175,0.7126348208218773,-1.7236417139090408,3.7919440269470215,0,4.5491773349948,5.396937231963648,0
0,0.01,2.4098708967710363,Uruguay,1,1,soybean,1.3531898975372314,Uruguay_DUP4_farm4_field93_soybean_2021,Uruguay|soybean,305,1,global_raw,1.8606867262280753,0.15207373271889402,0.49937194791571915,-0.46633786718414066,1.318647861480713,1,3.1809039010432505,4.028663798012098,0
0,0.01,2.4098708967710363,Uruguay,1,1,soybean,1.3531898975372314,Uruguay_DUP4_farm5_field170_soybean_2018,Uruguay|soybean,306,1,global_raw,2.076958195644328,0.21658986175115208,0.7325713365536898,-0.6650693076160463,1.5554298162460327,0,3.3971753704595034,4.244935267428351,0
0,0.01,2.4098708967710363,Uruguay,1,1,soybean,1.3531898975372314,Uruguay_DUP4_farm5_field172_soybean_2018,Uruguay|soybean,307,1,global_raw,2.058780072053434,0.2119815668202765,0.6813084075143604,-0.6483654645464152,1.706803560256958,0,3.378997246868609,4.226757143837457,0
0,0.01,2.4098708967710363,Uruguay,1,1,soybean,1.3531898975372314,Uruguay_DUP4_farm7_field195_soybean_2018,Uruguay|soybean,308,1,global_raw,2.271427446389562,0.3225806451612903,0.6953418694890666,-0.8437667309267949,1.1745525598526,1,3.591644621204737,4.439404518173585,0
0,0.01,2.4098708967710363,Uruguay,1,1,soybean,1.3531898975372314,Uruguay_DUP4_farm7_field196_soybean_2018,Uruguay|soybean,309,1,global_raw,2.2722238282166463,0.3271889400921659,0.7975327938779387,-0.8444985246675849,1.3717516660690308,0,3.5924410030318215,4.440200900000669,0
0,0.01,2.4098708967710363,Uruguay,1,1,soybean,1.3531898975372314,Uruguay_DUP4_farm7_field214_soybean_2018,Uruguay|soybean,310,1,global_raw,2.3254990310974573,0.3548387096774194,0.7190858923221618,-0.893453006904112,1.546582818031311,0,3.6457162059126325,4.4934761028814805,0
0,0.01,2.4098708967710363,Uruguay,1,1,soybean,1.3531898975372314,Uruguay_DUP4_farm7_field215_soybean_2018,Uruguay|soybean,311,1,global_raw,2.41626510734135,0.41935483870967744,0.8536060356104813,-0.9768577811121401,1.3415247201919556,1,3.7364822821565253,4.584242179125373,0
0,0.01,2.4098708967710363,Uruguay,0,1,soybean,1.3531898975372314,Uruguay_DUP4_farm7_field220_soybean_2018,Uruguay|soybean,312,1,global_raw,2.249698346513594,0.2995391705069124,0.6453829583919433,-0.8237999025268424,4.3407158851623535,0,3.569915521328769,4.417675418297616,0
0,0.01,2.4098708967710363,Uruguay,1,1,soybean,1.3531898975372314,Uruguay_DUP4_farm7_field227_soybean_2019,Uruguay|soybean,313,1,global_raw,2.766020241410712,0.6820276497695853,0.9517845987938829,-1.2982471062028174,1.4281818866729736,0,4.086237416225887,4.933997313194735,0
0,0.01,2.4098708967710363,Uruguay,1,1,soybean,1.3531898975372314,Uruguay_DUP4_farm8_field235_soybean_2019,Uruguay|soybean,314,1,global_raw,3.4645079935618357,0.9953917050691244,0.82345441211273,-1.9400861683949242,3.1691694259643555,0,4.784725168377011,5.6324850653458585,0
0,0.01,2.4098708967710363,Uruguay,1,1,soybean,1.3531898975372314,Uruguay_DUP4_farm8_field237_soybean_2019,Uruguay|soybean,315,1,global_raw,3.013486390636154,0.8110599078341014,0.4970251584599911,-1.525643278367601,2.632322311401367,0,4.333703565451329,5.181463462420177,0
0,0.01,2.4098708967710363,Uruguay,1,1,soybean,1.3531898975372314,Uruguay_DUP4_farm8_field244_soybean_2021,Uruguay|soybean,316,1,global_raw,1.9026343564357788,0.16129032258064516,0.5651334080282077,-0.5048834645131953,1.0388771295547485,1,3.222851531250954,4.070611428219801,0
0,0.01,2.4098708967710363,Uruguay,1,1,soybean,1.3531898975372314,Uruguay_DUP4_farm8_field247_soybean_2019,Uruguay|soybean,317,1,global_raw,3.7631339182682937,1.0,0.5664527946595752,-2.21449296059645,4.370770454406738,0,5.083351093083468,5.931110990052316,0
0,0.01,2.4098708967710363,Uruguay,1,1,soybean,1.3531898975372314,Uruguay_DUP4_farm8_field253_soybean_2019,Uruguay|soybean,318,1,global_raw,2.3373787660187895,0.3686635944700461,0.6252386876382036,-0.904369272647522,2.2729666233062744,0,3.6575959408339647,4.505355837802812,0
0,0.01,2.4098708967710363,Uruguay,1,1,soybean,1.3531898975372314,Uruguay_DUP4_farm8_field256_soybean_2019,Uruguay|soybean,319,1,global_raw,2.7246833593251165,0.6682027649769585,0.7519405998129401,-1.2602627241573838,2.3242099285125732,0,4.044900534140291,4.892660431109139,0
0,0.01,2.4098708967710363,Uruguay,1,1,soybean,1.3531898975372314,Uruguay_DUP4_farm9_field273_soybean_2018,Uruguay|soybean,320,1,global_raw,2.03975998043914,0.19815668202764977,0.5051812374404158,-0.6308879386672142,2.2505991458892822,0,3.3599771552543154,4.2077370522231625,0
0,0.01,2.4098708967710363,Uruguay,1,1,soybean,1.3531898975372314,Uruguay_DUP4_farm9_field275_soybean_2018,Uruguay|soybean,321,1,global_raw,1.995236809151872,0.18433179723502305,0.535632376261376,-0.5899756815562892,2.121896743774414,0,3.315453983967047,4.163213880935895,0
0,0.015,3.512830210273916,Argentina,1,1,soybean,2.4290585041046144,Argentina_DUP1_farm11_field106_soybean_2024,Argentina|soybean,0,2,hierarchy_power50,4.714881942445493,0.9587155963302753,0.684020060742009,-1.840270393837454,4.702147960662842,0,6.0528201394576175,7.044429080227148,0
0,0.015,3.512830210273916,Argentina,1,1,soybean,2.4290585041046144,Argentina_DUP1_farm15_field126_soybean_2018,Argentina|soybean,1,2,hierarchy_power50,4.344884951246255,0.8119266055045872,0.8409177183125769,-1.5423932711813357,4.222414970397949,0,5.828353642413672,6.927822078846955,0
0,0.015,3.512830210273916,Argentina,1,1,soybean,2.4290585041046144,Argentina_DUP1_farm15_field129_soybean_2018,Argentina|soybean,2,2,hierarchy_power50,3.9806277417439384,0.6513761467889908,0.9337518453606062,-1.2491371311202701,4.296286106109619,0,5.543837904523231,6.702406496985424,0
0,0.015,3.512830210273916,Argentina,1,1,soybean,2.4290585041046144,Argentina_DUP1_farm15_field130_soybean_2018,Argentina|soybean,3,2,hierarchy_power50,3.189992517439334,0.22018348623853212,1.2183691623316382,-0.6126126423046033,4.455828666687012,0,4.975620908033797,6.299034112739045,0
0,0.015,3.512830210273916,Argentina,1,1,soybean,2.4290585041046144,Argentina_DUP1_farm15_field132_soybean_2019,Argentina|soybean,4,2,hierarchy_power50,4.168837485366558,0.7385321100917431,0.8745516601773577,-1.400661003529174,5.250401020050049,0,5.681682253046212,6.802922681772797,0
0,0.015,3.512830210273916,Argentina,1,1,soybean,2.4290585041046144,Argentina_DUP1_farm15_field142_soybean_2020,Argentina|soybean,5,2,hierarchy_power50,3.9491377410199697,0.6238532110091743,0.7681979711547393,-1.2237851660199814,4.2983574867248535,0,5.3670136097836725,6.417868119735832,0
0,0.015,3.512830210273916,Argentina,1,1,soybean,2.4290585041046144,Argentina_DUP1_farm15_field146_soybean_2021,Argentina|soybean,6,2,hierarchy_power50,3.945433208687706,0.6238532110091743,1.1017330408414563,-1.2208027216807869,4.6318135261535645,0,5.643441553754352,6.901915420656069,0
0,0.015,3.512830210273916,Argentina,1,1,soybean,2.4290585041046144,Argentina_DUP1_farm15_field151_soybean_2022,Argentina|soybean,7,2,hierarchy_power50,3.618713143218516,0.45871559633027525,1.0268039758725307,-0.9577669799561356,3.246335983276367,0,5.257963942463347,6.472889827922646,0
0,0.015,3.512830210273916,Argentina,1,1,soybean,2.4290585041046144,Argentina_DUP1_farm15_field153_soybean_2022,Argentina|soybean,8,2,hierarchy_power50,4.313596899646745,0.8027522935779816,0.8907572715905396,-1.5172038912521368,4.599109649658203,0,5.840393982308696,6.971975128051788,0
0,0.015,3.512830210273916,Argentina,1,1,soybean,2.4290585041046144,Argentina_DUP1_farm16_field155_soybean_2021,Argentina|soybean,9,2,hierarchy_power50,4.092876295044824,0.7018348623853211,0.8726248788226089,-1.339506179720383,4.163106918334961,0,5.604053620703804,6.724058229704481,0
0,0.015,3.512830210273916,Argentina,1,1,soybean,2.4290585041046144,Argentina_DUP1_farm17_field171_soybean_2019,Argentina|soybean,10,2,hierarchy_power50,3.8814750138787866,0.5871559633027523,1.1055412788485763,-1.1693112677146076,3.897636890411377,0,5.582415485592646,6.84306248949377,0
0,0.015,3.512830210273916,Argentina,1,1,soybean,2.4290585041046144,Argentina_DUP1_farm17_field172_soybean_2019,Argentina|soybean,11,2,hierarchy_power50,4.112522872185737,0.7064220183486238,0.8050707869451403,-1.3553232431235431,4.297618865966797,0,5.564028310276099,6.639807276150824,0
0,0.015,3.512830210273916,Argentina,1,1,soybean,2.4290585041046144,Argentina_DUP1_farm17_field185_soybean_2021,Argentina|soybean,12,2,hierarchy_power50,3.300559957448468,0.2889908256880734,0.967954336289154,-0.7016282604657746,1.715295433998108,1,4.892142138102516,6.07173856776609,0
0,0.015,3.512830210273916,Argentina,1,1,soybean,2.4290585041046144,Argentina_DUP1_farm17_field192_soybean_2019,Argentina|soybean,13,2,hierarchy_power50,3.918629020842562,0.6100917431192661,0.8565416230296261,-1.199223210116202,3.809624195098877,0,5.415815406493418,6.525450671653841,0
0,0.015,4.135075228041913,Argentina,0,1,wheat,2.029330730438233,Argentina_DUP1_farm19_field204_wheat_2021,Argentina|wheat,14,2,hierarchy_power50,4.807639851882736,0.6651376146788991,1.8802483049484053,-1.274727468205327,6.607504844665527,0,6.274439903666138,7.8829292045152055,0
0,0.015,3.512830210273916,Argentina,1,1,soybean,2.4290585041046144,Argentina_DUP1_farm1_field4_soybean_2022,Argentina|soybean,15,2,hierarchy_power50,2.8136262540594847,0.0871559633027523,1.0704958946984313,-0.3096077469484299,2.6483683586120605,0,4.487389921460231,5.727894917159026,0
0,0.015,4.135075228041913,Argentina,1,1,wheat,2.029330730438233,Argentina_DUP1_farm22_field213_wheat_2023,Argentina|wheat,16,2,hierarchy_power50,2.8502348540865228,0.11009174311926606,1.4383209164186244,-0.37664240710315056,1.258419156074524,1,4.133130147296227,5.539949945760587,0
0,0.015,3.512830210273916,Argentina,1,1,soybean,2.4290585041046144,Argentina_DUP1_farm22_field215_soybean_2024,Argentina|soybean,17,2,hierarchy_power50,4.733896486661452,0.963302752293578,0.77867024097587,-1.8555786202673747,5.162672519683838,0,6.161404063020572,7.219397084592942,0
0,0.015,3.512830210273916,Argentina,1,1,soybean,2.4290585041046144,Argentina_DUP1_farm22_field217_soybean_2024,Argentina|soybean,18,2,hierarchy_power50,3.9583512167268253,0.6284403669724771,0.864548783370503,-1.2312027496720128,3.2616236209869385,0,5.462519355594199,6.577329126518196,0
0,0.015,3.512830210273916,Argentina,1,1,soybean,2.4290585041046144,Argentina_DUP1_farm23_field222_soybean_2021,Argentina|soybean,19,2,hierarchy_power50,3.044462217473315,0.16972477064220184,0.9800866775855519,-0.4954491300483211,1.9381707906723022,1,4.645987784426291,5.83295372546009,0
0,0.015,3.512830210273916,Argentina,1,1,soybean,2.4290585041046144,Argentina_DUP1_farm23_field224_soybean_2021,Argentina|soybean,20,2,hierarchy_power50,2.4164960484290314,0.009174311926605505,0.678828171861435,0.010113779947260794,2.475956678390503,0,3.749346925343926,4.7371854138577145,1
0,0.015,3.512830210273916,Argentina,1,1,soybean,2.4290585041046144,Argentina_DUP1_farm23_field225_soybean_2019,Argentina|soybean,21,2,hierarchy_power50,3.557405133854891,0.42660550458715596,0.8504210622244333,-0.9084091368941715,3.648322820663452,0,5.049232731995048,6.154896347628489,0
0,0.015,3.512830210273916,Argentina,1,1,soybean,2.4290585041046144,Argentina_DUP1_farm23_field228_soybean_2020,Argentina|soybean,22,2,hierarchy_power50,4.0148077708197665,0.6651376146788991,0.8928854412137571,-1.2766547838460662,5.000659942626953,0,5.543427653485177,6.676359762063999,0
0,0.015,8.691955015063286,Argentina,1,1,corn,6.163111209869385,Argentina_DUP1_farm24_field234_corn_2021,Argentina|corn,23,2,hierarchy_power50,8.980588162772106,0.43119266055045874,2.7969004243808238,-0.9281296556273292,7.518545150756836,0,10.769553048163818,12.7313275069584,0
0,0.015,8.691955015063286,Argentina,1,1,corn,6.163111209869385,Argentina_DUP1_farm24_field235_corn_2021,Argentina|corn,24,2,hierarchy_power50,10.677389025279181,0.7752293577981652,2.3077356375251106,-1.4870876263622264,9.043926239013672,0,12.302400163504918,14.084383349569492,0
0,0.015,8.691955015063286,Argentina,1,1,corn,6.163111209869385,Argentina_DUP1_farm25_field242_corn_2023,Argentina|corn,25,2,hierarchy_power50,8.780143808715271,0.3944954128440367,2.1020221498644087,-0.8620995327858467,7.436154365539551,0,10.331037244210046,12.031743141184457,0
0,0.015,8.691955015063286,Argentina,1,1,corn,6.163111209869385,Argentina_DUP1_farm25_field249_corn_2023,Argentina|corn,26,2,hierarchy_power50,7.497501683662492,0.14220183486238533,2.3861970448630547,-0.4395732038333185,7.459981441497803,0,9.14990655062098,10.961929631709701,0
0,0.015,8.691955015063286,Argentina,1,1,corn,6.163111209869385,Argentina_DUP1_farm25_field252_corn_2023,Argentina|corn,27,2,hierarchy_power50,7.728414472581712,0.16972477064220184,1.8813076022964008,-0.5156401995326945,7.614945888519287,0,9.195627650285775,10.804569983995375,0
0,0.015,8.691955015063286,Argentina,1,1,corn,6.163111209869385,Argentina_DUP1_farm25_field253_corn_2023,Argentina|corn,28,2,hierarchy_power50,7.832536700241614,0.1834862385321101,1.8146472482314018,-0.5499400106461705,7.349864482879639,0,9.27352157055461,10.853702007394478,0
0,0.015,3.512830210273916,Argentina,1,1,soybean,2.4290585041046144,Argentina_DUP1_farm25_field256_soybean_2023,Argentina|soybean,29,2,hierarchy_power50,2.4784933409733436,0.01834862385321101,0.9996179381013619,-0.03979899111531462,1.8879551887512207,1,4.09589786572739,5.294632449409114,0
0,0.015,3.512830210273916,Argentina,1,1,soybean,2.4290585041046144,Argentina_DUP1_farm25_field259_soybean_2023,Argentina|soybean,30,2,hierarchy_power50,2.788897842448223,0.06422018348623854,1.046970885689097,-0.289699401005551,2.2659707069396973,1,4.444168192085621,5.670966919976545,0
0,0.015,8.691955015063286,Argentina,1,1,corn,6.163111209869385,Argentina_DUP1_farm25_field261_corn_2023,Argentina|corn,31,2,hierarchy_power50,6.992761823450822,0.05504587155963303,1.9820323062495275,-0.27330244440190393,6.4975104331970215,0,8.498739999153516,10.150191933576876,0
0,0.015,3.512830210273916,Argentina,1,1,soybean,2.4290585041046144,Argentina_DUP1_farm27_field270_soybean_2021,Argentina|soybean,32,2,hierarchy_power50,3.497368095818239,0.3944954128440367,0.989244917455288,-0.8600745272391332,4.101713180541992,0,5.106358844757756,6.29885758335938,0
0,0.015,3.512830210273916,Argentina,1,1,soybean,2.4290585041046144,Argentina_DUP1_farm27_field276_soybean_2021,Argentina|soybean,33,2,hierarchy_power50,3.3363431525115828,0.3119266055045872,0.975951881586099,-0.730436589826225,4.0980072021484375,0,4.934486885671218,6.118946390583259,0
0,0.015,3.512830210273916,Argentina,1,1,soybean,2.4290585041046144,Argentina_DUP1_farm27_field280_soybean_2021,Argentina|soybean,34,2,hierarchy_power50,3.862572444015215,0.5779816513761468,0.9153789838475477,-1.154093189579656,3.2040719985961914,0,5.410327038559242,6.5574407822989835,0
0,0.015,3.512830210273916,Argentina,0,1,soybean,2.4290585041046144,Argentina_DUP1_farm27_field286_soybean_2017,Argentina|soybean,35,2,hierarchy_power50,2.7810061525465493,0.05963302752293578,1.0102035904677236,-0.283345960473006,4.986489772796631,0,4.406952037207038,5.612017024541542,0
0,0.015,3.512830210273916,Argentina,1,1,soybean,2.4290585041046144,Argentina_DUP1_farm27_field310_soybean_2021,Argentina|soybean,36,2,hierarchy_power50,2.959885476627344,0.13761467889908258,0.9593253808573885,-0.4273581001046109,2.8479418754577637,0,4.54435759223118,5.718684418194831,0
0,0.015,3.512830210273916,Argentina,1,1,soybean,2.4290585041046144,Argentina_DUP1_farm27_field311_soybean_2021,Argentina|soybean,37,2,hierarchy_power50,3.107411881951054,0.1834862385321101,0.9751172359937119,-0.5461286365654419,3.0860512256622314,0,4.70487209322896,5.888825007918337,0
0,0.015,4.135075228041913,Argentina,0,1,wheat,2.029330730438233,Argentina_DUP1_farm28_field314_wheat_2021,Argentina|wheat,38,2,hierarchy_power50,2.057168113564293,0.009174311926605505,1.3112937486759155,-0.012772184577969069,4.5063700675964355,0,3.282103861607551,4.625365366513797,1
0,0.015,4.135075228041913,Argentina,1,1,wheat,2.029330730438233,Argentina_DUP1_farm28_field321_wheat_2023,Argentina|wheat,39,2,hierarchy_power50,3.217449795317977,0.17889908256880735,1.859805447624055,-0.5451258090076028,3.9543468952178955,0,4.676254218489951,6.27597553282347,0
0,0.015,8.691955015063286,Argentina,1,1,corn,6.163111209869385,Argentina_DUP1_farm28_field322_corn_2022,Argentina|corn,40,2,hierarchy_power50,9.735211948123984,0.591743119266055,2.4844985760087184,-1.176716858197079,11.191621780395508,0,11.42130946881958,13.270279830478314,0
0,0.015,3.512830210273916,Argentina,1,1,soybean,2.4290585041046144,Argentina_DUP1_farm29_field324_soybean_2023,Argentina|soybean,41,2,hierarchy_power50,3.4859784539455934,0.38990825688073394,1.0339945514607358,-0.8509049560539439,2.162977457046509,1,5.130958970358117,6.350131418763487,0
0,0.015,8.691955015063286,Argentina,1,1,corn,6.163111209869385,Argentina_DUP1_farm2_field11_corn_2022,Argentina|corn,42,2,hierarchy_power50,10.552956109375309,0.7614678899082569,2.5167334403458894,-1.446097094295023,7.5720601081848145,0,12.249956426834103,14.110882768397266,0
0,0.015,8.691955015063286,Argentina,1,1,corn,6.163111209869385,Argentina_DUP1_farm2_field17_corn_2022,Argentina|corn,43,2,hierarchy_power50,11.240859011437715,0.8853211009174312,2.320435134969606,-1.6727051887954736,10.725897789001465,0,12.870335243311548,14.657214840002446,0
0,0.015,8.691955015063286,Argentina,1,1,corn,6.163111209869385,Argentina_DUP1_farm2_field21_corn_2022,Argentina|corn,44,2,hierarchy_power50,10.440451685101374,0.7431192660550459,2.4803119306059793,-1.4090360306897503,11.245871543884277,0,12.125127979630618,13.972539828198297,0
0,0.015,3.512830210273916,Argentina,1,1,soybean,2.4290585041046144,Argentina_DUP1_farm2_field42_soybean_2023,Argentina|soybean,45,2,hierarchy_power50,4.078044865609454,0.6926605504587156,0.9880980015256339,-1.3275656947159895,3.430845022201538,0,5.686102624005336,6.877909879422767,0
0,0.015,3.512830210273916,Argentina,1,1,soybean,2.4290585041046144,Argentina_DUP1_farm2_field45_soybean_2023,Argentina|soybean,46,2,hierarchy_power50,3.631426063616165,0.4724770642201835,0.8768072925786409,-0.9680018960194634,3.311779499053955,0,5.146220529836107,6.2689059718739735,0
0,0.015,8.691955015063286,Argentina,1,1,corn,6.163111209869385,Argentina_DUP1_farm2_field52_corn_2024,Argentina|corn,47,2,hierarchy_power50,9.861062418766963,0.6238532110091743,2.8483099264404084,-1.2181743593340681,7.240945339202881,0,11.666393816827398,13.646115752844828,0
0,0.015,8.691955015063286,Argentina,1,1,corn,6.163111209869385,Argentina_DUP1_farm2_field7_corn_2022,Argentina|corn,48,2,hierarchy_power50,10.418390117138054,0.7385321100917431,2.413394109100801,-1.4017685371774078,11.26622486114502,0,12.080185078618536,13.902505314083701,0
0,0.015,8.691955015063286,Argentina,1,1,corn,6.163111209869385,Argentina_DUP1_farm32_field340_corn_2022,Argentina|corn,49,2,hierarchy_power50,8.56215793386842,0.3532110091743119,2.7087639704088087,-0.790290904592885,5.90629768371582,1,10.322710091176377,12.253327222784419,0
0,0.015,8.691955015063286,Argentina,1,1,corn,6.163111209869385,Argentina_DUP1_farm36_field381_corn_2022,Argentina|corn,50,2,hierarchy_power50,8.277822558047799,0.28440366972477066,1.1456282213641353,-0.6966255086182432,7.314890384674072,0,9.42276898320306,10.678314394909643,0
0,0.015,3.512830210273916,Argentina,1,1,soybean,2.4290585041046144,Argentina_DUP1_farm37_field395_soybean_2021,Argentina|soybean,51,2,hierarchy_power50,3.8638292452516834,0.5779816513761468,1.0072666012037215,-1.1551050149322257,4.637209415435791,0,5.487409833646485,6.690721788643723,0
0,0.015,3.512830210273916,Argentina,1,1,soybean,2.4290585041046144,Argentina_DUP1_farm37_field396_soybean_2021,Argentina|soybean,52,2,hierarchy_power50,3.2611564188301316,0.2706422018348624,0.9217883607734264,-0.669905265454232,2.03985595703125,1,4.8143201599507695,5.965442876690368,0
0,0.015,3.512830210273916,Argentina,1,1,soybean,2.4290585041046144,Argentina_DUP1_farm37_field399_soybean_2022,Argentina|soybean,53,2,hierarchy_power50,3.5305074606441282,0.41284403669724773,0.9226964579877756,-0.8867543621453355,4.541003227233887,0,5.084436060884828,6.2361256507009095,0
0,0.015,3.512830210273916,Argentina,1,1,soybean,2.4290585041046144,Argentina_DUP1_farm37_field406_soybean_2020,Argentina|soybean,54,2,hierarchy_power50,3.8745385609893668,0.5871559633027523,0.7969180620428655,-1.1637268692538443,4.972700595855713,0,5.318675804516905,6.388993854766273,0
0,0.015,4.135075228041913,Argentina,1,1,wheat,2.029330730438233,Argentina_DUP1_farm39_field428_wheat_2023,Argentina|wheat,55,2,hierarchy_power50,5.310532507741706,0.7844036697247706,1.8491412603141175,-1.5054617220124988,4.093906402587891,0,6.765148501192841,8.36027679387686,0
0,0.015,4.135075228041913,Argentina,1,1,wheat,2.029330730438233,Argentina_DUP1_farm40_field431_wheat_2020,Argentina|wheat,56,2,hierarchy_power50,2.991689772081668,0.14220183486238533,1.7314874059136092,-0.4415439215132509,4.1932501792907715,0,4.399269431147296,5.942817796138881,0
0,0.015,3.512830210273916,Argentina,1,1,soybean,2.4290585041046144,Argentina_DUP1_farm42_field437_soybean_2022,Argentina|soybean,57,2,hierarchy_power50,3.5113061289312992,0.39908256880733944,1.166325253914938,-0.8712957568652099,4.918436050415039,0,5.258380822241862,6.553220068141082,0
0,0.015,3.512830210273916,Argentina,1,1,soybean,2.4290585041046144,Argentina_DUP1_farm42_field438_soybean_2022,Argentina|soybean,58,2,hierarchy_power50,2.9459157104508495,0.13761467889908258,1.0065775229195466,-0.41611132282854335,1.9628671407699585,1,4.568940852288327,5.77184113971109,0
0,0.015,4.135075228041913,Argentina,1,1,wheat,2.029330730438233,Argentina_DUP1_farm44_field447_wheat_2020,Argentina|wheat,59,2,hierarchy_power50,2.1146285205585564,0.01834862385321101,1.3494897140324185,-0.03913583092836609,0.9903525710105896,1,3.3572764572077363,4.719961104233868,0
0,0.015,8.691955015063286,Argentina,0,1,corn,6.163111209869385,Argentina_DUP1_farm44_field448_corn_2020,Argentina|corn,60,2,hierarchy_power50,6.9534095154478655,0.05045871559633028,2.522057304709292,-0.26033905741224445,9.730598449707031,0,8.652203790601803,10.515097381726557,0
0,0.015,4.135075228041913,Argentina,1,1,wheat,2.029330730438233,Argentina_DUP1_farm44_field453_wheat_2021,Argentina|wheat,61,2,hierarchy_power50,3.2764510711485486,0.1926605504587156,1.55456944795625,-0.5721964277446874,2.923661947250366,0,4.610182477134654,6.072749030855926,0
0,0.015,3.512830210273916,Argentina,1,1,soybean,2.4290585041046144,Argentina_DUP1_farm44_field458_soybean_2018,Argentina|soybean,62,2,hierarchy_power50,3.389471841468434,0.3348623853211009,1.0515715979019618,-0.7732094268313688,4.049415111541748,0,5.048375088076065,6.277866326820346,0
0,0.015,8.691955015063286,Argentina,1,1,corn,6.163111209869385,Argentina_DUP1_farm44_field460_corn_2018,Argentina|corn,63,2,hierarchy_power50,9.357032655484181,0.5091743119266054,2.776638086282726,-1.0521375191250952,7.718160629272461,0,11.139505621943307,13.09416105852873,0
0,0.015,4.135075228041913,Argentina,0,1,wheat,2.029330730438233,Argentina_DUP1_farm44_field465_wheat_2018,Argentina|wheat,64,2,hierarchy_power50,3.391023758814894,0.22935779816513763,1.4640570253257923,-0.6247639951716216,5.210622787475586,0,4.6853456905194415,6.104695912432641,0
0,0.015,3.512830210273916,Argentina,1,1,soybean,2.4290585041046144,Argentina_DUP1_farm44_field466_soybean_2020,Argentina|soybean,65,2,hierarchy_power50,3.889076547824496,0.5871559633027523,1.050474499143125,-1.1754311095332712,4.0398688316345215,0,5.547114206374111,6.775963917087227,0
0,0.015,4.135075228041913,Argentina,1,1,wheat,2.029330730438233,Argentina_DUP1_farm44_field467_wheat_2020,Argentina|wheat,66,2,hierarchy_power50,2.2026397486746934,0.01834862385321101,1.2398614776482797,-0.079516625536201,0.6817162036895752,1,3.3937443354965025,4.699906672868743,0
0,0.015,3.512830210273916,Argentina,1,1,soybean,2.4290585041046144,Argentina_DUP1_farm44_field471_soybean_2018,Argentina|soybean,67,2,hierarchy_power50,2.515485247994767,0.01834862385321101,0.8396860485288945,-0.06958043011942429,2.928650379180908,0,3.9978671425263865,5.096530102844806,0
0,0.015,4.135075228041913,Argentina,1,1,wheat,2.029330730438233,Argentina_DUP1_farm44_field474_wheat_2018,Argentina|wheat,68,2,hierarchy_power50,3.3991762153859684,0.23853211009174313,1.3161402241833058,-0.6285044573989119,2.5477371215820312,0,4.62637352604915,5.972115054918393,0
0,0.015,3.512830210273916,Argentina,1,1,soybean,2.4290585041046144,Argentina_DUP1_farm44_field476_soybean_2019,Argentina|soybean,69,2,hierarchy_power50,4.118270041261448,0.7110091743119266,0.9429488549104235,-1.3599501731484125,4.150893211364746,0,5.689159776962711,6.85342006220094,0
0,0.015,3.512830210273916,Argentina,1,1,soybean,2.4290585041046144,Argentina_DUP1_farm44_field482_soybean_2018,Argentina|soybean,70,2,hierarchy_power50,3.19782812695803,0.22935779816513763,1.0757705297730453,-0.6189209336507597,3.624556064605713,0,4.875710280091685,6.119267679320258,0
0,0.015,8.691955015063286,Argentina,1,1,corn,6.163111209869385,Argentina_DUP1_farm44_field494_corn_2019,Argentina|corn,71,2,hierarchy_power50,10.653910102790212,0.7706422018348624,2.594314450495581,-1.4793532297341592,12.035124778747559,0,12.376867825639634,14.266258993610366,0
0,0.015,4.135075228041913,Argentina,1,1,wheat,2.029330730438233,Argentina_DUP1_farm44_field495_wheat_2020,Argentina|wheat,72,2,hierarchy_power50,2.2697999113426177,0.01834862385321101,1.5729189173068003,-0.11033065679757127,2.387549877166748,0,3.6113796217947614,5.0825526067389415,0
0,0.015,3.512830210273916,Argentina,1,1,soybean,2.4290585041046144,Argentina_DUP1_farm44_field498_soybean_2018,Argentina|soybean,73,2,hierarchy_power50,3.8280342208899447,0.5458715596330275,0.8528062876346845,-1.1262871620417985,3.6245875358581543,0,5.321952461931195,6.429165551372403,0
0,0.015,8.691955015063286,Argentina,1,1,corn,6.163111209869385,Argentina_DUP1_farm44_field499_corn_2021,Argentina|corn,74,2,hierarchy_power50,7.129912459677412,0.0871559633027523,2.2477281265567304,-0.31848243163796947,6.4308319091796875,0,8.733657047427295,10.492319386956044,0
0,0.015,3.512830210273916,Argentina,1,1,soybean,2.4290585041046144,Argentina_DUP1_farm44_field509_soybean_2021,Argentina|soybean,75,2,hierarchy_power50,3.0133635922702435,0.16972477064220184,0.8510307994714301,-0.4704122534941988,2.331341028213501,1,4.505725901923043,5.611785817413872,0
0,0.015,3.512830210273916,Argentina,1,1,soybean,2.4290585041046144,Argentina_DUP1_farm44_field511_soybean_2020,Argentina|soybean,76,2,hierarchy_power50,3.754079996568746,0.518348623853211,0.9989684480547832,-1.0667481061222834,4.637761116027832,0,5.3709589911221425,6.569304079648731,0
0,0.015,8.691955015063286,Argentina,1,1,corn,6.163111209869385,Argentina_DUP1_farm44_field514_corn_2019,Argentina|corn,77,2,hierarchy_power50,10.721196824646544,0.7798165137614679,2.490841623405594,-1.5015187356207182,9.286399841308594,0,12.409445318395477,14.26077443177262,0
0,0.015,4.135075228041913,Argentina,1,1,wheat,2.029330730438233,Argentina_DUP1_farm44_field521_wheat_2021,Argentina|wheat,78,2,hierarchy_power50,2.799177631063241,0.10091743119266056,1.5224149657570596,-0.3532166320028536,2.029555559158325,0,4.119043614269173,5.566405379739628,0
0,0.015,3.512830210273916,Argentina,1,1,soybean,2.4290585041046144,Argentina_DUP1_farm44_field523_soybean_2021,Argentina|soybean,79,2,hierarchy_power50,3.263923604302508,0.27522935779816515,1.0465300669622155,-0.6721330707228523,1.8515781164169312,1,4.918845448073988,6.145385881872311,0
0,0.015,8.691955015063286,Argentina,1,1,corn,6.163111209869385,Argentina_DUP1_farm44_field532_corn_2020,Argentina|corn,80,2,hierarchy_power50,10.356054002484154,0.7339449541284404,2.4530640338788587,-1.3812338539860283,5.900755882263184,1,12.031451090297887,13.868687383782845,0
0,0.015,4.135075228041913,Argentina,1,1,wheat,2.029330730438233,Argentina_DUP1_farm44_field545_wheat_2020,Argentina|wheat,81,2,hierarchy_power50,2.5952918961893943,0.05045871559633028,1.4724651328827703,-0.25967097698092634,2.452425241470337,0,3.8933251647834086,5.316745229529854,0
0,0.015,4.135075228041913,Argentina,1,1,wheat,2.029330730438233,Argentina_DUP1_farm44_field558_wheat_2021,Argentina|wheat,82,2,hierarchy_power50,2.704930049360222,0.0871559633027523,1.2999768796219475,-0.30997451028160306,3.914421319961548,0,3.924568556981857,5.262021121172669,0
0,0.015,8.691955015063286,Argentina,1,1,corn,6.163111209869385,Argentina_DUP1_farm44_field565_corn_2019,Argentina|corn,83,2,hierarchy_power50,9.363990141847305,0.5091743119266054,2.597803138913781,-1.054429445387557,6.821680068969727,0,11.088105943903647,12.978767058662017,0
0,0.015,3.512830210273916,Argentina,1,1,soybean,2.4290585041046144,Argentina_DUP1_farm44_field566_soybean_2019,Argentina|soybean,84,2,hierarchy_power50,3.8335239949287234,0.5504587155963303,0.7845049741954652,-1.1307068685086088,3.717390298843384,0,5.266369890816478,6.328319392131411,0
0,0.015,8.691955015063286,Argentina,0,1,corn,6.163111209869385,Argentina_DUP1_farm45_field575_corn_2022,Argentina|corn,85,2,hierarchy_power50,11.569959992796491,0.944954128440367,2.300702098170012,-1.781117213312816,14.309273719787598,0,13.192492878812507,14.971758419647045,0
0,0.015,4.135075228041913,Argentina,1,1,wheat,2.029330730438233,Argentina_DUP1_farm45_field577_wheat_2019,Argentina|wheat,86,2,hierarchy_power50,6.3033500793462505,1.0,1.7388189873443787,-1.9609804472950276,7.251151084899902,0,7.71390662514497,9.260719436748891,0
0,0.015,4.135075228041913,Argentina,0,1,wheat,2.029330730438233,Argentina_DUP1_farm45_field579_wheat_2020,Argentina|wheat,87,2,hierarchy_power50,6.1531515098216545,0.981651376146789,1.5390725986118683,-1.8920672220601753,7.611742973327637,0,7.480218561805403,8.935477001447442,0
0,0.015,8.691955015063286,Argentina,0,1,corn,6.163111209869385,Argentina_DUP1_farm45_field602_corn_2017,Argentina|corn,88,2,hierarchy_power50,10.400466617594553,0.7385321100917431,1.271083442130231,-1.3958642008733229,12.459432601928711,0,11.606475049994337,12.928980907483401,0
0,0.015,8.691955015063286,Argentina,1,1,corn,6.163111209869385,Argentina_DUP1_farm45_field609_corn_2017,Argentina|corn,89,2,hierarchy_power50,11.369286747570873,0.9128440366972477,1.5188496250633325,-1.7150116894351548,11.544739723205566,0,12.687606329057672,14.13327231423618,0
0,0.015,4.135075228041913,Argentina,0,1,wheat,2.029330730438233,Argentina_DUP1_farm45_field612_wheat_2020,Argentina|wheat,90,2,hierarchy_power50,4.986404809749061,0.7064220183486238,1.961777442653239,-1.3567473559082093,7.024521827697754,0,6.484668249033657,8.127660222624389,0
0,0.015,4.135075228041913,Argentina,0,1,wheat,2.029330730438233,Argentina_DUP1_farm45_field613_wheat_2020,Argentina|wheat,91,2,hierarchy_power50,4.953873090850622,0.7018348623853211,1.8312872866637584,-1.3418213437709372,6.735361099243164,0,6.401449690076107,7.988858600501686,0
0,0.015,8.691955015063286,Argentina,1,1,corn,6.163111209869385,Argentina_DUP1_farm45_field621_corn_2017,Argentina|corn,92,2,hierarchy_power50,10.431969305671027,0.7385321100917431,1.5259073700215164,-1.4062417761026886,9.546931266784668,0,11.753348301156814,13.202369232142868,0
0,0.015,4.135075228041913,Argentina,1,1,wheat,2.029330730438233,Argentina_DUP1_farm45_field622_wheat_2021,Argentina|wheat,93,2,hierarchy_power50,5.64673425542172,0.8807339449541285,1.4195167068950187,-1.6597158326578723,4.359115123748779,0,6.9212158495911,8.318809206543905,0
1,0.015,3.512830210273916,Argentina,1,1,soybean,2.4290585041046144,Argentina_DUP1_farm45_field633_soybean_2023,Argentina|soybean,94,2,hierarchy_power50,2.398107475691423,0.009174311926605505,1.1224621130072665,0.02491804935247311,1.2537230253219604,1,4.112015368433273,5.38227313810728,1
0,0.015,3.512830210273916,Argentina,1,1,soybean,2.4290585041046144,Argentina_DUP1_farm49_field660_soybean_2021,Argentina|soybean,95,2,hierarchy_power50,2.97840239104927,0.14220183486238533,0.9760163226348153,-0.44226569481394906,3.0445690155029297,0,4.576598885190337,5.761097493747844,0
0,0.015,3.512830210273916,Argentina,1,1,soybean,2.4290585041046144,Argentina_DUP1_farm49_field665_soybean_2023,Argentina|soybean,96,2,hierarchy_power50,2.4300091388147673,0.009174311926605505,0.8577530047820046,-0.0007653368510904733,1.3907501697540283,1,3.9282538638496756,5.038673514116928,1
0,0.015,8.691955015063286,Argentina,1,1,corn,6.163111209869385,Argentina_DUP1_farm51_field677_corn_2022,Argentina|corn,97,2,hierarchy_power50,10.781826612126684,0.8073394495412844,2.350944076849815,-1.521491322696089,7.927601337432861,0,12.421979990832787,14.220568120273207,0
0,0.015,8.691955015063286,Argentina,1,1,corn,6.163111209869385,Argentina_DUP1_farm51_field681_corn_2022,Argentina|corn,98,2,hierarchy_power50,10.962736564583846,0.8211009174311926,2.4334300295625817,-1.5810864479377116,4.389474391937256,1,12.631415352494935,14.46128437496012,0
0,0.015,3.512830210273916,Argentina,1,1,soybean,2.4290585041046144,Argentina_DUP1_farm52_field690_soybean_2020,Argentina|soybean,99,2,hierarchy_power50,3.5734735257465027,0.43119266055045874,0.6543448995852502,-0.9213454754488999,3.124354124069214,0,4.882067734749062,5.851928465524214,0
0,0.015,3.512830210273916,Argentina,1,1,soybean,2.4290585041046144,Argentina_DUP1_farm52_field694_soybean_2022,Argentina|soybean,100,2,hierarchy_power50,4.729847992129002,0.963302752293578,0.789758310659578,-1.8523192588912014,5.1744384765625,0,6.167483317394375,7.232982490138553,0
0,0.015,3.512830210273916,Argentina,1,1,soybean,2.4290585041046144,Argentina_DUP1_farm52_field705_soybean_2022,Argentina|soybean,101,2,hierarchy_power50,4.274710237205875,0.7752293577981652,1.0604984963434576,-1.4858970228366895,5.337815761566162,0,5.940639902675683,7.17533875099482,0
0,0.015,3.512830210273916,Argentina,1,1,soybean,2.4290585041046144,Argentina_DUP1_farm52_field712_soybean_2021,Argentina|soybean,102,2,hierarchy_power50,4.277982138029471,0.7752293577981652,0.8151795071423095,-1.4885311642652184,4.47261381149292,0,5.738571926361368,6.821083731571054,0
0,0.015,3.512830210273916,Argentina,1,1,soybean,2.4290585041046144,Argentina_DUP1_farm52_field713_soybean_2021,Argentina|soybean,103,2,hierarchy_power50,3.1816516647453716,0.21559633027522937,1.0553317280945615,-0.605897589858033,1.9149093627929688,1,4.843518155166656,6.075205593306292,0
0,0.015,8.691955015063286,Argentina,1,1,corn,6.163111209869385,Argentina_DUP1_farm54_field732_corn_2019,Argentina|corn,104,2,hierarchy_power50,7.3996286347212,0.13302752293577982,2.566269816756837,-0.40733198918363317,2.4794020652770996,1,9.113248435297796,10.992399660851197,0
0,0.015,4.135075228041913,Argentina,1,1,wheat,2.029330730438233,Argentina_DUP1_farm54_field738_wheat_2018,Argentina|wheat,105,2,hierarchy_power50,2.989399653265575,0.14220183486238533,1.6452586377399276,-0.44049318265277104,1.4550156593322754,1,4.361482716424897,5.866105602335377,0
0,0.015,3.512830210273916,Argentina,1,1,soybean,2.4290585041046144,Argentina_DUP1_farm54_field740_soybean_2020,Argentina|soybean,106,2,hierarchy_power50,3.761392478341103,0.5229357798165137,0.8625651379497512,-1.0726352378602062,3.981464147567749,0,5.263834023083998,6.37736413387516,0
0,0.015,4.135075228041913,Argentina,1,1,wheat,2.029330730438233,Argentina_DUP1_farm54_field742_wheat_2020,Argentina|wheat,107,2,hierarchy_power50,2.9739441753851343,0.13761467889908258,1.7035660843880924,-0.4334019910944341,1.3080462217330933,1,4.370128656272586,5.901181097120605,0
0,0.015,3.512830210273916,Argentina,1,1,soybean,2.4290585041046144,Argentina_DUP1_farm56_field751_soybean_2023,Argentina|soybean,108,2,hierarchy_power50,3.0679593174022273,0.16972477064220184,1.0551932262549955,-0.5143661717650702,2.4652040004730225,0,4.729716752484635,5.9613233645821495,0
0,0.015,3.512830210273916,Argentina,1,1,soybean,2.4290585041046144,Argentina_DUP1_farm57_field754_soybean_2022,Argentina|soybean,109,2,hierarchy_power50,2.8740496439518193,0.10091743119266056,0.9861277608242032,-0.3582534006979905,2.567575454711914,0,4.480503390511766,5.671121837297255,0
0,0.015,3.512830210273916,Argentina,1,1,soybean,2.4290585041046144,Argentina_DUP1_farm5_field59_soybean_2024,Argentina|soybean,110,2,hierarchy_power50,3.518475393844143,0.4036697247706422,1.0327554376623942,-0.8770675875951722,2.0495190620422363,1,5.162469962561477,6.380911678746282,0
0,0.015,4.135075228041913,Argentina,0,1,wheat,2.029330730438233,Argentina_DUP1_farm5_field61_wheat_2023,Argentina|wheat,111,2,hierarchy_power50,2.1033810495355296,0.013761467889908258,1.474424487003779,-0.033975332353808126,3.466712713241577,0,3.402277653114172,4.826644448864705,1
1,0.015,3.512830210273916,Argentina,1,1,soybean,2.4290585041046144,Argentina_DUP1_farm6_field72_soybean_2023,Argentina|soybean,112,2,hierarchy_power50,2.341757195725755,0.009174311926605505,0.5732267050828165,0.0702845243679447,2.5259170532226562,0,3.5665562452700823,4.474312441248672,1
1,0.015,3.512830210273916,Argentina,1,1,soybean,2.4290585041046144,Argentina_DUP1_farm6_field73_soybean_2023,Argentina|soybean,113,2,hierarchy_power50,1.9518769639125548,0.0045871559633027525,0.6455037167792902,0.3841692434209126,2.8608715534210205,0,3.2516005701960777,4.2148868799808925,1
0,0.015,3.512830210273916,Argentina,1,1,soybean,2.4290585041046144,Argentina_DUP1_farm6_field75_soybean_2023,Argentina|soybean,114,2,hierarchy_power50,2.6795093150717615,0.04128440366972477,0.9492025392348619,-0.2016329016513869,1.8451251983642578,1,4.255599552469742,5.423714174171694,0
0,0.015,3.512830210273916,Argentina,1,1,soybean,2.4290585041046144,Argentina_DUP1_farm9_field93_soybean_2022,Argentina|soybean,115,2,hierarchy_power50,3.6366513046105395,0.47706422018348627,1.1218798641593115,-0.9722086322622209,3.9884235858917236,0,5.350114616493213,6.620042886377291,0
0,0.015,3.512830210273916,Argentina,1,1,soybean,2.4290585041046144,Argentina_DUP1_farm9_field97_soybean_2024,Argentina|soybean,116,2,hierarchy_power50,4.685964213082049,0.9541284403669725,0.8195035611868217,-1.8169893125815997,2.0486044883728027,1,6.150422668392347,7.235801724700182,0
0,0.015,4.141856733015028,Brazil,1,1,soybean,3.656761693954468,Brazil_DUP2_farm2_field21_soybean_2022,Brazil|soybean,117,2,hierarchy_power50,4.200730048915047,0.3944954128440367,0.5021937190520922,-0.863953811740364,4.798220157623291,0,5.197861390287964,5.790059825232277,0
0,0.015,3.7483099491224374,Brazil,1,1,wheat,3.056740236282349,Brazil_DUP2_farm2_field33_wheat_2017,Brazil|wheat,118,2,hierarchy_power50,3.7829150586417124,0.42201834862385323,0.5779158466569849,-0.8976849684443833,3.3656556606292725,0,4.5961117730536,5.487861274307566,0
0,0.015,4.141856733015028,Brazil,1,1,soybean,3.656761693954468,Brazil_DUP2_farm2_field34_soybean_2018,Brazil|soybean,119,2,hierarchy_power50,4.433919830414751,0.6330275229357798,0.4945495943585809,-1.2343157983308732,5.03720235824585,0,5.423433170861221,6.01110725877234,0
0,0.015,3.7483099491224374,Brazil,1,1,wheat,3.056740236282349,Brazil_DUP2_farm2_field37_wheat_2023,Brazil|wheat,120,2,hierarchy_power50,3.970479633105593,0.5504587155963303,0.5309042800936362,-1.1295491062863439,3.9364073276519775,0,4.749899420181366,5.604609226645547,0
0,0.015,4.141856733015028,Brazil,1,1,soybean,3.656761693954468,Brazil_DUP2_farm2_field40_soybean_2022,Brazil|soybean,121,2,hierarchy_power50,4.1048299008187294,0.3073394495412844,0.5207362462020643,-0.7116410940266958,4.273487091064453,0,5.120202952056299,5.7232351774796895,0
0,0.015,4.141856733015028,Brazil,1,1,soybean,3.656761693954468,Brazil_DUP2_farm2_field48_soybean_2022,Brazil|soybean,122,2,hierarchy_power50,4.105858587568127,0.3073394495412844,0.539136950945925,-0.7132748983282223,4.727036476135254,0,5.139015481057209,5.752609568405571,0
0,0.015,4.141856733015028,Brazil,1,1,soybean,3.656761693954468,Brazil_DUP2_farm2_field7_soybean_2024,Brazil|soybean,123,2,hierarchy_power50,4.041885926232382,0.21559633027522937,0.43851121045086705,-0.6116707809118744,3.3837997913360596,1,4.973652397936202,5.5270304970709105,0
0,0.015,4.141856733015028,Brazil,0,1,soybean,3.656761693954468,Brazil_DUP2_farm3_field55_soybean_2021,Brazil|soybean,124,2,hierarchy_power50,4.102541025873952,0.30275229357798167,0.5297604920178988,-0.708005804923747,5.467695236206055,0,5.126674383580755,5.734909373740805,0
0,0.015,4.141856733015028,Brazil,1,1,soybean,3.656761693954468,Brazil_DUP2_farm3_field56_soybean_2022,Brazil|soybean,125,2,hierarchy_power50,4.04074357465811,0.21559633027522937,0.5895038400844431,-0.6098564492730217,4.57412052154541,0,5.1210825587458055,5.762698190549312,0
0,0.015,6.680697711308797,Brazil,1,1,corn,4.840037059783936,Brazil_DUP2_farm4_field112_corn_2024,Brazil|corn,126,2,hierarchy_power50,6.195359926308075,0.3119266055045872,1.3824347787109448,-0.734028364408839,4.664671897888184,1,7.4530847690444055,8.832302713912735,0
0,0.015,4.141856733015028,Brazil,1,1,soybean,3.656761693954468,Brazil_DUP2_farm4_field114_soybean_2017,Brazil|soybean,127,2,hierarchy_power50,4.183763364837299,0.38073394495412843,0.3575811274324552,-0.8370065982712507,4.290075778961182,0,5.025166301292185,5.524877303696412,0
0,0.015,4.141856733015028,Brazil,1,1,soybean,3.656761693954468,Brazil_DUP2_farm4_field58_soybean_2020,Brazil|soybean,129,2,hierarchy_power50,4.1866092255987795,0.38073394495412843,0.3719071777246057,-0.8415265160755531,4.116067886352539,0,5.044701533290969,5.554324388945469,0
0,0.015,6.680697711308797,Brazil,1,1,corn,4.840037059783936,Brazil_DUP2_farm4_field65_corn_2018,Brazil|corn,130,2,hierarchy_power50,7.626147398053752,0.7844036697247706,1.2777367681145455,-1.5089275516376197,7.826662540435791,0,8.835308060376057,10.16127064538434,0
0,0.015,6.680697711308797,Brazil,1,1,corn,4.840037059783936,Brazil_DUP2_farm4_field71_corn_2023,Brazil|corn,131,2,hierarchy_power50,5.9772402179400785,0.22935779816513763,0.8561836941128323,-0.6158970639392309,5.0986328125,0,6.9670387148353035,8.052449292996068,0
0,0.015,4.141856733015028,Brazil,1,1,soybean,3.656761693954468,Brazil_DUP2_farm4_field85_soybean_2018,Brazil|soybean,132,2,hierarchy_power50,4.224705571663561,0.42201834862385323,0.4402859851233694,-0.9020327626171066,3.588340997695923,1,5.1583556961151,5.712852500642863,0
0,0.015,4.141856733015028,Brazil,1,1,soybean,3.656761693954468,Brazil_DUP2_farm4_field87_soybean_2023,Brazil|soybean,133,2,hierarchy_power50,4.158651149181447,0.3577981651376147,0.41821238559058715,-0.7971223030925506,4.010547161102295,0,5.068596214103039,5.609014533107954,0
0,0.015,4.141856733015028,Brazil,1,1,soybean,3.656761693954468,Brazil_DUP2_farm4_field97_soybean_2017,Brazil|soybean,134,2,hierarchy_power50,4.246068240864011,0.43577981651376146,0.3997147655427311,-0.935961867713697,4.4211201667785645,0,5.135662198526356,5.663993951430846,0
0,0.015,6.680697711308797,Brazil,1,1,corn,4.840037059783936,Brazil_DUP2_farm5_field143_corn_2020,Brazil|corn,135,2,hierarchy_power50,5.8743847396591855,0.18807339449541285,1.2377458921313331,-0.5601916373152139,4.6860785484313965,1,7.06447269700225,8.369520201008143,0
1,0.015,4.141856733015028,Brazil,1,1,soybean,3.656761693954468,Brazil_DUP2_farm5_field152_soybean_2022,Brazil|soybean,136,2,hierarchy_power50,3.494797165706772,0.009174311926605505,0.5535412876506819,0.2572389924345276,3.057061195373535,1,4.541664716727899,5.163401592890175,1
0,0.015,6.680697711308797,Brazil,1,1,corn,4.840037059783936,Brazil_DUP2_farm5_field157_corn_2023,Brazil|corn,137,2,hierarchy_power50,6.16922580659486,0.3073394495412844,1.13672717774598,-0.719874404771492,5.615368366241455,0,7.309715685327325,8.560374059273656,0
0,0.015,6.680697711308797,Brazil,1,1,corn,4.840037059783936,Brazil_DUP2_farm5_field160_corn_2023,Brazil|corn,139,2,hierarchy_power50,6.0402082490348254,0.25688073394495414,1.061700368469927,-0.6499998759083513,5.882316589355469,0,7.142418124227062,8.351098741180502,0
0,0.015,3.7483099491224374,Brazil,0,1,wheat,3.056740236282349,Brazil_DUP2_farm5_field161_wheat_2018,Brazil|wheat,140,2,hierarchy_power50,4.076463680448884,0.6559633027522935,0.7743143723230232,-1.260564783593713,5.535414218902588,0,5.017750492274659,6.049963276840107,0
0,0.015,4.141856733015028,Brazil,1,1,soybean,3.656761693954468,Brazil_DUP2_farm5_field162_soybean_2022,Brazil|soybean,141,2,hierarchy_power50,4.156864336248883,0.3532110091743119,0.4690248820090359,-0.7942844103550815,3.7297041416168213,0,5.120504005990412,5.69281166556659,0
1,0.015,4.141856733015028,Brazil,1,1,soybean,3.656761693954468,Brazil_DUP2_farm5_field170_soybean_2019,Brazil|soybean,142,2,hierarchy_power50,3.287727255283292,0.0045871559633027525,0.311998831332342,0.586116282401268,3.088071584701538,1,4.073674167952254,4.5404497192964035,1
0,0.015,3.7483099491224374,Brazil,1,1,wheat,3.056740236282349,Brazil_DUP2_farm5_field173_wheat_2021,Brazil|wheat,143,2,hierarchy_power50,4.049790436916572,0.6238532110091743,0.7602398483372724,-1.2275917734570938,3.3410909175872803,0,4.982483246173805,6.005271868825596,0
0,0.015,3.7483099491224374,Brazil,1,1,wheat,3.056740236282349,Brazil_DUP2_farm5_field176_wheat_2018,Brazil|wheat,144,2,hierarchy_power50,3.8824264159012007,0.4954128440366973,0.7282486780596581,-1.0206992163235733,3.518261432647705,0,4.79528429031115,5.796321972576687,0
1,0.015,4.141856733015028,Brazil,1,1,soybean,3.656761693954468,Brazil_DUP2_farm5_field179_soybean_2019,Brazil|soybean,145,2,hierarchy_power50,3.6411899042753073,0.009174311926605505,0.5099926257769768,0.02473178251316682,3.3765506744384766,1,4.64603398123688,5.2428130263327635,1
0,0.015,4.141856733015028,Brazil,1,1,soybean,3.656761693954468,Brazil_DUP2_farm5_field180_soybean_2024,Brazil|soybean,146,2,hierarchy_power50,3.681509130951558,0.01834862385321101,0.4570612137462587,-0.039304938108008086,2.8157355785369873,1,4.632779376838125,5.197740809148007,0
0,0.015,4.141856733015028,Brazil,1,1,soybean,3.656761693954468,Brazil_DUP2_farm5_field181_soybean_2018,Brazil|soybean,147,2,hierarchy_power50,4.354432648100686,0.5321100917431193,0.5684414584643854,-1.1080708550019291,4.834442615509033,0,5.415296377333573,6.045345613651728,0
0,0.015,3.7483099491224374,Brazil,1,1,wheat,3.056740236282349,Brazil_DUP2_farm5_field190_wheat_2018,Brazil|wheat,148,2,hierarchy_power50,3.8135788794512777,0.43577981651376146,0.6728170547983109,-0.9355910623604249,4.299508094787598,0,4.691007526440575,5.653193605739382,0
0,0.015,3.7483099491224374,Brazil,1,1,wheat,3.056740236282349,Brazil_DUP2_farm5_field229_wheat_2019,Brazil|wheat,150,2,hierarchy_power50,3.8311929394864954,0.45871559633027525,0.7765197533587714,-0.9573652638888097,2.8101489543914795,1,4.773819271881541,5.807500971382818,0
0,0.015,4.141856733015028,Brazil,1,1,soybean,3.656761693954468,Brazil_DUP2_farm5_field239_soybean_2022,Brazil|soybean,152,2,hierarchy_power50,3.8653381056893106,0.0963302752293578,0.7038045246512594,-0.33126997979598233,3.7187273502349854,0,5.04577494865731,5.746838912802447,0
0,0.015,4.141856733015028,Brazil,1,1,soybean,3.656761693954468,Brazil_DUP2_farm5_field240_soybean_2021,Brazil|soybean,153,2,hierarchy_power50,4.059144939894056,0.24770642201834864,0.3928930594090611,-0.6390822847317292,3.537252902984619,1,4.941115131143678,5.4649191128803505,0
0,0.015,4.141856733015028,Brazil,1,1,soybean,3.656761693954468,Brazil_DUP2_farm5_field248_soybean_2018,Brazil|soybean,154,2,hierarchy_power50,4.325414771042274,0.5137614678899083,0.46881357542167046,-1.0619834213036117,4.354773044586182,0,5.288837345319033,5.861016071434656,0
0,0.015,6.680697711308797,Brazil,1,1,corn,4.840037059783936,Brazil_DUP2_farm5_field250_corn_2023,Brazil|corn,155,2,hierarchy_power50,5.989176789909257,0.22935779816513763,1.4120690880807107,-0.6223617836127466,5.684131145477295,0,7.26031064756372,8.65423288495271,0
1,0.015,4.141856733015028,Brazil,1,1,soybean,3.656761693954468,Brazil_DUP2_farm5_field254_soybean_2019,Brazil|soybean,156,2,hierarchy_power50,3.5335458252696403,0.009174311926605505,0.4356596660139904,0.19569671369002994,3.8169496059417725,0,4.462277816931364,5.013853731883068,1
0,0.015,4.141856733015028,Brazil,1,1,soybean,3.656761693954468,Brazil_DUP2_farm5_field260_soybean_2018,Brazil|soybean,157,2,hierarchy_power50,4.281425257208071,0.48623853211009177,0.3927551105977054,-0.9921173936071679,4.54451322555542,0,5.163240600442301,5.686952617611655,0
0,0.015,6.680697711308797,Brazil,1,1,corn,4.840037059783936,Brazil_DUP2_farm5_field261_corn_2023,Brazil|corn,158,2,hierarchy_power50,7.324907207115547,0.7018348623853211,1.4649166093442896,-1.3457790870834445,7.104372024536133,0,8.61960904724251,10.039375875790007,0
0,0.015,6.680697711308797,Brazil,0,0,corn,4.840037059783936,Brazil_DUP2_farm5_field266_corn_2020,Brazil|corn,159,2,hierarchy_power50,6.034275529264125,0.25688073394495414,1.2512312083887112,-0.6467867783525257,8.646026611328125,0,7.23082896396239,8.542966494409226,0
0,0.015,4.141856733015028,Brazil,1,1,soybean,3.656761693954468,Brazil_DUP2_farm5_field270_soybean_2024,Brazil|soybean,160,2,hierarchy_power50,3.982553402243763,0.1743119266055046,0.5552908142985391,-0.5174363281304091,3.808828115463257,0,5.031074016748678,5.653792650847291,0
1,0.015,4.141856733015028,Brazil,1,1,soybean,3.656761693954468,Brazil_DUP2_farm5_field271_soybean_2024,Brazil|soybean,161,2,hierarchy_power50,3.3499188529720243,0.0045871559633027525,0.5711671518836692,0.4873409264611285,3.2186245918273926,1,4.413322976835209,5.0448809589542245,1
0,0.015,4.141856733015028,Brazil,1,1,soybean,3.656761693954468,Brazil_DUP2_farm6_field297_soybean_2018,Brazil|soybean,163,2,hierarchy_power50,4.202951438856038,0.3944954128440367,0.5236908196438987,-0.8674819182733626,4.1024489402771,0,5.221200947159213,5.825941506582105,0
0,0.015,4.141856733015028,Brazil,1,1,soybean,3.656761693954468,Brazil_DUP2_farm6_field300_soybean_2022,Brazil|soybean,164,2,hierarchy_power50,4.040247693547541,0.21559633027522937,0.4923257881596286,-0.6090688696799452,3.3684070110321045,1,5.02753379005809,5.613885113035076,0
0,0.015,6.680697711308797,Brazil,1,1,corn,4.840037059783936,Brazil_DUP2_farm6_field311_corn_2024,Brazil|corn,166,2,hierarchy_power50,5.288305798720729,0.045871559633027525,1.069347572890685,-0.24277755314587735,4.720843315124512,1,6.394478044622416,7.607503787473828,0
0,0.015,4.141856733015028,Brazil,1,1,soybean,3.656761693954468,Brazil_DUP2_farm6_field315_soybean_2022,Brazil|soybean,167,2,hierarchy_power50,4.151786373052708,0.3394495412844037,0.48086732075006594,-0.7862193719770124,4.064803123474121,0,5.127515704668353,5.707003440272428,0
0,0.015,4.141856733015028,Brazil,1,1,soybean,3.656761693954468,Brazil_DUP2_farm6_field327_soybean_2022,Brazil|soybean,168,2,hierarchy_power50,4.174623411379134,0.37155963302752293,0.4328986784174701,-0.8224901331914327,3.3996365070343018,1,5.100407811940988,5.650233146238197,0
0,0.015,4.141856733015028,Brazil,1,1,soybean,3.656761693954468,Brazil_DUP2_farm6_field344_soybean_2017,Brazil|soybean,169,2,hierarchy_power50,4.329265837759803,0.518348623853211,0.5220518456381595,-1.0680998502089605,4.9161458015441895,0,5.345920710239514,5.949714212038421,0
0,0.015,4.141856733015028,Brazil,1,1,soybean,3.656761693954468,Brazil_DUP2_farm6_field350_soybean_2023,Brazil|soybean,171,2,hierarchy_power50,4.641537873304631,0.8165137614678899,0.5415589150487076,-1.564063655729279,4.978847980499268,0,5.677012790965518,6.29198355782414,0
0,0.015,4.141856733015028,Brazil,1,1,soybean,3.656761693954468,Brazil_DUP2_farm6_field357_soybean_2021,Brazil|soybean,172,2,hierarchy_power50,4.157518943091038,0.3577981651376147,0.3984979350958898,-0.7953240849451819,4.076733112335205,0,5.045757796813413,5.573284750591508,0
0,0.015,4.141856733015028,Brazil,1,1,soybean,3.656761693954468,Brazil_DUP2_farm6_field360_soybean_2017,Brazil|soybean,173,2,hierarchy_power50,4.076148876317731,0.26605504587155965,0.5360096765405169,-0.66608866397026,3.4068408012390137,1,5.106304988594125,5.718116905566299,0
0,0.015,6.680697711308797,Brazil,1,1,corn,4.840037059783936,Brazil_DUP2_farm6_field367_corn_2023,Brazil|corn,174,2,hierarchy_power50,4.979855282611949,0.01834862385321101,1.186769979689073,-0.07572405361993424,4.492310047149658,1,6.1451790110210265,7.423070122964031,0
0,0.015,4.141856733015028,Brazil,1,1,soybean,3.656761693954468,Brazil_DUP2_farm6_field370_soybean_2020,Brazil|soybean,175,2,hierarchy_power50,4.022645376615221,0.19724770642201836,0.5452829355373642,-0.5811121169194977,4.024662971496582,0,5.061674407452518,5.678755969723294,0
0,0.015,6.680697711308797,Brazil,1,1,corn,4.840037059783936,Brazil_DUP2_farm6_field406_corn_2024,Brazil|corn,177,2,hierarchy_power50,6.926299888828821,0.5504587155963303,1.282515746655867,-1.1298976280523778,8.113617897033691,0,8.137719686155142,9.466159633008836,0
0,0.015,4.141856733015028,Brazil,1,1,soybean,3.656761693954468,Brazil_DUP2_farm6_field412_soybean_2022,Brazil|soybean,178,2,hierarchy_power50,4.250738663277371,0.44495412844036697,0.44925679010225905,-0.9433796323863362,3.9689199924468994,0,5.193852363183573,5.7539696054016325,0
0,0.015,4.141856733015028,Brazil,1,1,soybean,3.656761693954468,Brazil_DUP2_farm6_field422_soybean_2021,Brazil|soybean,180,2,hierarchy_power50,4.017947648722322,0.1926605504587156,0.4779275284274965,-0.5736509845161555,3.5491366386413574,1,4.990689837111786,5.5684035019690095,0
0,0.015,3.7483099491224374,Brazil,1,1,wheat,3.056740236282349,Brazil_DUP2_farm6_field435_wheat_2022,Brazil|wheat,181,2,hierarchy_power50,3.5165493651311834,0.1926605504587156,0.46329504214364425,-0.5684082270713047,3.456657886505127,0,4.2446512244037455,5.0430859184469465,0
0,0.015,4.141856733015028,Brazil,1,1,soybean,3.656761693954468,Brazil_DUP2_farm6_field436_soybean_2017,Brazil|soybean,182,2,hierarchy_power50,4.316718656141369,0.5091743119266054,0.42710106471933823,-1.0481718796073787,4.504042148590088,0,5.236282857236283,5.782414001774808,0
0,0.015,6.680697711308797,Brazil,1,1,corn,4.840037059783936,Brazil_DUP2_farm6_field443_corn_2024,Brazil|corn,183,2,hierarchy_power50,6.71569766354513,0.4954128440366973,1.434950248723272,-1.0158377159944443,6.353089809417725,0,7.997088859141627,9.402259267891734,0
0,0.015,6.680697711308797,Brazil,1,1,corn,4.840037059783936,Brazil_DUP2_farm6_field452_corn_2023,Brazil|corn,185,2,hierarchy_power50,5.216139223355811,0.04128440366972477,1.1113646192034268,-0.20369290801187287,5.1056013107299805,0,6.343834073286565,7.58046145036554,0
0,0.015,6.680697711308797,Brazil,1,1,corn,4.840037059783936,Brazil_DUP2_farm6_field456_corn_2020,Brazil|corn,186,2,hierarchy_power50,9.880149720964324,1.0,1.6496155500156975,-2.7296710949845306,10.590103149414062,0,11.254048332429193,12.760662144111118,0
0,0.015,6.680697711308797,Brazil,1,1,corn,4.840037059783936,Brazil_DUP2_farm6_field464_corn_2020,Brazil|corn,187,2,hierarchy_power50,7.405975986004847,0.7339449541284404,1.7798843565493296,-1.3896850704048547,6.062224864959717,0,8.833091760920816,10.398063382127326,0
0,0.015,4.141856733015028,Brazil,1,1,soybean,3.656761693954468,Brazil_DUP2_farm6_field467_soybean_2020,Brazil|soybean,188,2,hierarchy_power50,4.434700313388242,0.6422018348623854,0.3282686318916807,-1.2355553947776097,4.711682319641113,0,5.240879202288492,5.719670567560928,0
0,0.015,4.141856733015028,Brazil,1,1,soybean,3.656761693954468,Brazil_DUP2_farm6_field470_soybean_2017,Brazil|soybean,189,2,hierarchy_power50,4.076836440607082,0.26605504587155965,0.6562713742298242,-0.6671806829878809,4.728090286254883,0,5.216714670492542,5.893690787636579,0
0,0.015,4.141856733015028,Brazil,1,1,soybean,3.656761693954468,Brazil_DUP2_farm7_field473_soybean_2018,Brazil|soybean,190,2,hierarchy_power50,3.888964654234266,0.10091743119266056,0.5944389207131595,-0.3687946749138853,3.561701536178589,1,4.973816287515139,5.618111991319966,0
0,0.015,4.141856733015028,Brazil,1,1,soybean,3.656761693954468,Brazil_DUP2_farm7_field474_soybean_2017,Brazil|soybean,191,2,hierarchy_power50,3.7982242265097943,0.04128440366972477,0.644624298438671,-0.22467684582217362,4.159890651702881,0,4.927942268265829,5.598884227963065,0
0,0.015,4.141856733015028,Brazil,1,1,soybean,3.656761693954468,Brazil_DUP2_farm7_field475_soybean_2017,Brazil|soybean,192,2,hierarchy_power50,3.8876285551585563,0.10091743119266056,0.6160716083277542,-0.36667262520493527,3.9593982696533203,0,4.992043630270079,5.6479581039937035,0
0,0.015,4.141856733015028,Brazil,1,1,soybean,3.656761693954468,Brazil_DUP2_farm8_field493_soybean_2024,Brazil|soybean,193,2,hierarchy_power50,3.9490015471098974,0.15137614678899083,0.5425960459418795,-0.46414783649386093,3.5804173946380615,1,4.985467501318135,5.601026846900505,0
0,0.015,4.141856733015028,Brazil,1,1,soybean,3.656761693954468,Brazil_DUP2_farm8_field495_soybean_2024,Brazil|soybean,194,2,hierarchy_power50,3.8499702987412485,0.0871559633027523,0.5078589831825856,-0.3068621713825123,3.159027576446533,1,4.852710202873634,5.448239575228732,0
0,0.015,4.141856733015028,Brazil,1,1,soybean,3.656761693954468,Brazil_DUP2_farm8_field498_soybean_2024,Brazil|soybean,195,2,hierarchy_power50,3.7096183485434113,0.01834862385321101,0.4594754747737852,-0.08394919997004367,3.6294262409210205,1,4.663397656494306,5.229849226127148,0
0,0.015,4.141856733015028,Brazil,1,1,soybean,3.656761693954468,Brazil_DUP2_farm9_field500_soybean_2018,Brazil|soybean,196,2,hierarchy_power50,4.50676443757686,0.7064220183486238,0.5200889101550215,-1.350010719641129,5.121615409851074,0,5.521506178837015,6.1241634679154355,0
0,0.015,3.7483099491224374,Brazil,1,1,wheat,3.056740236282349,Brazil_DUP2_farm9_field505_wheat_2019,Brazil|wheat,197,2,hierarchy_power50,4.004513135603193,0.5871559633027523,0.6000824936865565,-1.1716207434113375,4.252683639526367,0,4.833158666251147,5.741849301094712,0
0,0.015,6.680697711308797,Brazil,1,1,corn,4.840037059783936,Brazil_DUP2_farm9_field515_corn_2023,Brazil|corn,198,2,hierarchy_power50,6.769629857387592,0.5091743119266054,1.2037464440695598,-1.045046815178825,7.6515960693359375,0,7.943258830528893,9.230257453258028,0
0,0.015,3.7483099491224374,Brazil,0,1,wheat,3.056740236282349,Brazil_DUP2_farm9_field520_wheat_2019,Brazil|wheat,200,2,hierarchy_power50,3.6812301641154863,0.3348623853211009,0.602181724428863,-0.7719838307521247,4.587927341461182,0,4.511323828590179,5.421602483398479,0
0,0.015,6.680697711308797,Brazil,1,1,corn,4.840037059783936,Brazil_DUP2_farm9_field521_corn_2018,Brazil|corn,201,2,hierarchy_power50,7.402531511426688,0.7339449541284404,1.5560713188740412,-1.3878195798244897,5.725604057312012,0,8.736907021428104,10.200179898015946,0
1,0.015,4.141856733015028,Brazil,1,1,soybean,3.656761693954468,Brazil_DUP2_farm9_field524_soybean_2019,Brazil|soybean,202,2,hierarchy_power50,3.559754706370266,0.009174311926605505,0.43913156010206184,0.1540706475377506,3.095946788787842,1,4.492180017242668,5.045949402367823,1
0,0.015,4.141856733015028,Brazil,1,1,soybean,3.656761693954468,Brazil_DUP2_farm9_field530_soybean_2017,Brazil|soybean,203,2,hierarchy_power50,4.275504535067005,0.48623853211009177,0.4674089843757591,-0.982713849420483,4.376036643981934,0,5.237482793426146,5.808803737231166,0
0,0.015,3.7483099491224374,Brazil,1,1,wheat,3.056740236282349,Brazil_DUP2_farm9_field533_wheat_2023,Brazil|wheat,204,2,hierarchy_power50,3.5096384170122006,0.18807339449541285,0.6212101744651197,-0.5598650305116203,3.2547969818115234,0,4.352745220354519,5.277294050987799,0
0,0.015,6.680697711308797,Brazil,1,1,corn,4.840037059783936,Brazil_DUP2_farm9_field539_corn_2018,Brazil|corn,206,2,hierarchy_power50,6.64657525459469,0.47706422018348627,1.4460483022301118,-0.9784017588221042,5.541452884674072,0,7.932912112005437,9.343505921241634,0
0,0.015,4.141856733015028,Brazil,1,1,soybean,3.656761693954468,Brazil_DUP2_farm9_field547_soybean_2023,Brazil|soybean,207,2,hierarchy_power50,4.01348043318863,0.1926605504587156,0.44697513696472924,-0.5665559617027823,4.292631149291992,0,4.954196175494739,5.512889265568626,0
0,0.015,9.758280831796151,Germany,0,1,wheat,8.544622993469238,Germany_DUP3_farm1_field16_wheat_2016,Germany|wheat,208,2,hierarchy_power50,8.715349992084349,0.01834862385321101,1.9086131720338229,-0.09546101238147071,11.02881908416748,0,10.19317248397288,11.813748965318563,0
0,0.015,9.758280831796151,Germany,0,0,wheat,8.544622993469238,Germany_DUP3_farm1_field23_wheat_2017,Germany|wheat,209,2,hierarchy_power50,10.563015812245336,0.5458715596330275,1.4696340090968978,-1.128572653574448,14.301862716674805,0,11.859800609511163,13.281851603693855,0
0,0.015,4.479201480962228,Germany,0,1,rapeseed,3.4644815921783447,Germany_DUP3_farm1_field25_rapeseed_2017,Germany|rapeseed,210,2,hierarchy_power50,4.6344609531122405,0.43119266055045874,0.9911665824418889,-0.9197754804651729,6.167816162109375,0,5.699429151630012,6.867270638257731,0
0,0.015,9.758280831796151,Germany,0,1,wheat,8.544622993469238,Germany_DUP3_farm1_field37_wheat_2017,Germany|wheat,211,2,hierarchy_power50,9.920971948034468,0.3302752293577982,1.9223405270726244,-0.7695775457821868,12.630252838134766,0,11.404099403758176,13.030493295295454,0
0,0.015,9.758280831796151,Germany,1,1,wheat,8.544622993469238,Germany_DUP3_farm1_field53_wheat_2016,Germany|wheat,212,2,hierarchy_power50,8.924482586845945,0.04128440366972477,2.0739432138783953,-0.2123962913932749,9.867631912231445,0,10.464982734070974,12.154291376891893,0
0,0.015,4.479201480962228,Germany,1,1,rapeseed,3.4644815921783447,Germany_DUP3_farm1_field54_rapeseed_2019,Germany|rapeseed,213,2,hierarchy_power50,4.153362554090824,0.17889908256880735,0.8100923800940687,-0.5415615342313383,3.924856185913086,0,5.116150373613312,6.171941109921799,0
0,0.015,9.758280831796151,Germany,1,1,wheat,8.544622993469238,Germany_DUP3_farm1_field57_wheat_2019,Germany|wheat,214,2,hierarchy_power50,9.675802069684584,0.23853211009174313,1.38440886676215,-0.6324922283890977,8.579115867614746,0,10.934424594498337,12.314626935307574,0
0,0.015,4.479201480962228,Germany,1,1,rapeseed,3.4644815921783447,Germany_DUP3_farm1_field64_rapeseed_2016,Germany|rapeseed,215,2,hierarchy_power50,4.566758123773931,0.3944954128440367,1.094451637855533,-0.8665511207347675,5.263590335845947,0,5.685839327874584,6.913021002287969,0
0,0.015,9.758280831796151,Germany,1,1,wheat,8.544622993469238,Germany_DUP3_farm2_field104_wheat_2021,Germany|wheat,216,2,hierarchy_power50,9.251948651316193,0.12385321100917432,1.7456995034596887,-0.39549704457513846,9.514748573303223,0,10.665293231702403,12.215163395123925,0
0,0.015,9.758280831796151,Germany,1,1,wheat,8.544622993469238,Germany_DUP3_farm2_field112_wheat_2021,Germany|wheat,217,2,hierarchy_power50,9.704547798511303,0.25688073394495414,1.8369295374025763,-0.64856523615999,10.008923530578613,0,11.15435269602775,12.744205152835644,0
0,0.015,9.758280831796151,Germany,1,1,wheat,8.544622993469238,Germany_DUP3_farm2_field147_wheat_2018,Germany|wheat,218,2,hierarchy_power50,10.540956328765336,0.5412844036697247,1.4201135904323543,-1.1162382211607413,10.852078437805176,0,11.815705844096913,13.213593002732052,0
0,0.015,9.758280831796151,Germany,1,1,wheat,8.544622993469238,Germany_DUP3_farm2_field151_wheat_2018,Germany|wheat,219,2,hierarchy_power50,9.668292155764371,0.23853211009174313,0.7115893345156942,-0.6282931035199407,9.631241798400879,0,10.570648401686007,11.560170024182932,0
0,0.015,9.758280831796151,Germany,1,1,wheat,8.544622993469238,Germany_DUP3_farm2_field157_wheat_2021,Germany|wheat,220,2,hierarchy_power50,9.836844825457192,0.3073394495412844,1.2541631412865293,-0.7225383524787785,10.112736701965332,0,11.034799344788908,12.348473301171747,0
0,0.015,9.758280831796151,Germany,1,1,wheat,8.544622993469238,Germany_DUP3_farm2_field159_wheat_2019,Germany|wheat,221,2,hierarchy_power50,9.228436400414642,0.11467889908256881,1.107845221948973,-0.3823503056724697,7.64957857131958,1,10.354344279123573,11.589012067990282,0
0,0.015,4.479201480962228,Germany,1,1,rapeseed,3.4644815921783447,Germany_DUP3_farm2_field178_rapeseed_2017,Germany|rapeseed,222,2,hierarchy_power50,4.277469315459776,0.24770642201834864,0.9232907248277356,-0.6391276622149868,4.423279762268066,0,5.305325965623524,6.432471020319152,0
0,0.015,4.479201480962228,Germany,1,1,rapeseed,3.4644815921783447,Germany_DUP3_farm2_field179_rapeseed_2017,Germany|rapeseed,223,2,hierarchy_power50,4.931095227267776,0.5779816513761468,0.7952960712035899,-1.1529735531355,4.636385440826416,0,5.885049883692718,6.931154195244277,0
0,0.015,9.758280831796151,Germany,1,1,wheat,8.544622993469238,Germany_DUP3_farm2_field194_wheat_2017,Germany|wheat,224,2,hierarchy_power50,9.84635789430173,0.3119266055045872,1.4152039864621992,-0.7278575298210899,8.748379707336426,0,11.118901975534598,12.514370660603973,0
0,0.015,4.479201480962228,Germany,1,1,rapeseed,3.4644815921783447,Germany_DUP3_farm2_field197_rapeseed_2017,Germany|rapeseed,225,2,hierarchy_power50,4.4460635014114676,0.3348623853211009,1.039570587499459,-0.7716674347658238,3.209768295288086,1,5.536725811377822,6.732743396928923,0
0,0.015,9.758280831796151,Germany,1,1,wheat,8.544622993469238,Germany_DUP3_farm2_field202_wheat_2022,Germany|wheat,226,2,hierarchy_power50,9.58439844275675,0.19724770642201836,1.1722729856265073,-0.581384419825438,9.567559242248535,0,10.742582792754257,12.012644880028382,0
0,0.015,9.758280831796151,Germany,1,1,wheat,8.544622993469238,Germany_DUP3_farm2_field208_wheat_2022,Germany|wheat,227,2,hierarchy_power50,9.359526726361898,0.15137614678899083,1.3750337971439144,-0.45564870211739134,9.409064292907715,0,10.613880382874482,11.989401493286426,0
0,0.015,9.758280831796151,Germany,1,1,wheat,8.544622993469238,Germany_DUP3_farm2_field209_wheat_2022,Germany|wheat,228,2,hierarchy_power50,9.42432030537569,0.16972477064220184,1.2699719340411142,-0.49187765652207605,8.686691284179688,0,10.629801321060807,11.951728814687938,0
0,0.015,9.758280831796151,Germany,1,1,wheat,8.544622993469238,Germany_DUP3_farm2_field219_wheat_2022,Germany|wheat,229,2,hierarchy_power50,9.014168820346015,0.05045871559633028,1.3458214322719013,-0.26254382936937937,5.437195301055908,1,10.255126679381714,11.615957991486304,0
0,0.015,9.758280831796151,Germany,1,1,wheat,8.544622993469238,Germany_DUP3_farm2_field79_wheat_2019,Germany|wheat,230,2,hierarchy_power50,10.248245259441543,0.4541284403669725,1.0385647458427103,-0.9525705222052521,11.206942558288574,0,11.338379803863873,12.533818643027631,0
0,0.015,9.758280831796151,Germany,1,1,wheat,8.544622993469238,Germany_DUP3_farm2_field86_wheat_2018,Germany|wheat,231,2,hierarchy_power50,10.069047525332923,0.38990825688073394,0.895579785327067,-0.8523731471372388,9.91884994506836,0,11.081362019023723,12.19146358345736,0
0,0.015,9.758280831796151,Germany,1,1,wheat,8.544622993469238,Germany_DUP3_farm2_field97_wheat_2021,Germany|wheat,232,2,hierarchy_power50,10.000089546396396,0.3669724770642202,1.7722662288779865,-0.81381569263702,5.407424449920654,1,11.424147929290083,12.985766821983692,0
0,0.015,9.758280831796151,Germany,0,1,wheat,8.544622993469238,Germany_DUP3_farm2_field98_wheat_2016,Germany|wheat,233,2,hierarchy_power50,10.193883243892293,0.43119266055045874,1.5828871685506292,-0.9221743160894996,12.055842399597168,0,11.539707318893296,13.015534663480729,0
0,0.015,4.479201480962228,Germany,1,1,rapeseed,3.4644815921783447,Germany_DUP3_farm3_field225_rapeseed_2019,Germany|rapeseed,234,2,hierarchy_power50,4.088170952196885,0.16972477064220184,1.0067822149992154,-0.4903113678126502,2.6462926864624023,1,5.161495547174706,6.338500637446494,0
0,0.015,9.758280831796151,Germany,1,1,wheat,8.544622993469238,Germany_DUP3_farm3_field235_wheat_2016,Germany|wheat,235,2,hierarchy_power50,9.170045160600333,0.10091743119266056,1.68272883738941,-0.34970118214720064,8.788702011108398,0,10.5576646226687,12.079324685110869,0
0,0.015,9.758280831796151,Germany,1,1,wheat,8.544622993469238,Germany_DUP3_farm3_field239_wheat_2017,Germany|wheat,236,2,hierarchy_power50,9.648910764408297,0.22935779816513763,1.9425464280394742,-0.6174561108051367,7.893531799316406,1,11.139812490174457,12.774731626969253,0
0,0.015,4.479201480962228,Germany,1,1,rapeseed,3.4644815921783447,Germany_DUP3_farm4_field242_rapeseed_2018,Germany|rapeseed,237,2,hierarchy_power50,4.764613907190445,0.4954128440366973,0.9576856069466168,-1.0220948032399668,4.3051557540893555,0,5.811440614084764,6.959388185967738,0
0,0.015,4.479201480962228,Germany,1,1,rapeseed,3.4644815921783447,Germany_DUP3_farm4_field243_rapeseed_2018,Germany|rapeseed,238,2,hierarchy_power50,4.93768567138613,0.5825688073394495,1.0193802315629148,-1.1581546094069535,2.9068593978881836,1,6.0177047249424795,7.202050941897108,0
0,0.015,4.479201480962228,Germany,1,1,rapeseed,3.4644815921783447,Germany_DUP3_farm4_field248_rapeseed_2020,Germany|rapeseed,239,2,hierarchy_power50,4.26985662817767,0.23853211009174313,1.0026845034359397,-0.633142972795388,5.0099263191223145,0,5.340994722972244,6.515602102563028,0
0,0.015,4.479201480962228,Germany,1,1,rapeseed,3.4644815921783447,Germany_DUP3_farm4_field260_rapeseed_2018,Germany|rapeseed,240,2,hierarchy_power50,4.616299861247263,0.42660550458715596,1.0979870253613395,-0.9054981969902337,4.232450485229492,0,5.737187082014094,6.966349229826813,0
0,0.015,4.479201480962228,Germany,1,1,rapeseed,3.4644815921783447,Germany_DUP3_farm5_field267_rapeseed_2020,Germany|rapeseed,241,2,hierarchy_power50,4.4430081877100625,0.3302752293577982,1.169068020546325,-0.7692655098075591,3.976979970932007,0,5.5996082305513415,6.867932970525165,0
0,0.015,4.479201480962228,Germany,1,1,rapeseed,3.4644815921783447,Germany_DUP3_farm5_field269_rapeseed_2017,Germany|rapeseed,242,2,hierarchy_power50,4.002134937430834,0.13761467889908258,1.1983872966587197,-0.42267443381102215,2.265892505645752,1,5.173148464935389,6.4572789964624935,0
0,0.015,4.479201480962228,Germany,1,1,rapeseed,3.4644815921783447,Germany_DUP3_farm6_field285_rapeseed_2020,Germany|rapeseed,243,2,hierarchy_power50,3.831255764914165,0.05963302752293578,0.9659467973016462,-0.2883383264821248,3.847475051879883,0,4.882587846387707,6.0354760008662325,0
0,0.015,9.758280831796151,Germany,1,1,wheat,8.544622993469238,Germany_DUP3_farm6_field289_wheat_2021,Germany|wheat,244,2,hierarchy_power50,9.987267497082584,0.3669724770642202,1.5122893184878596,-0.8066463180317708,5.549441814422607,1,11.302736915009234,12.745277417892733,0
0,0.015,4.479201480962228,Germany,1,1,rapeseed,3.4644815921783447,Germany_DUP3_farm6_field290_rapeseed_2021,Germany|rapeseed,245,2,hierarchy_power50,4.220394407130584,0.2018348623853211,1.150316907889682,-0.5942584081205518,2.0372815132141113,1,5.367681388023193,6.62579344734953,0
0,0.015,4.479201480962228,Germany,1,1,rapeseed,3.4644815921783447,Germany_DUP3_farm6_field293_rapeseed_2016,Germany|rapeseed,246,2,hierarchy_power50,4.144442159848322,0.17889908256880735,1.0867519296634147,-0.5345487952255945,4.694138050079346,0,5.259579924660236,6.482437233324674,0
0,0.015,2.4098708967710363,Uruguay,1,1,soybean,1.3531898975372314,Uruguay_DUP4_farm10_field293_soybean_2019,Uruguay|soybean,247,2,hierarchy_power50,3.6022776267148675,1.0,0.5816539059668482,-2.0666824213273034,4.143353462219238,0,4.943915973926064,5.579876407447082,0
0,0.015,2.4098708967710363,Uruguay,1,1,soybean,1.3531898975372314,Uruguay_DUP4_farm10_field294_soybean_2019,Uruguay|soybean,248,2,hierarchy_power50,3.245980336708244,0.9311926605504587,0.6934087322574453,-1.7392815216334139,3.4914588928222656,0,4.710845975036689,5.405218335768527,0
0,0.015,2.4098708967710363,Uruguay,1,1,soybean,1.3531898975372314,Uruguay_DUP4_farm10_field295_soybean_2019,Uruguay|soybean,249,2,hierarchy_power50,2.918763548047397,0.7568807339449541,0.698334536986606,-1.4386026391178746,2.309270143508911,0,4.388823001028452,5.085657322261769,0
0,0.015,2.4098708967710363,Uruguay,1,1,soybean,1.3531898975372314,Uruguay_DUP4_farm10_field304_soybean_2019,Uruguay|soybean,250,2,hierarchy_power50,3.6792476949013078,1.0,0.5939860569561246,-2.137410070064885,4.0083465576171875,0,5.0350340657766885,5.677700914093946,0
0,0.015,2.4098708967710363,Uruguay,1,1,soybean,1.3531898975372314,Uruguay_DUP4_farm10_field316_soybean_2019,Uruguay|soybean,251,2,hierarchy_power50,3.138232433647386,0.8532110091743119,0.6294391197966324,-1.6402721791778507,3.356281280517578,0,4.533893630100519,5.195461854793695,0
0,0.015,2.4098708967710363,Uruguay,1,1,soybean,1.3531898975372314,Uruguay_DUP4_farm10_field321_soybean_2019,Uruguay|soybean,252,2,hierarchy_power50,3.484854559361531,1.0,0.7107576969585684,-1.9587825888711439,3.085536241531372,0,4.9679323258927655,5.670937559239837,0
0,0.015,2.4098708967710363,Uruguay,1,1,soybean,1.3531898975372314,Uruguay_DUP4_farm10_field325_soybean_2019,Uruguay|soybean,253,2,hierarchy_power50,3.145083040926671,0.8669724770642202,0.5548517055470477,-1.6465671891304825,3.619173049926758,0,4.455445979182909,5.076581312721592,0
0,0.015,2.4098708967710363,Uruguay,1,1,soybean,1.3531898975372314,Uruguay_DUP4_farm10_field340_soybean_2021,Uruguay|soybean,254,2,hierarchy_power50,1.8792471372538253,0.16972477064220184,0.5842038149293627,-0.4833929934479581,1.3346002101898193,1,3.2238230684997737,3.86117596908923,0
0,0.015,2.4098708967710363,Uruguay,1,1,soybean,1.3531898975372314,Uruguay_DUP4_farm10_field344_soybean_2021,Uruguay|soybean,255,2,hierarchy_power50,2.3315410599000352,0.42201834862385323,0.7299116678278773,-0.8990050156378963,2.9431731700897217,0,3.834469461213404,4.546884248430157,0
0,0.015,2.4098708967710363,Uruguay,1,1,soybean,1.3531898975372314,Uruguay_DUP4_farm10_field347_soybean_2019,Uruguay|soybean,256,2,hierarchy_power50,3.183995617355442,0.8899082568807339,0.4416106091061526,-1.6823238813353263,2.9836575984954834,0,4.353018164659506,4.907155639579418,0
0,0.015,2.4098708967710363,Uruguay,1,1,soybean,1.3531898975372314,Uruguay_DUP4_farm10_field362_soybean_2019,Uruguay|soybean,257,2,hierarchy_power50,3.578676281931547,1.0,0.6288856456053192,-2.044995190655689,4.231245040893555,0,4.973723731708013,5.6350010295628365,0
1,0.015,2.4098708967710363,Uruguay,1,1,soybean,1.3531898975372314,Uruguay_DUP4_farm10_field366_soybean_2018,Uruguay|soybean,258,2,hierarchy_power50,1.2924903777127028,0.009174311926605505,0.5135237073968381,0.05577667290472041,1.033884882926941,1,2.55310803973752,3.1506632277746087,1
0,0.015,2.4098708967710363,Uruguay,1,1,soybean,1.3531898975372314,Uruguay_DUP4_farm10_field367_soybean_2019,Uruguay|soybean,259,2,hierarchy_power50,3.2834338184976186,0.944954128440367,0.6777656792511904,-1.7736974545592075,2.9317121505737305,0,4.731681777517693,5.418177062762659,0
0,0.015,2.4098708967710363,Uruguay,1,1,soybean,1.3531898975372314,Uruguay_DUP4_farm10_field370_soybean_2018,Uruguay|soybean,260,2,hierarchy_power50,1.4908012727057616,0.01834862385321101,0.4807127161413677,-0.12645082997250023,0.8652379512786865,1,2.7104813888667243,3.288631452215047,0
0,0.015,2.4098708967710363,Uruguay,1,1,soybean,1.3531898975372314,Uruguay_DUP4_farm10_field373_soybean_2018,Uruguay|soybean,261,2,hierarchy_power50,1.62524190049643,0.05045871559633028,0.4401250183910087,-0.249988066231743,1.5125861167907715,0,2.7922964786937756,3.34550110126278,0
0,0.015,2.4098708967710363,Uruguay,1,1,soybean,1.3531898975372314,Uruguay_DUP4_farm10_field376_soybean_2018,Uruguay|soybean,262,2,hierarchy_power50,1.6628027667067002,0.05963302752293578,0.531340517446598,-0.28450267449692423,1.0615953207015991,1,2.9451026587374516,3.5529356093496327,0
0,0.015,2.4098708967710363,Uruguay,1,1,soybean,1.3531898975372314,Uruguay_DUP4_farm10_field377_soybean_2019,Uruguay|soybean,263,2,hierarchy_power50,2.8827475290825415,0.7385321100917431,0.5478836131546612,-1.4055075880377312,3.425407886505127,0,4.184856389377055,4.802079143188297,0
0,0.015,2.4098708967710363,Uruguay,1,1,soybean,1.3531898975372314,Uruguay_DUP4_farm10_field422_soybean_2018,Uruguay|soybean,264,2,hierarchy_power50,1.8848062026757877,0.16972477064220184,1.0301113918393234,-0.4885012080531656,0.6888680458068848,1,3.670246092819929,4.516576349346985,0
1,0.015,2.4098708967710363,Uruguay,1,1,soybean,1.3531898975372314,Uruguay_DUP4_farm10_field427_soybean_2018,Uruguay|soybean,265,2,hierarchy_power50,1.3474829536316932,0.009174311926605505,0.4920490151436609,0.0052440998614977415,1.5064901113510132,0,2.581460683772658,3.166388070386925,1
0,0.015,2.4098708967710363,Uruguay,0,1,soybean,1.3531898975372314,Uruguay_DUP4_farm10_field449_soybean_2018,Uruguay|soybean,266,2,hierarchy_power50,1.9687893409247545,0.18807339449541285,0.5733073525488037,-0.5656731534847935,3.7536041736602783,0,3.3007668580297063,3.9321478862919887,0
0,0.015,2.4098708967710363,Uruguay,1,1,soybean,1.3531898975372314,Uruguay_DUP4_farm10_field466_soybean_2018,Uruguay|soybean,267,2,hierarchy_power50,2.0739726807086623,0.25688073394495414,0.7766628908261264,-0.6623259236403546,2.0693092346191406,0,3.624285777824152,4.359161753443293,0
1,0.015,2.4098708967710363,Uruguay,1,1,soybean,1.3531898975372314,Uruguay_DUP4_farm10_field475_soybean_2018,Uruguay|soybean,268,2,hierarchy_power50,1.2530773473153125,0.009174311926605505,0.6878764493122036,0.09199323130607205,1.376645565032959,0,2.712087651026864,3.4036844790310408,1
0,0.015,2.4098708967710363,Uruguay,1,1,soybean,1.3531898975372314,Uruguay_DUP4_farm10_field476_soybean_2018,Uruguay|soybean,269,2,hierarchy_power50,1.3839635733958786,0.009174311926605505,0.7583843998194127,-0.02827787200632912,0.9442515969276428,1,2.915925012900477,3.642101976483839,1
1,0.015,2.4098708967710363,Uruguay,1,1,soybean,1.3531898975372314,Uruguay_DUP4_farm10_field481_soybean_2018,Uruguay|soybean,270,2,hierarchy_power50,1.2393986703860465,0.009174311926605505,0.5174685938993473,0.10456254142678756,0.8724110126495361,1,2.5048490980739984,3.104695102971399,1
0,0.015,2.4098708967710363,Uruguay,1,1,soybean,1.3531898975372314,Uruguay_DUP4_farm10_field495_soybean_2022,Uruguay|soybean,271,2,hierarchy_power50,3.537793266505283,1.0,0.4909792929507078,-2.0074278658171836,2.9788596630096436,0,4.770428923462283,5.354720143522677,0
0,0.015,2.4098708967710363,Uruguay,1,1,soybean,1.3531898975372314,Uruguay_DUP4_farm10_field516_soybean_2022,Uruguay|soybean,272,2,hierarchy_power50,2.947024720766622,0.7706422018348624,0.48916408201684064,-1.4645717767852047,2.944268226623535,0,4.1773796648112445,4.760589786395653,0
0,0.015,2.4098708967710363,Uruguay,1,1,soybean,1.3531898975372314,Uruguay_DUP4_farm10_field520_soybean_2022,Uruguay|soybean,273,2,hierarchy_power50,3.660011298574885,1.0,0.48922616043731293,-2.119733782198587,3.4828546047210693,0,4.890444310563644,5.473691437741772,0
0,0.015,2.4098708967710363,Uruguay,1,1,soybean,1.3531898975372314,Uruguay_DUP4_farm10_field522_soybean_2022,Uruguay|soybean,274,2,hierarchy_power50,3.555541443319289,1.0,0.40734717879819154,-2.0237366316142062,3.2485532760620117,0,4.678297728534789,5.210504172520469,0
0,0.015,2.4098708967710363,Uruguay,1,1,soybean,1.3531898975372314,Uruguay_DUP4_farm10_field527_soybean_2022,Uruguay|soybean,275,2,hierarchy_power50,3.9477020431591345,1.0,0.5474661732448435,-2.384092258258669,3.5540645122528076,0,5.249314761785454,5.866302335623607,0
0,0.015,2.4098708967710363,Uruguay,1,1,soybean,1.3531898975372314,Uruguay_DUP4_farm10_field529_soybean_2022,Uruguay|soybean,276,2,hierarchy_power50,2.8658049383504998,0.7339449541284404,0.618958440996677,-1.389939073753739,2.4156973361968994,0,4.249797906375527,4.905835183309952,0
0,0.015,2.4098708967710363,Uruguay,1,1,soybean,1.3531898975372314,Uruguay_DUP4_farm10_field531_soybean_2022,Uruguay|soybean,277,2,hierarchy_power50,3.3118374070775904,0.944954128440367,0.43847127692709814,-1.7997974578891374,3.0858843326568604,0,4.4766973555119725,5.0288616845485405,0
0,0.015,2.4098708967710363,Uruguay,1,1,soybean,1.3531898975372314,Uruguay_DUP4_farm10_field543_soybean_2022,Uruguay|soybean,278,2,hierarchy_power50,2.5923337243140234,0.5642201834862385,0.6822069118892445,-1.1386468971720474,2.389759063720703,0,4.045318942715626,4.734059773145137,0
0,0.015,2.4098708967710363,Uruguay,1,1,soybean,1.3531898975372314,Uruguay_DUP4_farm10_field547_soybean_2022,Uruguay|soybean,279,2,hierarchy_power50,2.8393181742020337,0.7110091743119266,0.8364095745551572,-1.3656004367351233,2.017805576324463,0,4.448157362582937,5.2107757461697775,0
0,0.015,2.4098708967710363,Uruguay,1,1,soybean,1.3531898975372314,Uruguay_DUP4_farm10_field556_soybean_2022,Uruguay|soybean,280,2,hierarchy_power50,3.460575090252978,0.9954128440366973,0.4466812021953279,-1.9364722310514626,2.9100286960601807,0,4.636289867279806,5.193599578089188,0
0,0.015,2.4098708967710363,Uruguay,1,1,soybean,1.3531898975372314,Uruguay_DUP4_farm10_field565_soybean_2019,Uruguay|soybean,281,2,hierarchy_power50,3.289241913529049,0.944954128440367,0.7645632784366914,-1.7790345019972122,3.5225167274475098,0,4.827431462058238,5.556560660067165,0
0,0.015,2.4098708967710363,Uruguay,1,1,soybean,1.3531898975372314,Uruguay_DUP4_farm10_field571_soybean_2019,Uruguay|soybean,282,2,hierarchy_power50,3.5964848613983342,1.0,0.6938143018667716,-2.0613594603350562,3.1741459369659424,0,5.061778831611365,5.756354229273073,0
0,0.015,2.4098708967710363,Uruguay,1,1,soybean,1.3531898975372314,Uruguay_DUP4_farm2_field15_soybean_2021,Uruguay|soybean,283,2,hierarchy_power50,2.188249452656814,0.3302752293577982,0.5450659296767468,-0.7673346312542768,1.2272579669952393,1,3.487005721366832,4.102639287151415,0
0,0.015,2.4098708967710363,Uruguay,1,1,soybean,1.3531898975372314,Uruguay_DUP4_farm2_field17_soybean_2021,Uruguay|soybean,284,2,hierarchy_power50,2.5620996545635757,0.536697247706422,0.7206105188406589,-1.1108648681885533,2.7164363861083984,0,4.055421564751781,4.763282704353084,0
0,0.015,2.4098708967710363,Uruguay,1,1,soybean,1.3531898975372314,Uruguay_DUP4_farm2_field25_soybean_2021,Uruguay|soybean,285,2,hierarchy_power50,2.205630909893191,0.3394495412844037,0.4695356806458345,-0.7833064191314031,2.851531505584717,0,3.4110482616322564,3.9824375210248686,0
0,0.015,2.4098708967710363,Uruguay,1,1,soybean,1.3531898975372314,Uruguay_DUP4_farm2_field34_soybean_2018,Uruguay|soybean,286,2,hierarchy_power50,1.745415378343971,0.10091743119266056,0.6424212444264756,-0.3604152456410986,1.4441769123077393,0,3.1553958110411813,3.8237516083379592,0
0,0.015,2.4098708967710363,Uruguay,1,1,soybean,1.3531898975372314,Uruguay_DUP4_farm2_field46_soybean_2018,Uruguay|soybean,287,2,hierarchy_power50,1.4570456137271073,0.01834862385321101,0.693206169260365,-0.09543281936914681,1.439924955368042,0,2.921697273464088,3.615968204538617,0
0,0.015,2.4098708967710363,Uruguay,1,1,soybean,1.3531898975372314,Uruguay_DUP4_farm2_field7_soybean_2019,Uruguay|soybean,288,2,hierarchy_power50,2.93048101098431,0.7614678899082569,0.6025018269237791,-1.449369793444543,3.214998483657837,0,4.295951512949662,4.943208811606279,0
0,0.015,2.4098708967710363,Uruguay,1,1,soybean,1.3531898975372314,Uruguay_DUP4_farm3_field60_soybean_2019,Uruguay|soybean,289,2,hierarchy_power50,2.918111519506458,0.7568807339449541,0.7500558536795812,-1.4380034913361848,2.8881032466888428,0,4.441637767735525,5.163816300660155,0
0,0.015,2.4098708967710363,Uruguay,1,1,soybean,1.3531898975372314,Uruguay_DUP4_farm3_field61_soybean_2021,Uruguay|soybean,290,2,hierarchy_power50,1.7616288409935377,0.11009174311926606,0.537272458919278,-0.3753137655218497,1.4906071424484253,0,3.0510667314715176,3.6622832202752003,0
0,0.015,2.4098708967710363,Uruguay,1,1,soybean,1.3531898975372314,Uruguay_DUP4_farm3_field62_soybean_2021,Uruguay|soybean,291,2,hierarchy_power50,2.127949228244373,0.3073394495412844,0.4650694302545144,-0.7119248701415563,1.634704828262329,0,3.327619882021322,3.8962851043924087,0
0,0.015,2.4098708967710363,Uruguay,1,1,soybean,1.3531898975372314,Uruguay_DUP4_farm3_field68_soybean_2019,Uruguay|soybean,292,2,hierarchy_power50,3.160967830926865,0.8807339449541285,0.8402276096421694,-1.6611636923410888,4.682563304901123,0,4.7734748458633405,5.537831844458622,0
0,0.015,2.4098708967710363,Uruguay,1,1,soybean,1.3531898975372314,Uruguay_DUP4_farm3_field72_soybean_2019,Uruguay|soybean,293,2,hierarchy_power50,3.0214692471391116,0.8119266055045872,0.7821621878201033,-1.5329787099706507,2.4297561645507812,0,4.5772612937730015,5.314734388890258,0
0,0.015,2.4098708967710363,Uruguay,1,1,soybean,1.3531898975372314,Uruguay_DUP4_farm4_field100_soybean_2021,Uruguay|soybean,294,2,hierarchy_power50,2.178986649925974,0.3256880733944954,0.5406765164087407,-0.7588230595055618,1.8733887672424316,0,3.4725029089257236,4.08565261693006,0
0,0.015,2.4098708967710363,Uruguay,1,1,soybean,1.3531898975372314,Uruguay_DUP4_farm4_field105_soybean_2018,Uruguay|soybean,295,2,hierarchy_power50,2.0644252870519337,0.25688073394495414,0.740721778641384,-0.6535528418330623,1.0132498741149902,1,3.578442091333649,4.2961129787308,0
0,0.015,2.4098708967710363,Uruguay,1,1,soybean,1.3531898975372314,Uruguay_DUP4_farm4_field109_soybean_2018,Uruguay|soybean,296,2,hierarchy_power50,1.4771365629824174,0.01834862385321101,0.620972740483453,-0.11389435429064598,1.3927936553955078,0,2.8633796917070287,3.5204835848252976,0
0,0.015,2.4098708967710363,Uruguay,1,1,soybean,1.3531898975372314,Uruguay_DUP4_farm4_field125_soybean_2018,Uruguay|soybean,297,2,hierarchy_power50,2.0694554193665455,0.25688073394495414,0.6943425190453415,-0.6581750208155424,2.7570090293884277,0,3.535307064872394,4.23014681053945,0
0,0.015,2.4098708967710363,Uruguay,1,1,soybean,1.3531898975372314,Uruguay_DUP4_farm4_field142_soybean_2018,Uruguay|soybean,298,2,hierarchy_power50,2.0029329346734506,0.21100917431192662,0.711204917029197,-0.5970476366078561,1.0559509992599487,1,3.48647721591523,4.189703585530641,0
0,0.015,2.4098708967710363,Uruguay,1,1,soybean,1.3531898975372314,Uruguay_DUP4_farm4_field154_soybean_2022,Uruguay|soybean,299,2,hierarchy_power50,2.7057081599495203,0.6467889908256881,0.9806168505648616,-1.2428264496706325,1.8029600381851196,0,4.447726866692978,5.273474710174899,0
0,0.015,2.4098708967710363,Uruguay,1,1,soybean,1.3531898975372314,Uruguay_DUP4_farm4_field156_soybean_2022,Uruguay|soybean,300,2,hierarchy_power50,2.3465375238075765,0.42660550458715596,0.8683756100567432,-0.9127852376975832,2.666659116744995,0,3.985831892575149,4.7628865732176955,0
0,0.015,2.4098708967710363,Uruguay,1,1,soybean,1.3531898975372314,Uruguay_DUP4_farm4_field158_soybean_2019,Uruguay|soybean,301,2,hierarchy_power50,2.487879214886067,0.5045871559633027,0.6276820815820277,-1.042663847839393,3.4754719734191895,0,3.8815911014835356,4.5422353186426,0
0,0.015,2.4098708967710363,Uruguay,1,1,soybean,1.3531898975372314,Uruguay_DUP4_farm4_field160_soybean_2019,Uruguay|soybean,302,2,hierarchy_power50,3.066858376351488,0.8165137614678899,0.681888335506161,-1.5746866941660345,3.3496956825256348,0,4.519504298258347,5.208084296115995,0
0,0.015,2.4098708967710363,Uruguay,1,1,soybean,1.3531898975372314,Uruguay_DUP4_farm4_field161_soybean_2019,Uruguay|soybean,303,2,hierarchy_power50,3.6602222195704743,1.0,0.6152409313137416,-2.119927597098832,2.4216034412384033,0,5.040052746688452,5.694116952616628,0
0,0.015,2.4098708967710363,Uruguay,1,1,soybean,1.3531898975372314,Uruguay_DUP4_farm4_field167_soybean_2019,Uruguay|soybean,304,2,hierarchy_power50,3.5203229926213164,1.0,0.7383695341149944,-1.991374464492119,3.7919440269470215,0,5.031933920838689,5.74846438020018,0
0,0.015,2.4098708967710363,Uruguay,1,1,soybean,1.3531898975372314,Uruguay_DUP4_farm4_field93_soybean_2021,Uruguay|soybean,305,2,hierarchy_power50,1.8816821567991837,0.16972477064220184,0.46827596932427346,-0.485630528260271,1.318647861480713,1,3.0854814230629453,3.6561036811675525,0
0,0.015,2.4098708967710363,Uruguay,1,1,soybean,1.3531898975372314,Uruguay_DUP4_farm5_field170_soybean_2018,Uruguay|soybean,306,2,hierarchy_power50,2.053849360711637,0.25229357798165136,0.6875747735745232,-0.643834643306082,1.5554298162460327,0,3.5125396968777003,4.20398485457567,0
0,0.015,2.4098708967710363,Uruguay,1,1,soybean,1.3531898975372314,Uruguay_DUP4_farm5_field172_soybean_2018,Uruguay|soybean,307,2,hierarchy_power50,2.0566919324536523,0.25688073394495414,0.6743902439101075,-0.6464466770539754,1.706803560256958,0,3.501329079410591,4.186112775530361,0
0,0.015,2.4098708967710363,Uruguay,1,1,soybean,1.3531898975372314,Uruguay_DUP4_farm7_field195_soybean_2018,Uruguay|soybean,308,2,hierarchy_power50,2.1638206883900466,0.3256880733944954,0.7372641019305572,-0.7448870863986846,1.1745525598526,1,3.674299656809577,4.39029354709844,0
0,0.015,2.4098708967710363,Uruguay,1,1,soybean,1.3531898975372314,Uruguay_DUP4_farm7_field196_soybean_2018,Uruguay|soybean,309,2,hierarchy_power50,2.2366566803342938,0.3669724770642202,0.7821467034511433,-0.8118159403683572,1.3717516660690308,0,3.7924333269797414,4.529899122228634,0
0,0.015,2.4098708967710363,Uruguay,1,1,soybean,1.3531898975372314,Uruguay_DUP4_farm7_field214_soybean_2018,Uruguay|soybean,310,2,hierarchy_power50,2.2773407229014073,0.38990825688073394,0.6684264649305152,-0.8492004294263847,1.546582818031311,0,3.715576065716496,4.397325192836481,0
0,0.015,2.4098708967710363,Uruguay,1,1,soybean,1.3531898975372314,Uruguay_DUP4_farm7_field215_soybean_2018,Uruguay|soybean,311,2,hierarchy_power50,2.3101374680087434,0.40825688073394495,0.8058267779936809,-0.8793372959037397,1.3415247201919556,1,3.8892896548474565,4.63783587181059,0
0,0.015,2.4098708967710363,Uruguay,0,0,soybean,1.3531898975372314,Uruguay_DUP4_farm7_field220_soybean_2018,Uruguay|soybean,312,2,hierarchy_power50,2.124677269190425,0.30275229357798167,0.6641718460466856,-0.7089182732123342,4.3407158851623535,0,3.558328030182555,4.237903983995665,0
0,0.015,2.4098708967710363,Uruguay,1,1,soybean,1.3531898975372314,Uruguay_DUP4_farm7_field227_soybean_2019,Uruguay|soybean,313,2,hierarchy_power50,2.636083194191582,0.591743119266055,0.8719052665087279,-1.1788482015344162,1.4281818866729736,0,4.278705776067991,5.057338088906236,0
0,0.015,2.4098708967710363,Uruguay,1,1,soybean,1.3531898975372314,Uruguay_DUP4_farm8_field235_soybean_2019,Uruguay|soybean,314,2,hierarchy_power50,3.5659341941017706,1.0,0.6539959069232466,-2.033286510470752,3.1691694259643555,0,4.988559905934195,5.662909790398755,0
0,0.015,2.4098708967710363,Uruguay,1,1,soybean,1.3531898975372314,Uruguay_DUP4_farm8_field237_soybean_2019,Uruguay|soybean,315,2,hierarchy_power50,2.8340148942716565,0.7110091743119266,0.5052536963200301,-1.3607272629298952,2.632322311401367,0,4.084440585810838,4.677164598604649,0
0,0.015,2.4098708967710363,Uruguay,1,1,soybean,1.3531898975372314,Uruguay_DUP4_farm8_field244_soybean_2021,Uruguay|soybean,316,2,hierarchy_power50,1.9459657422585657,0.17889908256880735,0.5172455019189822,-0.5447005922356648,1.0388771295547485,1,3.2111433589203493,3.8108600465402342,0
0,0.015,2.4098708967710363,Uruguay,1,1,soybean,1.3531898975372314,Uruguay_DUP4_farm8_field247_soybean_2019,Uruguay|soybean,317,2,hierarchy_power50,3.755866794506598,1.0,0.4671196762376678,-2.2078152144431695,4.370770454406738,0,4.958178898082254,5.52809621462805,0
0,0.015,2.4098708967710363,Uruguay,1,1,soybean,1.3531898975372314,Uruguay_DUP4_farm8_field253_soybean_2019,Uruguay|soybean,318,2,hierarchy_power50,2.474257194789421,0.5,0.8128686726466188,-1.0301465995740269,2.2729666233062744,0,4.060294257563935,4.812104028147141,0
0,0.015,2.4098708967710363,Uruguay,1,1,soybean,1.3531898975372314,Uruguay_DUP4_farm8_field256_soybean_2019,Uruguay|soybean,319,2,hierarchy_power50,2.7464644440610937,0.6697247706422018,0.7194827836965221,-1.280277321345971,2.3242099285125732,0,4.238617393380152,4.945924424743078,0
0,0.015,2.4098708967710363,Uruguay,1,1,soybean,1.3531898975372314,Uruguay_DUP4_farm9_field273_soybean_2018,Uruguay|soybean,320,2,hierarchy_power50,2.0767311061402274,0.25688073394495414,0.4050136448745186,-0.664860635504192,2.2505991458892822,0,3.196266854883849,3.7269467073144487,0
0,0.015,2.4098708967710363,Uruguay,1,1,soybean,1.3531898975372314,Uruguay_DUP4_farm9_field275_soybean_2018,Uruguay|soybean,321,2,hierarchy_power50,1.9210884612884676,0.17889908256880735,0.5073089452116194,-0.5218409062375019,2.121896743774414,0,3.1740547852553913,3.767983102997345,0
0,0.025,3.512830210273916,Argentina,1,1,soybean,2.4290585041046144,Argentina_DUP1_farm11_field106_soybean_2024,Argentina|soybean,0,3,global_raw,4.473414308761013,0.8577981651376146,0.6033300657903952,-1.645869667216998,4.702147960662842,0,6.1551588621297135,6.98422275290438,0
0,0.025,3.512830210273916,Argentina,1,1,soybean,2.4290585041046144,Argentina_DUP1_farm15_field126_soybean_2018,Argentina|soybean,1,3,global_raw,4.618551772771083,0.908256880733945,0.5457132053540684,-1.762716915160279,4.222414970397949,0,6.300296326139783,7.129360216914449,0
0,0.025,3.512830210273916,Argentina,1,1,soybean,2.4290585041046144,Argentina_DUP1_farm15_field129_soybean_2018,Argentina|soybean,2,3,global_raw,3.52416027046332,0.44954128440366975,0.8530342008770251,-0.8816443672183978,4.296286106109619,0,5.20590482383202,6.034968714606686,0
0,0.025,3.512830210273916,Argentina,0,1,soybean,2.4290585041046144,Argentina_DUP1_farm15_field130_soybean_2018,Argentina|soybean,3,3,global_raw,2.5418851738601704,0.03211009174311927,1.119427447748134,-0.0908344785094735,4.455828666687012,0,4.223629727228871,5.052693618003536,0
0,0.025,3.512830210273916,Argentina,1,1,soybean,2.4290585041046144,Argentina_DUP1_farm15_field132_soybean_2019,Argentina|soybean,4,3,global_raw,4.208124247505305,0.7431192660550459,0.7043720573203899,-1.432289984149893,5.250401020050049,0,5.889868800874005,6.718932691648671,0
0,0.025,3.512830210273916,Argentina,1,1,soybean,2.4290585041046144,Argentina_DUP1_farm15_field142_soybean_2020,Argentina|soybean,5,3,global_raw,4.013270887506303,0.6697247706422018,0.83788423398203,-1.2754174700565974,4.2983574867248535,0,5.695015440875003,6.524079331649668,0
0,0.025,3.512830210273916,Argentina,1,1,soybean,2.4290585041046144,Argentina_DUP1_farm15_field146_soybean_2021,Argentina|soybean,6,3,global_raw,4.075119673333732,0.7064220183486238,0.754688179745656,-1.3252106813536277,4.6318135261535645,0,5.756864226702432,6.585928117477097,0
0,0.025,3.512830210273916,Argentina,1,1,soybean,2.4290585041046144,Argentina_DUP1_farm15_field151_soybean_2022,Argentina|soybean,7,3,global_raw,4.29762000906639,0.7798165137614679,0.8813568962713566,-1.5043412185594685,3.246335983276367,0,5.97936456243509,6.808428453209755,0
0,0.025,3.512830210273916,Argentina,1,1,soybean,2.4290585041046144,Argentina_DUP1_farm15_field153_soybean_2022,Argentina|soybean,8,3,global_raw,4.724127128243373,0.9495412844036697,0.723341077281754,-1.847713506644852,4.599109649658203,0,6.405871681612074,7.234935572386739,0
0,0.025,3.512830210273916,Argentina,1,1,soybean,2.4290585041046144,Argentina_DUP1_farm16_field155_soybean_2021,Argentina|soybean,9,3,global_raw,4.3793089478675284,0.8073394495412844,0.5692457946861134,-1.5701073372623415,4.163106918334961,0,6.061053501236229,6.890117392010895,0
0,0.025,3.512830210273916,Argentina,1,1,soybean,2.4290585041046144,Argentina_DUP1_farm17_field171_soybean_2019,Argentina|soybean,10,3,global_raw,3.918631133039083,0.6330275229357798,0.8035285645951803,-1.1992249106030628,3.897636890411377,0,5.600375686407784,6.429439577182449,0
0,0.025,3.512830210273916,Argentina,1,1,soybean,2.4290585041046144,Argentina_DUP1_farm17_field172_soybean_2019,Argentina|soybean,11,3,global_raw,4.411023089792856,0.8256880733944955,0.6226588940420953,-1.59563975392769,4.297618865966797,0,6.092767643161556,6.921831533936222,0
0,0.025,3.512830210273916,Argentina,1,1,soybean,2.4290585041046144,Argentina_DUP1_farm17_field185_soybean_2021,Argentina|soybean,12,3,global_raw,3.5919213090698303,0.46788990825688076,0.8779197940142159,-0.9361974141036585,1.715295433998108,1,5.273665862438531,6.102729753213197,0
0,0.025,3.512830210273916,Argentina,1,1,soybean,2.4290585041046144,Argentina_DUP1_farm17_field192_soybean_2019,Argentina|soybean,13,3,global_raw,3.614541343896398,0.47706422018348627,0.6956257365806935,-0.9544083483782317,3.809624195098877,0,5.296285897265099,6.125349788039764,0
0,0.025,4.135075228041913,Argentina,0,1,wheat,2.029330730438233,Argentina_DUP1_farm19_field204_wheat_2021,Argentina|wheat,14,3,global_raw,4.585542980818375,0.6192660550458715,1.7549265079987209,-1.1728262866690544,6.607504844665527,0,6.2672875341870755,7.096351424961741,0
0,0.025,3.512830210273916,Argentina,1,1,soybean,2.4290585041046144,Argentina_DUP1_farm1_field4_soybean_2022,Argentina|soybean,15,3,global_raw,3.941285900399721,0.6422018348623854,0.8158964172419033,-1.2174638073410007,2.6483683586120605,0,5.623030453768422,6.452094344543087,0
0,0.025,4.135075228041913,Argentina,1,1,wheat,2.029330730438233,Argentina_DUP1_farm22_field213_wheat_2023,Argentina|wheat,16,3,global_raw,3.648429597312561,0.38990825688073394,1.3957793574755584,-0.7428654297012689,1.258419156074524,1,5.330174150681261,6.159238041455927,0
0,0.025,3.512830210273916,Argentina,1,1,soybean,2.4290585041046144,Argentina_DUP1_farm22_field215_soybean_2024,Argentina|soybean,17,3,global_raw,4.7869278068742265,0.9678899082568807,0.467889970922637,-1.8982730676585162,5.162672519683838,0,6.468672360242927,7.297736251017593,0
0,0.025,3.512830210273916,Argentina,1,1,soybean,2.4290585041046144,Argentina_DUP1_farm22_field217_soybean_2024,Argentina|soybean,18,3,global_raw,3.6952178256475237,0.5137614678899083,0.6966130331660288,-1.0193593583098324,3.2616236209869385,0,5.3769623790162235,6.20602626979089,0
0,0.025,3.512830210273916,Argentina,1,1,soybean,2.4290585041046144,Argentina_DUP1_farm23_field222_soybean_2021,Argentina|soybean,19,3,global_raw,2.7932100637791892,0.11009174311926606,0.7250008391504669,-0.2931710835134577,1.9381707906723022,1,4.47495461714789,5.304018507922555,0
0,0.025,3.512830210273916,Argentina,1,1,soybean,2.4290585041046144,Argentina_DUP1_farm23_field224_soybean_2021,Argentina|soybean,20,3,global_raw,2.5220047063110864,0.03211009174311927,0.6142301310803268,-0.07482911465128313,2.475956678390503,0,4.203749259679787,5.032813150454452,0
0,0.025,3.512830210273916,Argentina,1,1,soybean,2.4290585041046144,Argentina_DUP1_farm23_field225_soybean_2019,Argentina|soybean,21,3,global_raw,3.4084408159390045,0.41284403669724773,0.8407595079703386,-0.7884809659774487,3.648322820663452,0,5.090185369307704,5.9192492600823705,0
0,0.025,3.512830210273916,Argentina,1,1,soybean,2.4290585041046144,Argentina_DUP1_farm23_field228_soybean_2020,Argentina|soybean,22,3,global_raw,4.536602178115165,0.8761467889908257,0.6824381174748577,-1.6967409476806,5.000659942626953,0,6.218346731483865,7.04741062225853,0
0,0.025,8.691955015063286,Argentina,1,1,corn,6.163111209869385,Argentina_DUP1_farm24_field234_corn_2021,Argentina|corn,23,3,global_raw,7.715772991116522,0.22935779816513763,2.280989910740602,-0.5114758588708059,7.518545150756836,0,9.397517544485222,10.226581435259888,0
0,0.025,8.691955015063286,Argentina,1,1,corn,6.163111209869385,Argentina_DUP1_farm24_field235_corn_2021,Argentina|corn,24,3,global_raw,10.393572500962042,0.7247706422018348,2.1294357936727226,-1.3935931497865004,9.043926239013672,0,12.075317054330743,12.904380945105409,0
0,0.025,8.691955015063286,Argentina,1,1,corn,6.163111209869385,Argentina_DUP1_farm25_field242_corn_2023,Argentina|corn,25,3,global_raw,9.032965796647654,0.4724770642201835,2.243537278706991,-0.9453838288128107,7.436154365539551,0,10.714710350016354,11.54377424079102,0
0,0.025,8.691955015063286,Argentina,1,1,corn,6.163111209869385,Argentina_DUP1_farm25_field249_corn_2023,Argentina|corn,26,3,global_raw,7.598839138867357,0.22018348623853212,2.134361940032928,-0.4729556587650407,7.459981441497803,0,9.280583692236057,10.109647583010723,0
0,0.025,8.691955015063286,Argentina,1,1,corn,6.163111209869385,Argentina_DUP1_farm25_field252_corn_2023,Argentina|corn,27,3,global_raw,7.093008076392607,0.11467889908256881,1.9293131748081271,-0.3063254368792453,7.614945888519287,0,8.774752629761307,9.603816520535974,0
0,0.025,8.691955015063286,Argentina,1,1,corn,6.163111209869385,Argentina_DUP1_farm25_field253_corn_2023,Argentina|corn,28,3,global_raw,8.40008298799531,0.38990825688073394,1.74691356465923,-0.7369003831392668,7.349864482879639,0,10.08182754136401,10.910891432138676,0
0,0.025,3.512830210273916,Argentina,1,1,soybean,2.4290585041046144,Argentina_DUP1_farm25_field256_soybean_2023,Argentina|soybean,29,3,global_raw,2.4415238463219224,0.01834862385321101,0.7945047228863661,-0.010035595858713522,1.8879551887512207,1,4.123268399690623,4.9523322904652884,1
0,0.025,3.512830210273916,Argentina,1,1,soybean,2.4290585041046144,Argentina_DUP1_farm25_field259_soybean_2023,Argentina|soybean,30,3,global_raw,2.880402098669684,0.14678899082568808,0.9432390188683952,-0.3633676339976389,2.2659707069396973,1,4.562146652038384,5.391210542813051,0
0,0.025,8.691955015063286,Argentina,1,1,corn,6.163111209869385,Argentina_DUP1_farm25_field261_corn_2023,Argentina|corn,31,3,global_raw,6.0542969403020646,0.009174311926605505,1.590739347444219,0.035845457559752845,6.4975104331970215,0,7.736041493670765,8.565105384445431,1
0,0.025,3.512830210273916,Argentina,1,1,soybean,2.4290585041046144,Argentina_DUP1_farm27_field270_soybean_2021,Argentina|soybean,32,3,global_raw,3.6461008892656226,0.5045871559633027,0.8334505594658729,-0.9798163024711816,4.101713180541992,0,5.327845442634323,6.156909333408988,0
0,0.025,3.512830210273916,Argentina,1,1,soybean,2.4290585041046144,Argentina_DUP1_farm27_field276_soybean_2021,Argentina|soybean,33,3,global_raw,3.5122341048230252,0.43577981651376146,0.8018186219280167,-0.8720428515581305,4.0980072021484375,0,5.1939786581917256,6.023042548966391,0
0,0.025,3.512830210273916,Argentina,1,1,soybean,2.4290585041046144,Argentina_DUP1_farm27_field280_soybean_2021,Argentina|soybean,34,3,global_raw,3.9841309238445115,0.6605504587155964,0.8383236864297636,-1.251957472444876,3.2040719985961914,0,5.665875477213212,6.494939367987877,0
0,0.025,3.512830210273916,Argentina,1,1,soybean,2.4290585041046144,Argentina_DUP1_farm27_field286_soybean_2017,Argentina|soybean,35,3,global_raw,3.6082976333536543,0.4724770642201835,0.8362952320986949,-0.9493816628229196,4.986489772796631,0,5.290042186722355,6.119106077497021,0
0,0.025,3.512830210273916,Argentina,1,1,soybean,2.4290585041046144,Argentina_DUP1_farm27_field310_soybean_2021,Argentina|soybean,36,3,global_raw,2.5050556904635513,0.027522935779816515,0.8345050021442008,-0.061183803493068734,2.8479418754577637,0,4.186800243832252,5.015864134606917,0
0,0.025,3.512830210273916,Argentina,1,1,soybean,2.4290585041046144,Argentina_DUP1_farm27_field311_soybean_2021,Argentina|soybean,37,3,global_raw,2.9054361006005944,0.16055045871559634,0.7859219711196743,-0.38352200454961927,3.0860512256622314,0,4.587180653969295,5.416244544743961,0
0,0.025,4.135075228041913,Argentina,1,1,wheat,2.029330730438233,Argentina_DUP1_farm28_field314_wheat_2021,Argentina|wheat,38,3,global_raw,3.323254384738189,0.2798165137614679,1.336018522397284,-0.5936704491108638,4.5063700675964355,0,5.004998938106889,5.834062828881555,0
0,0.025,4.135075228041913,Argentina,1,1,wheat,2.029330730438233,Argentina_DUP1_farm28_field321_wheat_2023,Argentina|wheat,39,3,global_raw,2.600907883334694,0.0779816513761468,1.4363454619161293,-0.2622476712083418,3.9543468952178955,0,4.282652436703394,5.11171632747806,0
0,0.025,8.691955015063286,Argentina,1,1,corn,6.163111209869385,Argentina_DUP1_farm28_field322_corn_2022,Argentina|corn,40,3,global_raw,10.960922212295056,0.8211009174311926,1.8584850764335052,-1.5804887663264224,11.191621780395508,0,12.642666765663757,13.471730656438423,0
0,0.025,3.512830210273916,Argentina,1,1,soybean,2.4290585041046144,Argentina_DUP1_farm29_field324_soybean_2023,Argentina|soybean,41,3,global_raw,3.3860429803965206,0.4036697247706422,0.9449574226370278,-0.7704489198694646,2.162977457046509,1,5.067787533765221,5.896851424539887,0
0,0.025,8.691955015063286,Argentina,1,1,corn,6.163111209869385,Argentina_DUP1_farm2_field11_corn_2022,Argentina|corn,42,3,global_raw,10.606965779074129,0.7522935779816514,2.1310829337252803,-1.463888890634818,7.5720601081848145,0,12.288710332442829,13.117774223217495,0
0,0.025,8.691955015063286,Argentina,1,1,corn,6.163111209869385,Argentina_DUP1_farm2_field17_corn_2022,Argentina|corn,43,3,global_raw,11.86306569180559,0.9587155963302753,1.542595044762251,-1.8776717179391809,10.725897789001465,0,13.54481024517429,14.373874135948956,0
0,0.025,8.691955015063286,Argentina,1,1,corn,6.163111209869385,Argentina_DUP1_farm2_field21_corn_2022,Argentina|corn,44,3,global_raw,10.511591061476905,0.7431192660550459,2.128035697861527,-1.4324706731023313,11.245871543884277,0,12.193335614845605,13.022399505620271,0
0,0.025,3.512830210273916,Argentina,1,1,soybean,2.4290585041046144,Argentina_DUP1_farm2_field42_soybean_2023,Argentina|soybean,45,3,global_raw,4.2829154492854515,0.7660550458715596,0.7043913038156996,-1.4925028737575994,3.430845022201538,0,5.964660002654152,6.793723893428817,0
0,0.025,3.512830210273916,Argentina,1,1,soybean,2.4290585041046144,Argentina_DUP1_farm2_field45_soybean_2023,Argentina|soybean,46,3,global_raw,4.180992217030078,0.7385321100917431,0.7237090762957055,-1.4104465330894314,3.311779499053955,0,5.8627367703987785,6.691800661173444,0
0,0.025,8.691955015063286,Argentina,1,1,corn,6.163111209869385,Argentina_DUP1_farm2_field52_corn_2024,Argentina|corn,47,3,global_raw,8.499190004872407,0.4036697247706422,2.3492492281144726,-0.7695480899287135,7.240945339202881,0,10.180934558241107,11.009998449015773,0
0,0.025,8.691955015063286,Argentina,1,1,corn,6.163111209869385,Argentina_DUP1_farm2_field7_corn_2022,Argentina|corn,48,3,global_raw,10.233862077781827,0.7110091743119266,2.3831649433133895,-1.3409815463752883,11.26622486114502,0,11.915606631150528,12.744670521925194,0
0,0.025,8.691955015063286,Argentina,1,1,corn,6.163111209869385,Argentina_DUP1_farm32_field340_corn_2022,Argentina|corn,49,3,global_raw,5.906382085743545,0.0045871559633027525,1.6787275412134008,0.08457137983646468,5.90629768371582,1,7.588126639112246,8.417190529886911,1
0,0.025,8.691955015063286,Argentina,1,1,corn,6.163111209869385,Argentina_DUP1_farm36_field381_corn_2022,Argentina|corn,50,3,global_raw,8.172262579879762,0.3302752293577982,0.9959527759780178,-0.6618520755705689,7.314890384674072,0,9.854007133248462,10.683071024023128,0
0,0.025,3.512830210273916,Argentina,1,1,soybean,2.4290585041046144,Argentina_DUP1_farm37_field395_soybean_2021,Argentina|soybean,51,3,global_raw,3.7965524957320773,0.5458715596330275,0.8244100055946721,-1.1009418594330362,4.637209415435791,0,5.478297049100778,6.307360939875443,0
0,0.025,3.512830210273916,Argentina,1,1,soybean,2.4290585041046144,Argentina_DUP1_farm37_field396_soybean_2021,Argentina|soybean,52,3,global_raw,2.5119306643432133,0.03211009174311927,0.6510486432864716,-0.06671870644179824,2.03985595703125,1,4.193675217711913,5.022739108486579,0
0,0.025,3.512830210273916,Argentina,1,1,soybean,2.4290585041046144,Argentina_DUP1_farm37_field399_soybean_2022,Argentina|soybean,53,3,global_raw,3.869512755398474,0.6055045871559633,0.816976644698245,-1.1596806944360656,4.541003227233887,0,5.551257308767174,6.380321199541839,0
0,0.025,3.512830210273916,Argentina,1,1,soybean,2.4290585041046144,Argentina_DUP1_farm37_field406_soybean_2020,Argentina|soybean,54,3,global_raw,3.7099971246078622,0.5137614678899083,0.6923051127187702,-1.0312578741191396,4.972700595855713,0,5.391741677976563,6.220805568751228,0
0,0.025,4.135075228041913,Argentina,1,1,wheat,2.029330730438233,Argentina_DUP1_farm39_field428_wheat_2023,Argentina|wheat,55,3,global_raw,5.4459812674736945,0.8073394495412844,1.471617420170632,-1.5676075261751905,4.093906402587891,0,7.127725820842395,7.956789711617061,0
0,0.025,4.135075228041913,Argentina,0,1,wheat,2.029330730438233,Argentina_DUP1_farm40_field431_wheat_2020,Argentina|wheat,56,3,global_raw,2.4447807979668723,0.05045871559633028,1.2780715933040945,-0.19061435916503475,4.1932501792907715,0,4.126525351335573,4.955589242110238,0
0,0.025,3.512830210273916,Argentina,1,1,soybean,2.4290585041046144,Argentina_DUP1_farm42_field437_soybean_2022,Argentina|soybean,57,3,global_raw,3.8915728120481967,0.6284403669724771,0.8036720327372308,-1.1774408015632933,4.918436050415039,0,5.573317365416897,6.402381256191562,0
0,0.025,3.512830210273916,Argentina,1,1,soybean,2.4290585041046144,Argentina_DUP1_farm42_field438_soybean_2022,Argentina|soybean,58,3,global_raw,2.511724636087365,0.03211009174311927,0.769669918948397,-0.06655283724421633,1.9628671407699585,1,4.193469189456065,5.0225330802307315,0
0,0.025,4.135075228041913,Argentina,1,1,wheat,2.029330730438233,Argentina_DUP1_farm44_field447_wheat_2020,Argentina|wheat,59,3,global_raw,1.9201314203640725,0.009174311926605505,0.8305163362141007,0.05010218588931895,0.9903525710105896,1,3.601875973732773,4.4309398645074385,1
0,0.025,8.691955015063286,Argentina,0,0,corn,6.163111209869385,Argentina_DUP1_farm44_field448_corn_2020,Argentina|corn,60,3,global_raw,6.730482170868378,0.05045871559633028,2.061662131959537,-0.18690261657772092,9.730598449707031,0,8.41222672423708,9.241290615011744,0
0,0.025,4.135075228041913,Argentina,1,1,wheat,2.029330730438233,Argentina_DUP1_farm44_field453_wheat_2021,Argentina|wheat,61,3,global_raw,1.9639953747102072,0.009174311926605505,1.1305030680502017,0.0299767840621633,2.923661947250366,0,3.645739928078908,4.474803818853573,1
0,0.025,3.512830210273916,Argentina,1,1,soybean,2.4290585041046144,Argentina_DUP1_farm44_field458_soybean_2018,Argentina|soybean,62,3,global_raw,3.6458084760614398,0.5045871559633027,0.6688037749466509,-0.97958088649224,4.049415111541748,0,5.32755302943014,6.156616920204806,0
0,0.025,8.691955015063286,Argentina,1,1,corn,6.163111209869385,Argentina_DUP1_farm44_field460_corn_2018,Argentina|corn,63,3,global_raw,8.584425276552514,0.41743119266055045,2.3185537415335564,-0.7976261841506579,7.718160629272461,0,10.266169829921214,11.09523372069588,0
0,0.025,4.135075228041913,Argentina,0,1,wheat,2.029330730438233,Argentina_DUP1_farm44_field465_wheat_2018,Argentina|wheat,64,3,global_raw,3.473055027450237,0.3348623853211009,1.3006590647245508,-0.6624010999034503,5.210622787475586,0,5.1547995808189375,5.983863471593603,0
0,0.025,3.512830210273916,Argentina,1,1,soybean,2.4290585041046144,Argentina_DUP1_farm44_field466_soybean_2020,Argentina|soybean,65,3,global_raw,4.307465343271311,0.7844036697247706,0.5641783567363937,-1.5122674987571647,4.0398688316345215,0,5.989209896640011,6.818273787414677,0
0,0.025,4.135075228041913,Argentina,1,1,wheat,2.029330730438233,Argentina_DUP1_farm44_field467_wheat_2020,Argentina|wheat,66,3,global_raw,1.4958510333587545,0.0045871559633027525,0.8736463443264821,0.24476802035746836,0.6817162036895752,1,3.177595586727455,4.0066594775021205,1
0,0.025,3.512830210273916,Argentina,1,1,soybean,2.4290585041046144,Argentina_DUP1_farm44_field471_soybean_2018,Argentina|soybean,67,3,global_raw,2.4721938373239656,0.027522935779816515,0.663963467030301,-0.03472738765400975,2.928650379180908,0,4.153938390692666,4.983002281467332,0
0,0.025,4.135075228041913,Argentina,1,1,wheat,2.029330730438233,Argentina_DUP1_farm44_field474_wheat_2018,Argentina|wheat,68,3,global_raw,3.567282785690396,0.3623853211009174,1.0739927805973861,-0.7056341263399366,2.5477371215820312,0,5.249027339059096,6.0780912298337615,0
0,0.025,3.512830210273916,Argentina,1,1,soybean,2.4290585041046144,Argentina_DUP1_farm44_field476_soybean_2019,Argentina|soybean,69,3,global_raw,4.1124367959661425,0.7201834862385321,0.6783344781266762,-1.3552539448934715,4.150893211364746,0,5.794181349334843,6.623245240109508,0
0,0.025,3.512830210273916,Argentina,1,1,soybean,2.4290585041046144,Argentina_DUP1_farm44_field482_soybean_2018,Argentina|soybean,70,3,global_raw,3.768899000782858,0.5458715596330275,0.683763040352036,-1.0786785878313943,3.624556064605713,0,5.450643554151558,6.279707444926224,0
0,0.025,8.691955015063286,Argentina,0,1,corn,6.163111209869385,Argentina_DUP1_farm44_field494_corn_2019,Argentina|corn,71,3,global_raw,9.888965613889983,0.6467889908256881,1.9949727523958662,-1.2273661941967275,12.035124778747559,0,11.570710167258683,12.39977405803335,0
0,0.025,4.135075228041913,Argentina,1,1,wheat,2.029330730438233,Argentina_DUP1_farm44_field495_wheat_2020,Argentina|wheat,72,3,global_raw,2.1846630426790585,0.03211009174311927,1.1111293803277196,-0.07126865890656515,2.387549877166748,0,3.866407596047759,4.6954714868224245,0
0,0.025,3.512830210273916,Argentina,1,1,soybean,2.4290585041046144,Argentina_DUP1_farm44_field498_soybean_2018,Argentina|soybean,73,3,global_raw,3.967527923509436,0.6513761467889908,0.6266863758736317,-1.2385907314039803,3.6245875358581543,0,5.649272476878137,6.478336367652802,0
0,0.025,8.691955015063286,Argentina,1,1,corn,6.163111209869385,Argentina_DUP1_farm44_field499_corn_2021,Argentina|corn,74,3,global_raw,8.801959002970582,0.43119266055045874,1.9997664350766309,-0.8692858661862903,6.4308319091796875,0,10.483703556339282,11.312767447113949,0
0,0.025,3.512830210273916,Argentina,1,1,soybean,2.4290585041046144,Argentina_DUP1_farm44_field509_soybean_2021,Argentina|soybean,75,3,global_raw,3.3278675979359416,0.38073394495412843,0.8384675420624926,-0.723613091608783,2.331341028213501,1,5.009612151304642,5.838676042079308,0
0,0.025,3.512830210273916,Argentina,1,1,soybean,2.4290585041046144,Argentina_DUP1_farm44_field511_soybean_2020,Argentina|soybean,76,3,global_raw,4.13678958366605,0.7201834862385321,0.72836811991857,-1.3748598835936527,4.637761116027832,0,5.81853413703475,6.6475980278094156,0
0,0.025,8.691955015063286,Argentina,1,1,corn,6.163111209869385,Argentina_DUP1_farm44_field514_corn_2019,Argentina|corn,77,3,global_raw,10.290989943921472,0.7201834862385321,2.007449888689196,-1.3598005349999465,9.286399841308594,0,11.972734497290173,12.801798388064839,0
0,0.025,4.135075228041913,Argentina,1,1,wheat,2.029330730438233,Argentina_DUP1_farm44_field521_wheat_2021,Argentina|wheat,78,3,global_raw,2.559107432064559,0.06422018348623854,1.2401491825359177,-0.24306903373919075,2.029555559158325,0,4.24085198543326,5.069915876207925,0
0,0.025,3.512830210273916,Argentina,1,1,soybean,2.4290585041046144,Argentina_DUP1_farm44_field523_soybean_2021,Argentina|soybean,79,3,global_raw,2.239205279656381,0.0045871559633027525,0.6818089865724969,0.15284700570760318,1.8515781164169312,1,3.920949833025081,4.750013723799746,1
0,0.025,8.691955015063286,Argentina,1,1,corn,6.163111209869385,Argentina_DUP1_farm44_field532_corn_2020,Argentina|corn,80,3,global_raw,9.129119165067518,0.4954128440366973,2.165881013052009,-0.9770585485037716,5.900755882263184,1,10.810863718436218,11.639927609210885,0
0,0.025,4.135075228041913,Argentina,1,1,wheat,2.029330730438233,Argentina_DUP1_farm44_field545_wheat_2020,Argentina|wheat,81,3,global_raw,2.4180490943468604,0.045871559633027525,1.1906608314102225,-0.17834947596203238,2.452425241470337,0,4.099793647715561,4.9288575384902265,0
0,0.025,4.135075228041913,Argentina,1,1,wheat,2.029330730438233,Argentina_DUP1_farm44_field558_wheat_2021,Argentina|wheat,82,3,global_raw,3.0178725370702297,0.2018348623853211,0.9436412053046613,-0.4535569439184509,3.914421319961548,0,4.69961709043893,5.528680981213595,0
0,0.025,8.691955015063286,Argentina,1,1,corn,6.163111209869385,Argentina_DUP1_farm44_field565_corn_2019,Argentina|corn,83,3,global_raw,8.077020168063886,0.3119266055045872,2.1416843254758344,-0.6304774420394184,6.821680068969727,0,9.758764721432586,10.587828612207252,0
0,0.025,3.512830210273916,Argentina,1,1,soybean,2.4290585041046144,Argentina_DUP1_farm44_field566_soybean_2019,Argentina|soybean,84,3,global_raw,3.8956900314054512,0.6330275229357798,0.5292237504830066,-1.180755491911201,3.717390298843384,0,5.577434584774151,6.406498475548817,0
0,0.025,8.691955015063286,Argentina,0,1,corn,6.163111209869385,Argentina_DUP1_farm45_field575_corn_2022,Argentina|corn,85,3,global_raw,12.055795819630433,0.9770642201834863,1.809861194212583,-1.9411606302381057,14.309273719787598,0,13.737540372999133,14.5666042637738,0
0,0.025,4.135075228041913,Argentina,1,1,wheat,2.029330730438233,Argentina_DUP1_farm45_field577_wheat_2019,Argentina|wheat,86,3,global_raw,6.052851659130127,0.9495412844036697,1.4941238359252342,-1.8460482338394157,7.251151084899902,0,7.734596212498827,8.563660103273493,0
0,0.025,4.135075228041913,Argentina,1,1,wheat,2.029330730438233,Argentina_DUP1_farm45_field579_wheat_2020,Argentina|wheat,87,3,global_raw,6.488303242691878,0.9908256880733946,0.981397369032922,-2.045839571079482,7.611742973327637,0,8.17004779606058,8.999111686835244,0
0,0.025,8.691955015063286,Argentina,0,1,corn,6.163111209869385,Argentina_DUP1_farm45_field602_corn_2017,Argentina|corn,88,3,global_raw,10.351014947539083,0.7247706422018348,1.1608549974209794,-1.3795738949485508,12.459432601928711,0,12.032759500907783,12.86182339168245,0
0,0.025,8.691955015063286,Argentina,0,1,corn,6.163111209869385,Argentina_DUP1_farm45_field609_corn_2017,Argentina|corn,89,3,global_raw,9.790823018698932,0.6330275229357798,1.6998896999690156,-1.1950361859660665,11.544739723205566,0,11.472567572067632,12.301631462842298,0
0,0.025,4.135075228041913,Argentina,1,1,wheat,2.029330730438233,Argentina_DUP1_farm45_field612_wheat_2020,Argentina|wheat,90,3,global_raw,5.933756863575326,0.926605504587156,1.4258102895876186,-1.7914058594390208,7.024521827697754,0,7.615501416944026,8.444565307718692,0
0,0.025,4.135075228041913,Argentina,1,1,wheat,2.029330730438233,Argentina_DUP1_farm45_field613_wheat_2020,Argentina|wheat,91,3,global_raw,6.06819652609592,0.9495412844036697,1.29157139918564,-1.853088675547746,6.735361099243164,0,7.74994107946462,8.579004970239286,0
0,0.025,8.691955015063286,Argentina,1,1,corn,6.163111209869385,Argentina_DUP1_farm45_field621_corn_2017,Argentina|corn,92,3,global_raw,9.645179132212036,0.591743119266055,1.3951722116272969,-1.1470583630880329,9.546931266784668,0,11.326923685580736,12.155987576355402,0
0,0.025,4.135075228041913,Argentina,1,1,wheat,2.029330730438233,Argentina_DUP1_farm45_field622_wheat_2021,Argentina|wheat,93,3,global_raw,5.969460912547522,0.9311926605504587,1.3143137996853163,-1.8077873814229184,4.359115123748779,0,7.651205465916222,8.480269356690888,0
1,0.025,3.512830210273916,Argentina,1,1,soybean,2.4290585041046144,Argentina_DUP1_farm45_field633_soybean_2023,Argentina|soybean,94,3,global_raw,1.66211448911256,0.0045871559633027525,0.675692857008809,0.6174511735452027,1.2537230253219604,1,3.3438590424812604,4.172922933255926,1
0,0.025,3.512830210273916,Argentina,1,1,soybean,2.4290585041046144,Argentina_DUP1_farm49_field660_soybean_2021,Argentina|soybean,95,3,global_raw,3.33081419634915,0.38073394495412843,0.881939667959226,-0.7259853386211295,3.0445690155029297,0,5.012558749717851,5.841622640492516,0
0,0.025,3.512830210273916,Argentina,1,1,soybean,2.4290585041046144,Argentina_DUP1_farm49_field665_soybean_2023,Argentina|soybean,96,3,global_raw,3.085869716714044,0.24311926605504589,0.8925320336915454,-0.5287854733797505,1.3907501697540283,1,4.767614270082744,5.59667816085741,0
0,0.025,8.691955015063286,Argentina,1,1,corn,6.163111209869385,Argentina_DUP1_farm51_field677_corn_2022,Argentina|corn,97,3,global_raw,11.870982766493213,0.9587155963302753,1.4769588391385573,-1.8802797505606472,7.927601337432861,0,13.552727319861914,14.38179121063658,0
0,0.025,8.691955015063286,Argentina,1,1,corn,6.163111209869385,Argentina_DUP1_farm51_field681_corn_2022,Argentina|corn,98,3,global_raw,9.59548396874967,0.5779816513761468,2.432017276848125,-1.1306878458764724,4.389474391937256,1,11.27722852211837,12.106292412893037,0
0,0.025,3.512830210273916,Argentina,1,1,soybean,2.4290585041046144,Argentina_DUP1_farm52_field690_soybean_2020,Argentina|soybean,99,3,global_raw,3.6624550327393868,0.5045871559633027,0.7758073777152817,-0.992982693867178,3.124354124069214,0,5.344199586108087,6.173263476882752,0
0,0.025,3.512830210273916,Argentina,1,1,soybean,2.4290585041046144,Argentina_DUP1_farm52_field694_soybean_2022,Argentina|soybean,100,3,global_raw,4.983603440932755,0.9908256880733946,0.5221985916666463,-2.0566126578806827,5.1744384765625,0,6.665347994301455,7.49441188507612,0
0,0.025,3.512830210273916,Argentina,1,1,soybean,2.4290585041046144,Argentina_DUP1_farm52_field705_soybean_2022,Argentina|soybean,101,3,global_raw,5.0277131073882,0.9954128440366973,0.6643509882307533,-2.0921244615915238,5.337815761566162,0,6.7094576607569,7.5385215515315664,0
0,0.025,3.512830210273916,Argentina,1,1,soybean,2.4290585041046144,Argentina_DUP1_farm52_field712_soybean_2021,Argentina|soybean,102,3,global_raw,3.9807475498887546,0.6605504587155964,0.742523302507427,-1.2492335862436832,4.47261381149292,0,5.6624921032574544,6.491555994032121,0
0,0.025,3.512830210273916,Argentina,1,1,soybean,2.4290585041046144,Argentina_DUP1_farm52_field713_soybean_2021,Argentina|soybean,103,3,global_raw,2.1506509067338295,0.0045871559633027525,0.788307698730031,0.2241403470920526,1.9149093627929688,1,3.83239546010253,4.6614593508771955,1
0,0.025,8.691955015063286,Argentina,1,1,corn,6.163111209869385,Argentina_DUP1_farm54_field732_corn_2019,Argentina|corn,104,3,global_raw,6.2220646470687955,0.022935779816513763,2.3202617478419785,-0.01942036590913886,2.4794020652770996,1,7.903809200437496,8.732873091212161,1
0,0.025,4.135075228041913,Argentina,1,1,wheat,2.029330730438233,Argentina_DUP1_farm54_field738_wheat_2018,Argentina|wheat,105,3,global_raw,1.9437477329119748,0.009174311926605505,1.0614091810529358,0.0392666881147296,1.4550156593322754,1,3.625492286280675,4.454556177055341,1
0,0.025,3.512830210273916,Argentina,1,1,soybean,2.4290585041046144,Argentina_DUP1_farm54_field740_soybean_2020,Argentina|soybean,106,3,global_raw,4.252681166877398,0.7522935779816514,0.7218312079641093,-1.4681618621723624,3.981464147567749,0,5.934425720246098,6.7634896110207645,0
0,0.025,4.135075228041913,Argentina,1,1,wheat,2.029330730438233,Argentina_DUP1_farm54_field742_wheat_2020,Argentina|wheat,107,3,global_raw,2.1682175273240434,0.03211009174311927,0.86201752004046,-0.0637232241707317,1.3080462217330933,1,3.8499620806927437,4.679025971467409,0
0,0.025,3.512830210273916,Argentina,1,1,soybean,2.4290585041046144,Argentina_DUP1_farm56_field751_soybean_2023,Argentina|soybean,108,3,global_raw,3.5791926660402655,0.463302752293578,0.8213420075232235,-0.9259498400661662,2.4652040004730225,0,5.260937219408966,6.090001110183632,0
0,0.025,3.512830210273916,Argentina,1,1,soybean,2.4290585041046144,Argentina_DUP1_farm57_field754_soybean_2022,Argentina|soybean,109,3,global_raw,2.6625147767302506,0.05045871559633028,0.7617211376675737,-0.18795094125049172,2.567575454711914,0,4.344259330098951,5.173323220873616,0
0,0.025,3.512830210273916,Argentina,1,1,soybean,2.4290585041046144,Argentina_DUP1_farm5_field59_soybean_2024,Argentina|soybean,110,3,global_raw,2.576649327979957,0.03669724770642202,0.860211925672446,-0.11882239853880054,2.0495190620422363,1,4.258393881348658,5.087457772123323,0
0,0.025,4.135075228041913,Argentina,1,1,wheat,2.029330730438233,Argentina_DUP1_farm5_field61_wheat_2023,Argentina|wheat,111,3,global_raw,2.6770452098658644,0.11009174311926606,1.2908849102231317,-0.29718055205154337,3.466712713241577,0,4.358789763234565,5.18785365400923,0
1,0.025,3.512830210273916,Argentina,1,1,soybean,2.4290585041046144,Argentina_DUP1_farm6_field72_soybean_2023,Argentina|soybean,112,3,global_raw,2.576855231562052,0.03669724770642202,0.5380946563282787,-0.11898816736405549,2.5259170532226562,0,4.258599784930752,5.087663675705418,0
1,0.025,3.512830210273916,Argentina,1,1,soybean,2.4290585041046144,Argentina_DUP1_farm6_field73_soybean_2023,Argentina|soybean,113,3,global_raw,1.7732181995004828,0.0045871559633027525,0.5369093581615972,0.5280038149072194,2.8608715534210205,0,3.454962752869183,4.284026643643848,1
0,0.025,3.512830210273916,Argentina,1,1,soybean,2.4290585041046144,Argentina_DUP1_farm6_field75_soybean_2023,Argentina|soybean,114,3,global_raw,2.3426524525409196,0.0045871559633027525,0.7199413533879551,0.06956377114431674,1.8451251983642578,1,4.02439700590962,4.853460896684286,1
0,0.025,3.512830210273916,Argentina,1,1,soybean,2.4290585041046144,Argentina_DUP1_farm9_field93_soybean_2022,Argentina|soybean,115,3,global_raw,4.209507453089038,0.7431192660550459,0.8021394430928225,-1.433403575095562,3.9884235858917236,0,5.891252006457738,6.720315897232403,0
0,0.025,3.512830210273916,Argentina,1,1,soybean,2.4290585041046144,Argentina_DUP1_farm9_field97_soybean_2024,Argentina|soybean,116,3,global_raw,4.066338809625007,0.6972477064220184,0.8708442623320737,-1.3181413849047223,2.0486044883728027,1,5.748083362993707,6.5771472537683735,0
0,0.025,4.141856733015028,Brazil,1,1,soybean,3.656761693954468,Brazil_DUP2_farm2_field21_soybean_2022,Brazil|soybean,117,3,global_raw,4.194389991847208,0.42201834862385323,0.4695210410208227,-0.8538842618842736,4.798220157623291,0,5.876134545215908,6.7051984359905745,0
0,0.025,3.7483099491224374,Brazil,1,1,wheat,3.056740236282349,Brazil_DUP2_farm2_field33_wheat_2017,Brazil|wheat,118,3,global_raw,3.7725490283921785,0.4541284403669725,0.47828247453015355,-0.884870658100749,3.3656556606292725,0,5.454293581760879,6.2833574725355446,0
0,0.025,4.141856733015028,Brazil,1,1,soybean,3.656761693954468,Brazil_DUP2_farm2_field34_soybean_2018,Brazil|soybean,119,3,global_raw,4.524020517210475,0.7247706422018348,0.43039973510316953,-1.3774175635121062,5.03720235824585,0,6.205765070579175,7.03482896135384,0
0,0.025,3.7483099491224374,Brazil,1,1,wheat,3.056740236282349,Brazil_DUP2_farm2_field37_wheat_2023,Brazil|wheat,120,3,global_raw,3.9914433942334693,0.6009174311926605,0.4778076276553925,-1.1554641513514017,3.9364073276519775,0,5.67318794760217,6.502251838376836,0
0,0.025,4.141856733015028,Brazil,1,1,soybean,3.656761693954468,Brazil_DUP2_farm2_field40_soybean_2022,Brazil|soybean,121,3,global_raw,4.145259200503866,0.40825688073394495,0.4784527099970338,-0.7758526373093905,4.273487091064453,0,5.8270037538725665,6.656067644647232,0
0,0.025,4.141856733015028,Brazil,1,1,soybean,3.656761693954468,Brazil_DUP2_farm2_field48_soybean_2022,Brazil|soybean,122,3,global_raw,4.179524109109054,0.41743119266055045,0.4809681452329856,-0.8302736309727673,4.727036476135254,0,5.861268662477754,6.69033255325242,0
0,0.025,4.141856733015028,Brazil,1,1,soybean,3.656761693954468,Brazil_DUP2_farm2_field7_soybean_2024,Brazil|soybean,123,3,global_raw,3.9844047146906374,0.23853211009174313,0.4694703430335103,-0.5203766617557272,3.3837997913360596,1,5.666149268059337,6.495213158834003,0
0,0.025,4.141856733015028,Brazil,1,1,soybean,3.656761693954468,Brazil_DUP2_farm3_field55_soybean_2021,Brazil|soybean,124,3,global_raw,4.261205673331616,0.481651376146789,0.38349566849145333,-0.9600037855221282,5.467695236206055,0,5.942950226700316,6.772014117474981,0
0,0.025,4.141856733015028,Brazil,1,1,soybean,3.656761693954468,Brazil_DUP2_farm3_field56_soybean_2022,Brazil|soybean,125,3,global_raw,4.203792463422126,0.43119266055045874,0.41217042377020574,-0.8688176694673669,4.57412052154541,0,5.885537016790827,6.714600907565492,0
0,0.025,6.680697711308797,Brazil,1,1,corn,4.840037059783936,Brazil_DUP2_farm4_field112_corn_2024,Brazil|corn,126,3,global_raw,5.5183063503610645,0.1559633027522936,1.4108870629151948,-0.3673433912230137,4.664671897888184,1,7.200050903729765,8.02911479450443,0
0,0.025,4.141856733015028,Brazil,1,1,soybean,3.656761693954468,Brazil_DUP2_farm4_field114_soybean_2017,Brazil|soybean,127,3,global_raw,4.409167401087073,0.6330275229357798,0.3853550969108899,-1.1950029311898593,4.290075778961182,0,6.090911954455773,6.919975845230439,0
0,0.025,3.7483099491224374,Brazil,1,1,wheat,3.056740236282349,Brazil_DUP2_farm4_field139_wheat_2017,Brazil|wheat,128,3,global_raw,3.858304701108767,0.5045871559633027,0.4607658318889714,-0.990880362632231,4.199263095855713,0,5.540049254477467,6.369113145252133,0
0,0.025,4.141856733015028,Brazil,1,1,soybean,3.656761693954468,Brazil_DUP2_farm4_field58_soybean_2020,Brazil|soybean,129,3,global_raw,4.103286277269587,0.3761467889908257,0.2648286711336869,-0.7091894450713613,4.116067886352539,0,5.785030830638287,6.614094721412952,0
0,0.025,6.680697711308797,Brazil,1,1,corn,4.840037059783936,Brazil_DUP2_farm4_field65_corn_2018,Brazil|corn,130,3,global_raw,7.166071046483515,0.6651376146788991,1.2813692320635663,-1.259755121814772,7.826662540435791,0,8.847815599852215,9.676879490626881,0
0,0.025,6.680697711308797,Brazil,1,1,corn,4.840037059783936,Brazil_DUP2_farm4_field71_corn_2023,Brazil|corn,131,3,global_raw,5.982618559367952,0.3073394495412844,0.7311083160446421,-0.6188099161156715,5.0986328125,0,7.664363112736653,8.493427003511318,0
0,0.025,4.141856733015028,Brazil,1,1,soybean,3.656761693954468,Brazil_DUP2_farm4_field85_soybean_2018,Brazil|soybean,132,3,global_raw,4.228203639320642,0.4541284403669725,0.374128332332087,-0.9075885433137246,3.588340997695923,1,5.909948192689343,6.739012083464008,0
0,0.025,4.141856733015028,Brazil,1,1,soybean,3.656761693954468,Brazil_DUP2_farm4_field87_soybean_2023,Brazil|soybean,133,3,global_raw,4.2487441255295275,0.46788990825688076,0.31775081078962797,-0.940211822210992,4.010547161102295,0,5.930488678898228,6.759552569672893,0
0,0.025,4.141856733015028,Brazil,1,1,soybean,3.656761693954468,Brazil_DUP2_farm4_field97_soybean_2017,Brazil|soybean,134,3,global_raw,4.444414042652932,0.6605504587155964,0.3663105801172522,-1.250983155138874,4.4211201667785645,0,6.126158596021632,6.955222486796298,0
0,0.025,6.680697711308797,Brazil,1,1,corn,4.840037059783936,Brazil_DUP2_farm5_field143_corn_2020,Brazil|corn,135,3,global_raw,5.3811331626833745,0.11009174311926606,1.134362808931697,-0.29305186034223657,4.6860785484313965,1,7.062877716052075,7.891941606826741,0
1,0.025,4.141856733015028,Brazil,1,1,soybean,3.656761693954468,Brazil_DUP2_farm5_field152_soybean_2022,Brazil|soybean,136,3,global_raw,3.3889928494071913,0.0045871559633027525,0.5485450132551394,0.4252819337784782,3.057061195373535,1,5.070737402775892,5.899801293550557,1
0,0.025,6.680697711308797,Brazil,1,1,corn,4.840037059783936,Brazil_DUP2_farm5_field157_corn_2023,Brazil|corn,137,3,global_raw,6.193095815411402,0.3853211009174312,1.2052019175135116,-0.7328021461700901,5.615368366241455,0,7.874840368780102,8.703904259554768,0
0,0.025,4.141856733015028,Brazil,1,1,soybean,3.656761693954468,Brazil_DUP2_farm5_field159_soybean_2019,Brazil|soybean,138,3,global_raw,3.326816293142859,0.0045871559633027525,0.4550817120331093,0.5240334002849297,2.9018757343292236,1,5.008560846511559,5.837624737286225,1
0,0.025,6.680697711308797,Brazil,1,1,corn,4.840037059783936,Brazil_DUP2_farm5_field160_corn_2023,Brazil|corn,139,3,global_raw,6.450263776470487,0.44036697247706424,1.0032978975319815,-0.8720815625343042,5.882316589355469,0,8.132008329839188,8.961072220613852,0
0,0.025,3.7483099491224374,Brazil,0,1,wheat,3.056740236282349,Brazil_DUP2_farm5_field161_wheat_2018,Brazil|wheat,140,3,global_raw,3.717050533310368,0.41743119266055045,0.6961303784395796,-0.8162643621066814,5.535414218902588,0,5.398795086679068,6.227858977453733,0
0,0.025,4.141856733015028,Brazil,1,1,soybean,3.656761693954468,Brazil_DUP2_farm5_field162_soybean_2022,Brazil|soybean,141,3,global_raw,3.911149461388947,0.17889908256880735,0.473840471456843,-0.4040295346795799,3.7297041416168213,0,5.592894014757647,6.421957905532313,0
1,0.025,4.141856733015028,Brazil,1,1,soybean,3.656761693954468,Brazil_DUP2_farm5_field170_soybean_2019,Brazil|soybean,142,3,global_raw,3.3984907244883384,0.0045871559633027525,0.35264223626953406,0.41019700226553096,3.088071584701538,1,5.080235277857039,5.909299168631705,1
0,0.025,3.7483099491224374,Brazil,1,1,wheat,3.056740236282349,Brazil_DUP2_farm5_field173_wheat_2021,Brazil|wheat,143,3,global_raw,4.100814929921921,0.6743119266055045,0.6973838275194384,-1.2906673841545004,3.3410909175872803,0,5.782559483290622,6.611623374065287,0
0,0.025,3.7483099491224374,Brazil,1,1,wheat,3.056740236282349,Brazil_DUP2_farm5_field176_wheat_2018,Brazil|wheat,144,3,global_raw,3.728411501179292,0.41743119266055045,0.6248307444590149,-0.830308597418748,3.518261432647705,0,5.4101560545479925,6.239219945322658,0
1,0.025,4.141856733015028,Brazil,1,1,soybean,3.656761693954468,Brazil_DUP2_farm5_field179_soybean_2019,Brazil|soybean,145,3,global_raw,3.5776098988792726,0.0045871559633027525,0.4005581840766655,0.12571226696866025,3.3765506744384766,1,5.2593544522479725,6.088418343022639,1
0,0.025,4.141856733015028,Brazil,1,1,soybean,3.656761693954468,Brazil_DUP2_farm5_field180_soybean_2024,Brazil|soybean,146,3,global_raw,3.706170464143391,0.03211009174311927,0.5428576770311256,-0.07847312246907662,2.8157355785369873,1,5.387915017512091,6.216978908286757,0
0,0.025,4.141856733015028,Brazil,1,1,soybean,3.656761693954468,Brazil_DUP2_farm5_field181_soybean_2018,Brazil|soybean,147,3,global_raw,4.545832581014215,0.7385321100917431,0.4655110791515221,-1.4120604163422703,4.834442615509033,0,6.227577134382916,7.056641025157582,0
0,0.025,3.7483099491224374,Brazil,1,1,wheat,3.056740236282349,Brazil_DUP2_farm5_field190_wheat_2018,Brazil|wheat,148,3,global_raw,3.8093212597186783,0.46788990825688076,0.6245323576163884,-0.9303278652381549,4.299508094787598,0,5.491065813087379,6.320129703862044,0
0,0.025,4.141856733015028,Brazil,1,1,soybean,3.656761693954468,Brazil_DUP2_farm5_field219_soybean_2019,Brazil|soybean,149,3,global_raw,3.571670979798592,0.0045871559633027525,0.4067756033742775,0.13514471231328565,3.732182741165161,0,5.253415533167292,6.082479423941958,1
0,0.025,3.7483099491224374,Brazil,1,1,wheat,3.056740236282349,Brazil_DUP2_farm5_field229_wheat_2019,Brazil|wheat,150,3,global_raw,3.735588116987325,0.41743119266055045,0.6490538497054964,-0.8391802078585592,2.8101489543914795,1,5.417332670356025,6.246396561130691,0
0,0.025,4.141856733015028,Brazil,1,1,soybean,3.656761693954468,Brazil_DUP2_farm5_field233_soybean_2019,Brazil|soybean,151,3,global_raw,3.634444907594031,0.009174311926605505,0.4106583654025493,0.03544447478620764,4.453907489776611,0,5.316189460962731,6.145253351737397,1
0,0.025,4.141856733015028,Brazil,1,1,soybean,3.656761693954468,Brazil_DUP2_farm5_field239_soybean_2022,Brazil|soybean,152,3,global_raw,3.961054804666369,0.22018348623853212,0.6228687378101851,-0.48329133577068306,3.7187273502349854,0,5.642799358035069,6.4718632488097345,0
0,0.025,4.141856733015028,Brazil,1,1,soybean,3.656761693954468,Brazil_DUP2_farm5_field240_soybean_2021,Brazil|soybean,153,3,global_raw,4.037290737046048,0.28440366972477066,0.3618124251687723,-0.604372504868796,3.537252902984619,1,5.719035290414748,6.548099181189414,0
0,0.025,4.141856733015028,Brazil,1,1,soybean,3.656761693954468,Brazil_DUP2_farm5_field248_soybean_2018,Brazil|soybean,154,3,global_raw,4.253343406155029,0.4724770642201835,0.4244087528507046,-0.947516596452783,4.354773044586182,0,5.935087959523729,6.764151850298395,0
0,0.025,6.680697711308797,Brazil,1,1,corn,4.840037059783936,Brazil_DUP2_farm5_field250_corn_2023,Brazil|corn,155,3,global_raw,6.338018542379717,0.41743119266055045,1.2896026418451159,-0.8112907446212004,5.684131145477295,0,8.019763095748417,8.848826986523083,0
1,0.025,4.141856733015028,Brazil,1,1,soybean,3.656761693954468,Brazil_DUP2_farm5_field254_soybean_2019,Brazil|soybean,156,3,global_raw,3.5108836296909924,0.0045871559633027525,0.38479590466359,0.23168978217284153,3.8169496059417725,0,5.192628183059693,6.021692073834359,1
0,0.025,4.141856733015028,Brazil,1,1,soybean,3.656761693954468,Brazil_DUP2_farm5_field260_soybean_2018,Brazil|soybean,157,3,global_raw,4.431238456394575,0.6467889908256881,0.34650627309316984,-1.2300571254056805,4.54451322555542,0,6.112983009763275,6.942046900537941,0
0,0.025,6.680697711308797,Brazil,1,1,corn,4.840037059783936,Brazil_DUP2_farm5_field261_corn_2023,Brazil|corn,158,3,global_raw,6.935885059005074,0.5825688073394495,1.281491337550008,-1.1350888536716273,7.104372024536133,0,8.617629612373774,9.44669350314844,0
0,0.025,6.680697711308797,Brazil,0,0,corn,4.840037059783936,Brazil_DUP2_farm5_field266_corn_2020,Brazil|corn,159,3,global_raw,5.9001760761927455,0.26605504587155965,1.1522865990562459,-0.5741599492497709,8.646026611328125,0,7.581920629561446,8.410984520336111,0
0,0.025,4.141856733015028,Brazil,1,1,soybean,3.656761693954468,Brazil_DUP2_farm5_field270_soybean_2024,Brazil|soybean,160,3,global_raw,3.89636375502559,0.16055045871559634,0.6048464029917087,-0.38054624331638703,3.808828115463257,0,5.57810830839429,6.407172199168956,0
1,0.025,4.141856733015028,Brazil,1,1,soybean,3.656761693954468,Brazil_DUP2_farm5_field271_soybean_2024,Brazil|soybean,161,3,global_raw,3.4732302089374723,0.0045871559633027525,0.6329174574133377,0.29149255578717237,3.2186245918273926,1,5.154974762306173,5.984038653080838,1
0,0.025,4.141856733015028,Brazil,1,1,soybean,3.656761693954468,Brazil_DUP2_farm6_field284_soybean_2019,Brazil|soybean,162,3,global_raw,3.3824205605635806,0.0045871559633027525,0.474906610502069,0.4357203240754791,2.6605865955352783,1,5.064165113932281,5.893229004706947,1
0,0.025,4.141856733015028,Brazil,1,1,soybean,3.656761693954468,Brazil_DUP2_farm6_field297_soybean_2018,Brazil|soybean,163,3,global_raw,4.011203245689493,0.25688073394495414,0.5226432717244022,-0.562939235100975,4.1024489402771,0,5.692947799058193,6.522011689832858,0
0,0.025,4.141856733015028,Brazil,1,1,soybean,3.656761693954468,Brazil_DUP2_farm6_field300_soybean_2022,Brazil|soybean,164,3,global_raw,4.040330408853845,0.29357798165137616,0.45010049637560734,-0.6092002416678904,3.3684070110321045,1,5.722074962222545,6.5511388529972105,0
0,0.025,4.141856733015028,Brazil,1,1,soybean,3.656761693954468,Brazil_DUP2_farm6_field303_soybean_2019,Brazil|soybean,165,3,global_raw,3.387707433098438,0.0045871559633027525,0.3443215003122828,0.4273234869487932,2.3109517097473145,1,5.069451986467138,5.898515877241804,1
0,0.025,6.680697711308797,Brazil,1,1,corn,4.840037059783936,Brazil_DUP2_farm6_field311_corn_2024,Brazil|corn,166,3,global_raw,5.490122148768178,0.13302752293577982,1.2547253064014117,-0.35207912917270817,4.720843315124512,1,7.171866702136878,8.000930592911544,0
0,0.025,4.141856733015028,Brazil,1,1,soybean,3.656761693954468,Brazil_DUP2_farm6_field315_soybean_2022,Brazil|soybean,167,3,global_raw,4.318541781152811,0.5275229357798165,0.3820129470113292,-1.0510674447419142,4.064803123474121,0,6.000286334521511,6.829350225296176,0
0,0.025,4.141856733015028,Brazil,1,1,soybean,3.656761693954468,Brazil_DUP2_farm6_field327_soybean_2022,Brazil|soybean,168,3,global_raw,4.142639898418957,0.4036697247706422,0.4029730779567233,-0.7716925496871595,3.3996365070343018,1,5.824384451787657,6.6534483425623225,0
0,0.025,4.141856733015028,Brazil,1,1,soybean,3.656761693954468,Brazil_DUP2_farm6_field344_soybean_2017,Brazil|soybean,169,3,global_raw,4.5995988663666685,0.7706422018348624,0.3808002075218583,-1.4974543308039643,4.9161458015441895,0,6.281343419735369,7.110407310510034,0
0,0.025,6.680697711308797,Brazil,1,1,corn,4.840037059783936,Brazil_DUP2_farm6_field348_corn_2017,Brazil|corn,170,3,global_raw,7.843889323015281,0.8532110091743119,0.8612209869108322,-1.6268542486560504,8.463029861450195,0,9.525633876383981,10.354697767158648,0
0,0.025,4.141856733015028,Brazil,1,1,soybean,3.656761693954468,Brazil_DUP2_farm6_field350_soybean_2023,Brazil|soybean,171,3,global_raw,4.585681203042884,0.7568807339449541,0.37125756625351547,-1.4753497025301852,4.978847980499268,0,6.267425756411584,7.0964896471862495,0
0,0.025,4.141856733015028,Brazil,1,1,soybean,3.656761693954468,Brazil_DUP2_farm6_field357_soybean_2021,Brazil|soybean,172,3,global_raw,4.087613533101921,0.3394495412844037,0.36499717995356235,-0.6842973223208246,4.076733112335205,0,5.769358086470621,6.5984219772452875,0
0,0.025,4.141856733015028,Brazil,1,1,soybean,3.656761693954468,Brazil_DUP2_farm6_field360_soybean_2017,Brazil|soybean,173,3,global_raw,4.050721851130089,0.3119266055045872,0.44045459426073247,-0.6257043748259523,3.4068408012390137,1,5.73246640449879,6.561530295273455,0
0,0.025,6.680697711308797,Brazil,1,1,corn,4.840037059783936,Brazil_DUP2_farm6_field367_corn_2023,Brazil|corn,174,3,global_raw,5.40990376680945,0.11467889908256881,1.1590541225512137,-0.30863371173081194,4.492310047149658,1,7.09164832017815,7.920712210952816,0
0,0.025,4.141856733015028,Brazil,1,1,soybean,3.656761693954468,Brazil_DUP2_farm6_field370_soybean_2020,Brazil|soybean,175,3,global_raw,4.235264255861961,0.45871559633027525,0.38761707654849953,-0.9188025165503686,4.024662971496582,0,5.917008809230661,6.746072700005326,0
0,0.025,4.141856733015028,Brazil,1,1,soybean,3.656761693954468,Brazil_DUP2_farm6_field401_soybean_2019,Brazil|soybean,176,3,global_raw,3.431746040331882,0.0045871559633027525,0.4721381454749294,0.35737948701551037,3.51542592048645,1,5.113490593700583,5.942554484475248,1
0,0.025,6.680697711308797,Brazil,1,1,corn,4.840037059783936,Brazil_DUP2_farm6_field406_corn_2024,Brazil|corn,177,3,global_raw,7.299405758605326,0.7064220183486238,1.148893717633771,-1.3319677754009227,8.113617897033691,0,8.981150311974027,9.810214202748693,0
0,0.025,4.141856733015028,Brazil,1,1,soybean,3.656761693954468,Brazil_DUP2_farm6_field412_soybean_2022,Brazil|soybean,178,3,global_raw,4.282607765167698,0.5045871559633027,0.3126367079077711,-0.9939955033350887,3.9689199924468994,0,5.964352318536398,6.793416209311063,0
0,0.025,6.680697711308797,Brazil,1,1,corn,4.840037059783936,Brazil_DUP2_farm6_field421_corn_2017,Brazil|corn,179,3,global_raw,7.596236499848846,0.7660550458715596,1.144835527519473,-1.4927281291755363,6.609680652618408,0,9.277981053217546,10.107044943992213,0
0,0.025,4.141856733015028,Brazil,1,1,soybean,3.656761693954468,Brazil_DUP2_farm6_field422_soybean_2021,Brazil|soybean,180,3,global_raw,4.177318888921074,0.41743119266055045,0.3340202208946189,-0.8267712059332261,3.5491366386413574,1,5.8590634422897745,6.68812733306444,0
0,0.025,3.7483099491224374,Brazil,1,1,wheat,3.056740236282349,Brazil_DUP2_farm6_field435_wheat_2022,Brazil|wheat,181,3,global_raw,3.4685643118405802,0.22935779816513763,0.38120416303076027,-0.5090899200704867,3.456657886505127,0,5.150308865209281,5.979372755983946,0
0,0.025,4.141856733015028,Brazil,1,1,soybean,3.656761693954468,Brazil_DUP2_farm6_field436_soybean_2017,Brazil|soybean,182,3,global_raw,4.480134973341072,0.6880733944954128,0.35895372424959227,-1.3077166653614836,4.504042148590088,0,6.161879526709773,6.990943417484438,0
0,0.025,6.680697711308797,Brazil,1,1,corn,4.840037059783936,Brazil_DUP2_farm6_field443_corn_2024,Brazil|corn,183,3,global_raw,6.365855114655137,0.41743119266055045,1.3558330846907984,-0.8263667343523239,6.353089809417725,0,8.047599668023837,8.876663558798503,0
0,0.025,6.680697711308797,Brazil,1,1,corn,4.840037059783936,Brazil_DUP2_farm6_field447_corn_2017,Brazil|corn,184,3,global_raw,7.648549847958439,0.7889908256880734,0.9385201232986037,-1.5210604788304298,7.365194797515869,0,9.330294401327139,10.159358292101805,0
0,0.025,6.680697711308797,Brazil,1,1,corn,4.840037059783936,Brazil_DUP2_farm6_field452_corn_2023,Brazil|corn,185,3,global_raw,4.929070261935175,0.027522935779816515,0.9444642006242857,-0.048219429751642735,5.1056013107299805,0,6.6108148153038755,7.439878706078542,0
0,0.025,6.680697711308797,Brazil,1,1,corn,4.840037059783936,Brazil_DUP2_farm6_field456_corn_2020,Brazil|corn,186,3,global_raw,9.791200093529897,1.0,1.4455923135482505,-2.6814969284053785,10.590103149414062,0,11.472944646898597,12.302008537673263,0
0,0.025,6.680697711308797,Brazil,1,1,corn,4.840037059783936,Brazil_DUP2_farm6_field464_corn_2020,Brazil|corn,187,3,global_raw,6.267882749968321,0.40825688073394495,1.0817731521617022,-0.7733059498082239,6.062224864959717,0,7.949627303337022,8.778691194111687,0
0,0.025,4.141856733015028,Brazil,1,1,soybean,3.656761693954468,Brazil_DUP2_farm6_field467_soybean_2020,Brazil|soybean,188,3,global_raw,4.452284980989283,0.6651376146788991,0.30185460244204626,-1.2634841161151,4.711682319641113,0,6.134029534357984,6.96309342513265,0
0,0.025,4.141856733015028,Brazil,1,1,soybean,3.656761693954468,Brazil_DUP2_farm6_field470_soybean_2017,Brazil|soybean,189,3,global_raw,4.522914687164712,0.7201834862385321,0.31550229403635877,-1.375661236927184,4.728090286254883,0,6.204659240533412,7.0337231313080775,0
0,0.025,4.141856733015028,Brazil,1,1,soybean,3.656761693954468,Brazil_DUP2_farm7_field473_soybean_2018,Brazil|soybean,190,3,global_raw,3.706281102753545,0.03211009174311927,0.49644989274083917,-0.07864884344272603,3.561701536178589,1,5.388025656122245,6.217089546896911,0
0,0.025,4.141856733015028,Brazil,1,1,soybean,3.656761693954468,Brazil_DUP2_farm7_field474_soybean_2017,Brazil|soybean,191,3,global_raw,3.974640553170525,0.22477064220183487,0.6304458221227763,-0.5048688027289624,4.159890651702881,0,5.656385106539226,6.485448997313891,0
0,0.025,4.141856733015028,Brazil,1,1,soybean,3.656761693954468,Brazil_DUP2_farm7_field475_soybean_2017,Brazil|soybean,192,3,global_raw,3.9615338268260483,0.22018348623853212,0.6650876762535314,-0.48405213925674806,3.9593982696533203,0,5.643278380194749,6.472342270969414,0
0,0.025,4.141856733015028,Brazil,1,1,soybean,3.656761693954468,Brazil_DUP2_farm8_field493_soybean_2024,Brazil|soybean,193,3,global_raw,3.725676582938736,0.03669724770642202,0.4574574447964407,-0.10945357479101339,3.5804173946380615,1,5.407421136307436,6.236485027082102,0
0,0.025,4.141856733015028,Brazil,1,1,soybean,3.656761693954468,Brazil_DUP2_farm8_field495_soybean_2024,Brazil|soybean,194,3,global_raw,3.504007781792734,0.0045871559633027525,0.49216369538390164,0.24261029794636968,3.159027576446533,1,5.1857523351614345,6.0148162259361,1
0,0.025,4.141856733015028,Brazil,1,1,soybean,3.656761693954468,Brazil_DUP2_farm8_field498_soybean_2024,Brazil|soybean,195,3,global_raw,3.70020617526018,0.03211009174311927,0.40025129958622496,-0.0690003837187785,3.6294262409210205,1,5.38195072862888,6.211014619403546,0
0,0.025,4.141856733015028,Brazil,1,1,soybean,3.656761693954468,Brazil_DUP2_farm9_field500_soybean_2018,Brazil|soybean,196,3,global_raw,4.653892069373431,0.8256880733944955,0.45963363932170725,-1.5836851184252139,5.121615409851074,0,6.335636622742132,7.164700513516797,0
0,0.025,3.7483099491224374,Brazil,1,1,wheat,3.056740236282349,Brazil_DUP2_farm9_field505_wheat_2019,Brazil|wheat,197,3,global_raw,4.04184209436429,0.6422018348623854,0.5189564372458139,-1.2177661675375047,4.252683639526367,0,5.72358664773299,6.552650538507656,0
0,0.025,6.680697711308797,Brazil,1,1,corn,4.840037059783936,Brazil_DUP2_farm9_field515_corn_2023,Brazil|corn,198,3,global_raw,6.59701733423478,0.47706422018348627,1.3112226079975764,-0.9515617193571316,7.6515960693359375,0,8.27876188760348,9.107825778378146,0
0,0.025,3.7483099491224374,Brazil,1,1,wheat,3.056740236282349,Brazil_DUP2_farm9_field517_wheat_2017,Brazil|wheat,199,3,global_raw,3.677764781117062,0.4036697247706422,0.6099082233542015,-0.7676999832104527,3.3647804260253906,0,5.359509334485763,6.188573225260428,0
0,0.025,3.7483099491224374,Brazil,1,1,wheat,3.056740236282349,Brazil_DUP2_farm9_field520_wheat_2019,Brazil|wheat,200,3,global_raw,3.605370700686061,0.3348623853211009,0.4758119551525328,-0.6782076518788344,4.587927341461182,0,5.287115254054761,6.116179144829427,0
0,0.025,6.680697711308797,Brazil,1,1,corn,4.840037059783936,Brazil_DUP2_farm9_field521_corn_2018,Brazil|corn,201,3,global_raw,7.120913578844768,0.6513761467889908,1.3400948146302056,-1.2352983204647565,5.725604057312012,0,8.80265813221347,9.631722022988134,0
1,0.025,4.141856733015028,Brazil,1,1,soybean,3.656761693954468,Brazil_DUP2_farm9_field524_soybean_2019,Brazil|soybean,202,3,global_raw,3.514622885590073,0.0045871559633027525,0.4826977533183254,0.2257509359925019,3.095946788787842,1,5.196367438958774,6.025431329733439,1
0,0.025,4.141856733015028,Brazil,1,1,soybean,3.656761693954468,Brazil_DUP2_farm9_field530_soybean_2017,Brazil|soybean,203,3,global_raw,4.488834064069572,0.7064220183486238,0.3256665346890407,-1.3215329333944041,4.376036643981934,0,6.170578617438272,6.999642508212938,0
0,0.025,3.7483099491224374,Brazil,1,1,wheat,3.056740236282349,Brazil_DUP2_farm9_field533_wheat_2023,Brazil|wheat,204,3,global_raw,3.3186518275168067,0.11926605504587157,0.4863227215936325,-0.32377065587130904,3.2547969818115234,0,5.0003963808855065,5.829460271660173,0
0,0.025,3.7483099491224374,Brazil,1,1,wheat,3.056740236282349,Brazil_DUP2_farm9_field535_wheat_2017,Brazil|wheat,205,3,global_raw,3.683822105018384,0.40825688073394495,0.6810635486760254,-0.7751879440262089,4.023563385009766,0,5.365566658387085,6.19463054916175,0
0,0.025,6.680697711308797,Brazil,1,1,corn,4.840037059783936,Brazil_DUP2_farm9_field539_corn_2018,Brazil|corn,206,3,global_raw,6.481784644207451,0.4541284403669725,1.3320217601942552,-0.8891529272704789,5.541452884674072,0,8.163529197576151,8.992593088350818,0
0,0.025,4.141856733015028,Brazil,1,1,soybean,3.656761693954468,Brazil_DUP2_farm9_field547_soybean_2023,Brazil|soybean,207,3,global_raw,4.174501451165667,0.41743119266055045,0.3889366421246916,-0.8222964307630752,4.292631149291992,0,5.856246004534367,6.685309895309032,0
0,0.025,9.758280831796151,Germany,0,1,wheat,8.544622993469238,Germany_DUP3_farm1_field16_wheat_2016,Germany|wheat,208,3,global_raw,8.762456255580972,0.03669724770642202,1.3968637548188516,-0.12180020676415666,11.02881908416748,0,10.444200808949672,11.273264699724338,0
0,0.025,9.758280831796151,Germany,0,0,wheat,8.544622993469238,Germany_DUP3_farm1_field23_wheat_2017,Germany|wheat,209,3,global_raw,10.54580487550208,0.5642201834862385,1.760677373934464,-1.1189492579845766,14.301862716674805,0,12.22754942887078,13.056613319645447,0
0,0.025,4.479201480962228,Germany,1,1,rapeseed,3.4644815921783447,Germany_DUP3_farm1_field25_rapeseed_2017,Germany|rapeseed,210,3,global_raw,4.80525645146526,0.5275229357798165,0.782786765994274,-1.0540458076216643,6.167816162109375,0,6.48700100483396,7.316064895608626,0
0,0.025,9.758280831796151,Germany,0,1,wheat,8.544622993469238,Germany_DUP3_farm1_field37_wheat_2017,Germany|wheat,211,3,global_raw,10.148352917147488,0.4541284403669725,1.5317793339548058,-0.8967162976133667,12.630252838134766,0,11.830097470516188,12.659161361290854,0
0,0.025,9.758280831796151,Germany,1,1,wheat,8.544622993469238,Germany_DUP3_farm1_field53_wheat_2016,Germany|wheat,212,3,global_raw,10.450068557519844,0.536697247706422,1.6356767383876647,-1.0654188503138955,9.867631912231445,0,12.131813110888544,12.96087700166321,0
0,0.025,4.479201480962228,Germany,1,1,rapeseed,3.4644815921783447,Germany_DUP3_farm1_field54_rapeseed_2019,Germany|rapeseed,213,3,global_raw,4.3310183430244935,0.3348623853211009,0.789473960373992,-0.6812250565805307,3.924856185913086,0,6.012762896393194,6.841826787167859,0
0,0.025,9.758280831796151,Germany,1,1,wheat,8.544622993469238,Germany_DUP3_farm1_field57_wheat_2019,Germany|wheat,214,3,global_raw,9.257192665989141,0.17889908256880735,1.165778016278545,-0.39842920500485174,8.579115867614746,0,10.938937219357841,11.768001110132507,0
0,0.025,4.479201480962228,Germany,1,1,rapeseed,3.4644815921783447,Germany_DUP3_farm1_field64_rapeseed_2016,Germany|rapeseed,215,3,global_raw,4.623188934745798,0.4541284403669725,0.8981947464198474,-0.9109140197804892,5.263590335845947,0,6.304933488114498,7.133997378889164,0
0,0.025,9.758280831796151,Germany,1,1,wheat,8.544622993469238,Germany_DUP3_farm2_field104_wheat_2021,Germany|wheat,216,3,global_raw,10.036622521246384,0.41743119266055045,1.772854116575742,-0.8342428939161154,9.514748573303223,0,11.718367074615085,12.54743096538975,0
0,0.025,9.758280831796151,Germany,1,1,wheat,8.544622993469238,Germany_DUP3_farm2_field112_wheat_2021,Germany|wheat,217,3,global_raw,10.37525754842752,0.5137614678899083,1.7385028700709249,-1.0235887079043016,10.008923530578613,0,12.05700210179622,12.886065992570886,0
0,0.025,9.758280831796151,Germany,1,1,wheat,8.544622993469238,Germany_DUP3_farm2_field147_wheat_2018,Germany|wheat,218,3,global_raw,10.329331516032047,0.5091743119266054,1.1193107726575404,-0.9979094329056253,10.852078437805176,0,12.011076069400747,12.840139960175414,0
0,0.025,9.758280831796151,Germany,1,1,wheat,8.544622993469238,Germany_DUP3_farm2_field151_wheat_2018,Germany|wheat,219,3,global_raw,9.629362639932964,0.29357798165137616,0.5717565240139764,-0.6065258902324594,9.631241798400879,0,11.311107193301664,12.14017108407633,0
0,0.025,9.758280831796151,Germany,1,1,wheat,8.544622993469238,Germany_DUP3_farm2_field157_wheat_2021,Germany|wheat,220,3,global_raw,9.818012571209826,0.3761467889908257,1.1480443388355703,-0.7120084065975668,10.112736701965332,0,11.499757124578526,12.328821015353192,0
0,0.025,9.758280831796151,Germany,1,1,wheat,8.544622993469238,Germany_DUP3_farm2_field159_wheat_2019,Germany|wheat,221,3,global_raw,8.792899484789165,0.03669724770642202,1.1550073847731086,-0.13882236204099707,7.64957857131958,1,10.474644038157866,11.303707928932532,0
0,0.025,4.479201480962228,Germany,1,1,rapeseed,3.4644815921783447,Germany_DUP3_farm2_field178_rapeseed_2017,Germany|rapeseed,222,3,global_raw,4.522008645471201,0.41743119266055045,0.8749925276534176,-0.8313714634854255,4.423279762268066,0,6.203753198839902,7.032817089614568,0
0,0.025,4.479201480962228,Germany,1,1,rapeseed,3.4644815921783447,Germany_DUP3_farm2_field179_rapeseed_2017,Germany|rapeseed,223,3,global_raw,4.874505544495278,0.5458715596330275,0.7217547508072335,-1.1084857575389189,4.636385440826416,0,6.556250097863979,7.385313988638645,0
0,0.025,9.758280831796151,Germany,1,1,wheat,8.544622993469238,Germany_DUP3_farm2_field194_wheat_2017,Germany|wheat,224,3,global_raw,9.240974843271218,0.1743119266055046,1.3600959077186785,-0.3893611033698761,8.748379707336426,0,10.922719396639918,11.751783287414584,0
0,0.025,4.479201480962228,Germany,1,1,rapeseed,3.4644815921783447,Germany_DUP3_farm2_field197_rapeseed_2017,Germany|rapeseed,225,3,global_raw,4.796729490715785,0.5229357798165137,0.8971779745939601,-1.0473423650805966,3.209768295288086,1,6.478474044084486,7.307537934859152,0
0,0.025,9.758280831796151,Germany,1,1,wheat,8.544622993469238,Germany_DUP3_farm2_field202_wheat_2022,Germany|wheat,226,3,global_raw,10.040926034575275,0.41743119266055045,1.1513625254457438,-0.8366491784669217,9.567559242248535,0,11.722670587943975,12.551734478718641,0
0,0.025,9.758280831796151,Germany,1,1,wheat,8.544622993469238,Germany_DUP3_farm2_field208_wheat_2022,Germany|wheat,227,3,global_raw,9.533230446256267,0.25229357798165136,1.2129284914971588,-0.5527741309602334,9.409064292907715,0,11.214974999624967,12.044038890399634,0
0,0.025,9.758280831796151,Germany,1,1,wheat,8.544622993469238,Germany_DUP3_farm2_field209_wheat_2022,Germany|wheat,228,3,global_raw,9.459052201110563,0.22935779816513763,1.1358243672399013,-0.511297794846262,8.686691284179688,0,11.140796754479263,11.96986064525393,0
0,0.025,9.758280831796151,Germany,1,1,wheat,8.544622993469238,Germany_DUP3_farm2_field219_wheat_2022,Germany|wheat,229,3,global_raw,8.705384490570866,0.03211009174311927,1.5827241034998574,-0.0898888599329246,5.437195301055908,1,10.387129043939566,11.216192934714233,0
0,0.025,9.758280831796151,Germany,1,1,wheat,8.544622993469238,Germany_DUP3_farm2_field79_wheat_2019,Germany|wheat,230,3,global_raw,10.235974671067618,0.4724770642201835,0.9623456573698547,-0.9457094937903386,11.206942558288574,0,11.917719224436318,12.746783115210985,0
0,0.025,9.758280831796151,Germany,1,1,wheat,8.544622993469238,Germany_DUP3_farm2_field86_wheat_2018,Germany|wheat,231,3,global_raw,9.984721448331651,0.41743119266055045,0.7499253951483776,-0.8052227096200482,9.91884994506836,0,11.666466001700352,12.495529892475018,0
0,0.025,9.758280831796151,Germany,1,1,wheat,8.544622993469238,Germany_DUP3_farm2_field97_wheat_2021,Germany|wheat,232,3,global_raw,10.157127097240005,0.4541284403669725,1.4466580091058001,-0.9016223295898167,5.407424449920654,1,11.838871650608706,12.667935541383372,0
0,0.025,9.758280831796151,Germany,1,1,wheat,8.544622993469238,Germany_DUP3_farm2_field98_wheat_2016,Germany|wheat,233,3,global_raw,10.502115038166727,0.5458715596330275,1.3548314367172845,-1.094520338501156,12.055842399597168,0,12.183859591535427,13.012923482310093,0
0,0.025,4.479201480962228,Germany,1,1,rapeseed,3.4644815921783447,Germany_DUP3_farm3_field225_rapeseed_2019,Germany|rapeseed,234,3,global_raw,4.217618468700686,0.2798165137614679,1.0319632650313608,-0.5920761131259946,2.6462926864624023,1,5.8993630220693865,6.728426912844052,0
0,0.025,9.758280831796151,Germany,1,1,wheat,8.544622993469238,Germany_DUP3_farm3_field235_wheat_2016,Germany|wheat,235,3,global_raw,9.37740029387188,0.21100917431192662,1.2549257522140893,-0.4656426038623519,8.788702011108398,0,11.05914484724058,11.888208738015246,0
0,0.025,9.758280831796151,Germany,1,1,wheat,8.544622993469238,Germany_DUP3_farm3_field239_wheat_2017,Germany|wheat,236,3,global_raw,9.57667021764887,0.26605504587155965,1.4568761684257001,-0.5770632275202104,7.893531799316406,1,11.25841477101757,12.087478661792236,0
0,0.025,4.479201480962228,Germany,1,1,rapeseed,3.4644815921783447,Germany_DUP3_farm4_field242_rapeseed_2018,Germany|rapeseed,237,3,global_raw,4.700233576640876,0.4954128440366973,0.977635141692196,-0.9714824151577789,4.3051557540893555,0,6.381978130009577,7.211042020784243,0
0,0.025,4.479201480962228,Germany,1,1,rapeseed,3.4644815921783447,Germany_DUP3_farm4_field243_rapeseed_2018,Germany|rapeseed,238,3,global_raw,4.609818076766826,0.4541284403669725,0.9868714012914838,-0.9004025631407555,2.9068593978881836,1,6.291562630135527,7.120626520910193,0
0,0.025,4.479201480962228,Germany,1,1,rapeseed,3.4644815921783447,Germany_DUP3_farm4_field248_rapeseed_2020,Germany|rapeseed,239,3,global_raw,4.865777937802904,0.5458715596330275,0.7809382735103969,-1.1016245778405165,5.0099263191223145,0,6.547522491171605,7.37658638194627,0
0,0.025,4.479201480962228,Germany,1,1,rapeseed,3.4644815921783447,Germany_DUP3_farm4_field260_rapeseed_2018,Germany|rapeseed,240,3,global_raw,4.59870399464298,0.4541284403669725,0.9995938484125014,-0.8916652635210164,4.232450485229492,0,6.28044854801168,7.109512438786346,0
0,0.025,4.479201480962228,Germany,1,1,rapeseed,3.4644815921783447,Germany_DUP3_farm5_field267_rapeseed_2020,Germany|rapeseed,241,3,global_raw,3.9005738078230032,0.13302752293577982,1.1069198053653462,-0.3428324811230155,3.976979970932007,0,5.582318361191703,6.411382251966369,0
0,0.025,4.479201480962228,Germany,1,1,rapeseed,3.4644815921783447,Germany_DUP3_farm5_field269_rapeseed_2017,Germany|rapeseed,242,3,global_raw,4.03031996775778,0.2018348623853211,1.2485239914139792,-0.4448320040011487,2.265892505645752,1,5.71206452112648,6.541128411901147,0
0,0.025,4.479201480962228,Germany,1,1,rapeseed,3.4644815921783447,Germany_DUP3_farm6_field285_rapeseed_2020,Germany|rapeseed,243,3,global_raw,4.242072106278153,0.2981651376146789,0.9197675904470239,-0.6113002610066737,3.847475051879883,0,5.923816659646853,6.752880550421519,0
0,0.025,9.758280831796151,Germany,1,1,wheat,8.544622993469238,Germany_DUP3_farm6_field289_wheat_2021,Germany|wheat,244,3,global_raw,9.519617601033197,0.24770642201834864,1.5809650174600234,-0.5451625874028131,5.549441814422607,1,11.201362154401897,12.030426045176563,0
0,0.025,4.479201480962228,Germany,1,1,rapeseed,3.4644815921783447,Germany_DUP3_farm6_field290_rapeseed_2021,Germany|rapeseed,245,3,global_raw,3.834946707980652,0.11009174311926606,1.1237604353106003,-0.2912399494044623,2.0372815132141113,1,5.516691261349353,6.345755152124018,0
0,0.025,4.479201480962228,Germany,1,1,rapeseed,3.4644815921783447,Germany_DUP3_farm6_field293_rapeseed_2016,Germany|rapeseed,246,3,global_raw,4.645863869197213,0.46788990825688076,0.8181836420024865,-0.9287398459667899,4.694138050079346,0,6.3276084225659135,7.156672313340579,0
0,0.025,2.4098708967710363,Uruguay,1,1,soybean,1.3531898975372314,Uruguay_DUP4_farm10_field293_soybean_2019,Uruguay|soybean,247,3,global_raw,3.7240880312353193,1.0,0.5177493886423336,-2.1786137695318635,4.143353462219238,0,5.40583258460402,6.234896475378685,0
0,0.025,2.4098708967710363,Uruguay,1,1,soybean,1.3531898975372314,Uruguay_DUP4_farm10_field294_soybean_2019,Uruguay|soybean,248,3,global_raw,3.123440347681091,0.8532110091743119,0.7099103338314301,-1.6266797596182625,3.4914588928222656,0,4.805184901049792,5.634248791824457,0
0,0.025,2.4098708967710363,Uruguay,1,1,soybean,1.3531898975372314,Uruguay_DUP4_farm10_field295_soybean_2019,Uruguay|soybean,249,3,global_raw,3.012739905841407,0.7889908256880734,0.6291011852292275,-1.5249573349145835,2.309270143508911,0,4.694484459210107,5.5235483499847735,0
0,0.025,2.4098708967710363,Uruguay,1,1,soybean,1.3531898975372314,Uruguay_DUP4_farm10_field304_soybean_2019,Uruguay|soybean,250,3,global_raw,3.7993285441399105,1.0,0.36239603897363226,-2.2477521332222947,4.0083465576171875,0,5.481073097508611,6.3101369882832765,0
0,0.025,2.4098708967710363,Uruguay,1,1,soybean,1.3531898975372314,Uruguay_DUP4_farm10_field316_soybean_2019,Uruguay|soybean,251,3,global_raw,3.199777399048376,0.8761467889908257,0.531733342656276,-1.696825730409012,3.356281280517578,0,4.881521952417076,5.710585843191742,0
0,0.025,2.4098708967710363,Uruguay,1,1,soybean,1.3531898975372314,Uruguay_DUP4_farm10_field321_soybean_2019,Uruguay|soybean,252,3,global_raw,3.6622503690469634,1.0,0.5774946719288124,-2.121791259781486,3.085536241531372,0,5.343994922415664,6.1730588131903295,0
0,0.025,2.4098708967710363,Uruguay,1,1,soybean,1.3531898975372314,Uruguay_DUP4_farm10_field325_soybean_2019,Uruguay|soybean,253,3,global_raw,3.5979979832656865,0.9908256880733946,0.4614379713919849,-2.06274986513075,3.619173049926758,0,5.279742536634387,6.1088064274090526,0
0,0.025,2.4098708967710363,Uruguay,1,1,soybean,1.3531898975372314,Uruguay_DUP4_farm10_field340_soybean_2021,Uruguay|soybean,254,3,global_raw,1.6345782694685818,0.0779816513761468,0.4777321341065353,-0.2585672378591774,1.3346002101898193,1,3.3163228228372823,4.1453867136119475,0
0,0.025,2.4098708967710363,Uruguay,1,1,soybean,1.3531898975372314,Uruguay_DUP4_farm10_field344_soybean_2021,Uruguay|soybean,255,3,global_raw,2.5753851674198045,0.5642201834862385,0.6551787810995878,-1.1230729005930187,2.9431731700897217,0,4.257129720788505,5.0861936115631705,0
0,0.025,2.4098708967710363,Uruguay,1,1,soybean,1.3531898975372314,Uruguay_DUP4_farm10_field347_soybean_2019,Uruguay|soybean,256,3,global_raw,3.314002202870667,0.9311926605504587,0.47785822010948314,-1.801786684611276,2.9836575984954834,0,4.995746756239367,5.824810647014033,0
0,0.025,2.4098708967710363,Uruguay,1,1,soybean,1.3531898975372314,Uruguay_DUP4_farm10_field362_soybean_2019,Uruguay|soybean,257,3,global_raw,3.624810894084686,0.9954128440366973,0.5951132404348286,-2.0873881977023765,4.231245040893555,0,5.306555447453386,6.135619338228052,0
1,0.025,2.4098708967710363,Uruguay,1,1,soybean,1.3531898975372314,Uruguay_DUP4_farm10_field366_soybean_2018,Uruguay|soybean,258,3,global_raw,1.1317346985477632,0.0045871559633027525,0.43622791147600604,0.2034947596421331,1.033884882926941,1,2.8134792519164638,3.642543142691129,1
0,0.025,2.4098708967710363,Uruguay,1,1,soybean,1.3531898975372314,Uruguay_DUP4_farm10_field367_soybean_2019,Uruguay|soybean,259,3,global_raw,2.666573849160967,0.6376146788990825,0.5915827502680318,-1.2068660061858267,2.9317121505737305,0,4.348318402529667,5.177382293304333,0
0,0.025,2.4098708967710363,Uruguay,1,1,soybean,1.3531898975372314,Uruguay_DUP4_farm10_field370_soybean_2018,Uruguay|soybean,260,3,global_raw,1.4456130836058776,0.03211009174311927,0.4765637436728729,-0.08492748926293547,0.8652379512786865,1,3.127357636974578,3.9564215277492436,0
0,0.025,2.4098708967710363,Uruguay,1,1,soybean,1.3531898975372314,Uruguay_DUP4_farm10_field373_soybean_2018,Uruguay|soybean,261,3,global_raw,1.744801070116916,0.14220183486238533,0.5602288899488044,-0.3598507589838372,1.5125861167907715,0,3.4265456234856164,4.255609514260282,0
0,0.025,2.4098708967710363,Uruguay,1,1,soybean,1.3531898975372314,Uruguay_DUP4_farm10_field376_soybean_2018,Uruguay|soybean,262,3,global_raw,1.6254203040712003,0.06880733944954129,0.49764429889639916,-0.2501520009360662,1.0615953207015991,1,3.3071648574399006,4.136228748214567,0
0,0.025,2.4098708967710363,Uruguay,1,1,soybean,1.3531898975372314,Uruguay_DUP4_farm10_field377_soybean_2019,Uruguay|soybean,263,3,global_raw,3.130576040468599,0.8577981651376146,0.40607232682593786,-1.633236734100235,3.425407886505127,0,4.812320593837299,5.641384484611965,0
0,0.025,2.4098708967710363,Uruguay,1,1,soybean,1.3531898975372314,Uruguay_DUP4_farm10_field422_soybean_2018,Uruguay|soybean,264,3,global_raw,1.577249398957246,0.05045871559633028,0.7597471805916916,-0.2058878481745214,0.6888680458068848,1,3.2589939523259464,4.0880578431006125,0
1,0.025,2.4098708967710363,Uruguay,1,1,soybean,1.3531898975372314,Uruguay_DUP4_farm10_field427_soybean_2018,Uruguay|soybean,265,3,global_raw,1.3189160264463058,0.009174311926605505,0.45609241675033674,0.03149419472416654,1.5064901113510132,0,3.000660579815006,3.829724470589672,1
0,0.025,2.4098708967710363,Uruguay,1,1,soybean,1.3531898975372314,Uruguay_DUP4_farm10_field449_soybean_2018,Uruguay|soybean,266,3,global_raw,2.3762314784514302,0.46788990825688076,0.5206322058764052,-0.9400709559405891,3.7536041736602783,0,4.057976031820131,4.887039922594797,0
0,0.025,2.4098708967710363,Uruguay,1,1,soybean,1.3531898975372314,Uruguay_DUP4_farm10_field466_soybean_2018,Uruguay|soybean,267,3,global_raw,1.8478480407841593,0.2018348623853211,0.735196311264629,-0.4545404236359543,2.0693092346191406,0,3.5295925941528594,4.3586564849275256,0
1,0.025,2.4098708967710363,Uruguay,1,1,soybean,1.3531898975372314,Uruguay_DUP4_farm10_field475_soybean_2018,Uruguay|soybean,268,3,global_raw,1.1987454131473574,0.0045871559633027525,0.5048233752632003,0.14191874190528825,1.376645565032959,0,2.8804899665160577,3.7095538572907234,1
0,0.025,2.4098708967710363,Uruguay,1,1,soybean,1.3531898975372314,Uruguay_DUP4_farm10_field476_soybean_2018,Uruguay|soybean,269,3,global_raw,1.3963948080317177,0.027522935779816515,0.6390056071165271,-0.039700909784707646,0.9442515969276428,1,3.078139361400418,3.9072032521750835,0
1,0.025,2.4098708967710363,Uruguay,1,1,soybean,1.3531898975372314,Uruguay_DUP4_farm10_field481_soybean_2018,Uruguay|soybean,270,3,global_raw,1.2833085944504732,0.009174311926605505,0.5935970917598032,0.06421379601837753,0.8724110126495361,1,2.9650531478191735,3.794117038593839,1
0,0.025,2.4098708967710363,Uruguay,1,1,soybean,1.3531898975372314,Uruguay_DUP4_farm10_field495_soybean_2022,Uruguay|soybean,271,3,global_raw,3.697879580732623,1.0,0.39673002934787827,-2.1545308743911065,2.9788596630096436,0,5.379624134101324,6.208688024875989,0
0,0.025,2.4098708967710363,Uruguay,1,1,soybean,1.3531898975372314,Uruguay_DUP4_farm10_field516_soybean_2022,Uruguay|soybean,272,3,global_raw,2.9063278900698033,0.7431192660550459,0.5569002457893413,-1.427175536739201,2.944268226623535,0,4.588072443438504,5.417136334213169,0
0,0.025,2.4098708967710363,Uruguay,1,1,soybean,1.3531898975372314,Uruguay_DUP4_farm10_field520_soybean_2022,Uruguay|soybean,273,3,global_raw,3.657416729538274,1.0,0.4697546507595504,-2.117349637663306,3.4828546047210693,0,5.339161282906974,6.168225173681639,0
0,0.025,2.4098708967710363,Uruguay,1,1,soybean,1.3531898975372314,Uruguay_DUP4_farm10_field522_soybean_2022,Uruguay|soybean,274,3,global_raw,3.626837400214375,0.9954128440366973,0.4588422543273301,-2.089250350316793,3.2485532760620117,0,5.308581953583076,6.137645844357741,0
0,0.025,2.4098708967710363,Uruguay,1,1,soybean,1.3531898975372314,Uruguay_DUP4_farm10_field527_soybean_2022,Uruguay|soybean,275,3,global_raw,3.7460535296318995,1.0,0.45101321206119227,-2.1987978240811743,3.5540645122528076,0,5.427798083000599,6.2568619737752655,0
0,0.025,2.4098708967710363,Uruguay,1,1,soybean,1.3531898975372314,Uruguay_DUP4_farm10_field529_soybean_2022,Uruguay|soybean,276,3,global_raw,2.7042416753168657,0.6513761467889908,0.6344044912466299,-1.241478899740883,2.4156973361968994,0,4.3859862286855655,5.215050119460232,0
0,0.025,2.4098708967710363,Uruguay,1,1,soybean,1.3531898975372314,Uruguay_DUP4_farm10_field531_soybean_2022,Uruguay|soybean,277,3,global_raw,3.1101515166188825,0.8302752293577982,0.5297216355570913,-1.614468678120656,3.0858843326568604,0,4.791896069987583,5.6209599607622485,0
0,0.025,2.4098708967710363,Uruguay,1,1,soybean,1.3531898975372314,Uruguay_DUP4_farm10_field543_soybean_2022,Uruguay|soybean,278,3,global_raw,2.388100237840777,0.47706422018348627,0.7394307730127457,-0.9509771362886074,2.389759063720703,0,4.069844791209477,4.8989086819841425,0
0,0.025,2.4098708967710363,Uruguay,1,1,soybean,1.3531898975372314,Uruguay_DUP4_farm10_field547_soybean_2022,Uruguay|soybean,279,3,global_raw,2.5428615828063754,0.5458715596330275,0.7259391832049438,-1.0931870407721116,2.017805576324463,0,4.224606136175076,5.053670026949741,0
0,0.025,2.4098708967710363,Uruguay,1,1,soybean,1.3531898975372314,Uruguay_DUP4_farm10_field556_soybean_2022,Uruguay|soybean,280,3,global_raw,3.2991524594936066,0.9220183486238532,0.5613435371670481,-1.7881412837669908,2.9100286960601807,0,4.980897012862307,5.809960903636973,0
0,0.025,2.4098708967710363,Uruguay,1,1,soybean,1.3531898975372314,Uruguay_DUP4_farm10_field565_soybean_2019,Uruguay|soybean,281,3,global_raw,3.768665551209176,1.0,0.4899025921098167,-2.2195759675471556,3.5225167274475098,0,5.450410104577877,6.279473995352542,0
0,0.025,2.4098708967710363,Uruguay,1,1,soybean,1.3531898975372314,Uruguay_DUP4_farm10_field571_soybean_2019,Uruguay|soybean,282,3,global_raw,3.211032723498253,0.8761467889908257,0.613015377152295,-1.707168226562064,3.1741459369659424,0,4.892777276866953,5.721841167641619,0
0,0.025,2.4098708967710363,Uruguay,1,1,soybean,1.3531898975372314,Uruguay_DUP4_farm2_field15_soybean_2021,Uruguay|soybean,283,3,global_raw,2.286198407358091,0.42201834862385323,0.45082576167501165,-0.8573397387662591,1.2272579669952393,1,3.9679429607267913,4.7970068515014574,0
0,0.025,2.4098708967710363,Uruguay,1,1,soybean,1.3531898975372314,Uruguay_DUP4_farm2_field17_soybean_2021,Uruguay|soybean,284,3,global_raw,1.9982076350004463,0.2798165137614679,0.7081003490871184,-0.5927055677578907,2.7164363861083984,0,3.6799521883691466,4.509016079143812,0
0,0.025,2.4098708967710363,Uruguay,1,1,soybean,1.3531898975372314,Uruguay_DUP4_farm2_field25_soybean_2021,Uruguay|soybean,285,3,global_raw,2.312037117492011,0.44954128440366975,0.42962493599275736,-0.8810828801879009,2.851531505584717,0,3.9937816708607112,4.822845561635377,0
0,0.025,2.4098708967710363,Uruguay,1,1,soybean,1.3531898975372314,Uruguay_DUP4_farm2_field34_soybean_2018,Uruguay|soybean,286,3,global_raw,1.5136934303832164,0.03669724770642202,0.4421589286539622,-0.14748638996621713,1.4441769123077393,0,3.1954379837519165,4.024501874526583,0
0,0.025,2.4098708967710363,Uruguay,1,1,soybean,1.3531898975372314,Uruguay_DUP4_farm2_field46_soybean_2018,Uruguay|soybean,287,3,global_raw,1.2534721882085031,0.0045871559633027525,0.47164956062666663,0.09163041276298364,1.439924955368042,0,2.9352167415772037,3.764280632351869,1
0,0.025,2.4098708967710363,Uruguay,1,1,soybean,1.3531898975372314,Uruguay_DUP4_farm2_field7_soybean_2019,Uruguay|soybean,288,3,global_raw,2.9826596514527752,0.7660550458715596,0.4978728153393028,-1.4973166465734624,3.214998483657837,0,4.6644042048214756,5.493468095596141,0
0,0.025,2.4098708967710363,Uruguay,1,1,soybean,1.3531898975372314,Uruguay_DUP4_farm3_field60_soybean_2019,Uruguay|soybean,289,3,global_raw,3.4624280498069857,0.9770642201834863,0.6151485015979787,-1.9381749120487484,2.8881032466888428,0,5.1441726031756865,5.973236493950352,0
0,0.025,2.4098708967710363,Uruguay,1,1,soybean,1.3531898975372314,Uruguay_DUP4_farm3_field61_soybean_2021,Uruguay|soybean,290,3,global_raw,1.6212559661181993,0.06880733944954129,0.46451333115213456,-0.24632539873985926,1.4906071424484253,0,3.3030005194868997,4.132064410261565,0
0,0.025,2.4098708967710363,Uruguay,1,1,soybean,1.3531898975372314,Uruguay_DUP4_farm3_field62_soybean_2021,Uruguay|soybean,291,3,global_raw,1.8935476132712878,0.22018348623853212,0.41848415003016115,-0.4965336735639396,1.634704828262329,0,3.575292166639988,4.404356057414654,0
0,0.025,2.4098708967710363,Uruguay,1,1,soybean,1.3531898975372314,Uruguay_DUP4_farm3_field68_soybean_2019,Uruguay|soybean,292,3,global_raw,3.166580292973023,0.8623853211009175,0.7606331398798625,-1.6663209730023472,4.682563304901123,0,4.848324846341724,5.677388737116389,0
0,0.025,2.4098708967710363,Uruguay,1,1,soybean,1.3531898975372314,Uruguay_DUP4_farm3_field72_soybean_2019,Uruguay|soybean,293,3,global_raw,2.991055119639336,0.7798165137614679,0.7060476315709895,-1.50503122626499,2.4297561645507812,0,4.672799673008036,5.5018635637827025,0
0,0.025,2.4098708967710363,Uruguay,1,1,soybean,1.3531898975372314,Uruguay_DUP4_farm4_field100_soybean_2021,Uruguay|soybean,294,3,global_raw,2.084294753730992,0.3348623853211009,0.556471722194518,-0.6718108568380055,1.8733887672424316,0,3.7660393070996925,4.595103197874359,0
0,0.025,2.4098708967710363,Uruguay,1,1,soybean,1.3531898975372314,Uruguay_DUP4_farm4_field105_soybean_2018,Uruguay|soybean,295,3,global_raw,1.7121626634004572,0.13302752293577982,0.647789281667609,-0.32985938935162623,1.0132498741149902,1,3.3939072167691577,4.222971107543823,0
0,0.025,2.4098708967710363,Uruguay,1,1,soybean,1.3531898975372314,Uruguay_DUP4_farm4_field109_soybean_2018,Uruguay|soybean,296,3,global_raw,1.5919639795394662,0.05045871559633028,0.500320559900437,-0.21940904818462412,1.3927936553955078,0,3.2737085329081665,4.102772423682833,0
0,0.025,2.4098708967710363,Uruguay,1,1,soybean,1.3531898975372314,Uruguay_DUP4_farm4_field125_soybean_2018,Uruguay|soybean,297,3,global_raw,2.031365730068608,0.3073394495412844,0.6550576494151374,-0.6231744780245105,2.7570090293884277,0,3.713110283437308,4.542174174211974,0
0,0.025,2.4098708967710363,Uruguay,1,1,soybean,1.3531898975372314,Uruguay_DUP4_farm4_field142_soybean_2018,Uruguay|soybean,298,3,global_raw,1.8949699986910293,0.22018348623853212,0.6254027047394478,-0.49784070081111903,1.0559509992599487,1,3.5767145520597294,4.405778442834396,0
0,0.025,2.4098708967710363,Uruguay,1,1,soybean,1.3531898975372314,Uruguay_DUP4_farm4_field154_soybean_2022,Uruguay|soybean,299,3,global_raw,2.7506818160360904,0.6743119266055045,0.7252658207118068,-1.2841526564037595,1.8029600381851196,0,4.432426369404791,5.261490260179457,0
0,0.025,2.4098708967710363,Uruguay,1,1,soybean,1.3531898975372314,Uruguay_DUP4_farm4_field156_soybean_2022,Uruguay|soybean,300,3,global_raw,2.5654950024296213,0.5504587155963303,0.7223653473624299,-1.11398484686169,2.666659116744995,0,4.247239555798322,5.076303446572988,0
0,0.025,2.4098708967710363,Uruguay,1,1,soybean,1.3531898975372314,Uruguay_DUP4_farm4_field158_soybean_2019,Uruguay|soybean,301,3,global_raw,2.0836790147795416,0.3348623853211009,0.5780714520744306,-0.6712450554908278,3.4754719734191895,0,3.765423568148242,4.594487458922908,0
0,0.025,2.4098708967710363,Uruguay,1,1,soybean,1.3531898975372314,Uruguay_DUP4_farm4_field160_soybean_2019,Uruguay|soybean,302,3,global_raw,2.9979109616103843,0.7844036697247706,0.5307922631348365,-1.511331046365891,3.3496956825256348,0,4.679655514979085,5.50871940575375,0
0,0.025,2.4098708967710363,Uruguay,1,1,soybean,1.3531898975372314,Uruguay_DUP4_farm4_field161_soybean_2019,Uruguay|soybean,303,3,global_raw,2.8456702056138954,0.7201834862385321,0.7935634283188536,-1.3714373062748515,2.4216034412384033,0,4.527414758982596,5.356478649757261,0
0,0.025,2.4098708967710363,Uruguay,1,1,soybean,1.3531898975372314,Uruguay_DUP4_farm4_field167_soybean_2019,Uruguay|soybean,304,3,global_raw,3.5380573946375153,0.9862385321100917,0.6143760245503528,-2.0076705726537294,3.7919440269470215,0,5.219801948006216,6.048865838780881,0
0,0.025,2.4098708967710363,Uruguay,1,1,soybean,1.3531898975372314,Uruguay_DUP4_farm4_field93_soybean_2021,Uruguay|soybean,305,3,global_raw,1.5421409449552195,0.04128440366972477,0.6519028386975609,-0.1736267568063795,1.318647861480713,1,3.22388549832392,4.052949389098585,0
0,0.025,2.4098708967710363,Uruguay,1,1,soybean,1.3531898975372314,Uruguay_DUP4_farm5_field170_soybean_2018,Uruguay|soybean,306,3,global_raw,1.9212756605935843,0.23853211009174313,0.6906274871877306,-0.5220129233216514,1.5554298162460327,0,3.6030202139622847,4.43208410473695,0
0,0.025,2.4098708967710363,Uruguay,1,1,soybean,1.3531898975372314,Uruguay_DUP4_farm5_field172_soybean_2018,Uruguay|soybean,307,3,global_raw,1.9567997139521716,0.25688073394495414,0.6219372506991193,-0.554655908145249,1.706803560256958,0,3.6385442673208717,4.467608158095538,0
0,0.025,2.4098708967710363,Uruguay,1,1,soybean,1.3531898975372314,Uruguay_DUP4_farm7_field195_soybean_2018,Uruguay|soybean,308,3,global_raw,2.0065779107046,0.2798165137614679,0.7132815167066887,-0.6003969981254212,1.1745525598526,1,3.6883224640733,4.517386354847966,0
0,0.025,2.4098708967710363,Uruguay,1,1,soybean,1.3531898975372314,Uruguay_DUP4_farm7_field196_soybean_2018,Uruguay|soybean,309,3,global_raw,1.7035841739808237,0.11926605504587157,0.5665471037056279,-0.3219766317983754,1.3717516660690308,0,3.385328727349524,4.21439261812419,0
0,0.025,2.4098708967710363,Uruguay,1,1,soybean,1.3531898975372314,Uruguay_DUP4_farm7_field214_soybean_2018,Uruguay|soybean,310,3,global_raw,1.766085809753568,0.16055045871559634,0.5683245247430864,-0.37940926560806815,1.546582818031311,0,3.4478303631222684,4.276894253896934,0
0,0.025,2.4098708967710363,Uruguay,1,1,soybean,1.3531898975372314,Uruguay_DUP4_farm7_field215_soybean_2018,Uruguay|soybean,311,3,global_raw,1.8800211380274443,0.22018348623853212,0.6441735072308471,-0.4841042212814393,1.3415247201919556,1,3.5617656913961446,4.39082958217081,0
0,0.025,2.4098708967710363,Uruguay,0,0,soybean,1.3531898975372314,Uruguay_DUP4_farm7_field220_soybean_2018,Uruguay|soybean,312,3,global_raw,1.781723650211343,0.1743119266055046,0.6050342109811171,-0.3937788473555179,4.3407158851623535,0,3.4634682035800433,4.2925320943547085,0
0,0.025,2.4098708967710363,Uruguay,1,1,soybean,1.3531898975372314,Uruguay_DUP4_farm7_field227_soybean_2019,Uruguay|soybean,313,3,global_raw,2.261767360053288,0.41743119266055045,0.7070161393503475,-0.8348900960313739,1.4281818866729736,0,3.9435119134219883,4.772575804196654,0
0,0.025,2.4098708967710363,Uruguay,1,1,soybean,1.3531898975372314,Uruguay_DUP4_farm8_field235_soybean_2019,Uruguay|soybean,314,3,global_raw,3.6379545615863944,1.0,0.5060542927630389,-2.0994658886813244,3.1691694259643555,0,5.319699114955094,6.14876300572976,0
0,0.025,2.4098708967710363,Uruguay,1,1,soybean,1.3531898975372314,Uruguay_DUP4_farm8_field237_soybean_2019,Uruguay|soybean,315,3,global_raw,2.412000558758971,0.4954128440366973,0.4669710207518567,-0.9729390955598776,2.632322311401367,0,4.093745112127671,4.922809002902337,0
0,0.025,2.4098708967710363,Uruguay,1,1,soybean,1.3531898975372314,Uruguay_DUP4_farm8_field244_soybean_2021,Uruguay|soybean,316,3,global_raw,1.6836070412625366,0.11467889908256881,0.5475365922426324,-0.30361968267549583,1.0388771295547485,1,3.365351594631237,4.194415485405902,0
0,0.025,2.4098708967710363,Uruguay,1,1,soybean,1.3531898975372314,Uruguay_DUP4_farm8_field247_soybean_2019,Uruguay|soybean,317,3,global_raw,3.7086127440236334,1.0,0.4404965772889693,-2.1643935576519664,4.370770454406738,0,5.390357297392334,6.219421188166999,0
0,0.025,2.4098708967710363,Uruguay,1,1,soybean,1.3531898975372314,Uruguay_DUP4_farm8_field253_soybean_2019,Uruguay|soybean,318,3,global_raw,2.212289828519267,0.41284403669724773,0.8232490833491147,-0.7894252867464925,2.2729666233062744,0,3.8940343818879675,4.723098272662633,0
0,0.025,2.4098708967710363,Uruguay,1,1,soybean,1.3531898975372314,Uruguay_DUP4_farm8_field256_soybean_2019,Uruguay|soybean,319,3,global_raw,2.737101653729256,0.6697247706422018,0.7542218960940686,-1.2716738711815538,2.3242099285125732,0,4.418846207097957,5.247910097872622,0
0,0.025,2.4098708967710363,Uruguay,1,1,soybean,1.3531898975372314,Uruguay_DUP4_farm9_field273_soybean_2018,Uruguay|soybean,320,3,global_raw,2.2884948876386955,0.42660550458715596,0.54957603472542,-0.8594499701126306,2.2505991458892822,0,3.970239441007396,4.7993033317820615,0
0,0.025,2.4098708967710363,Uruguay,1,1,soybean,1.3531898975372314,Uruguay_DUP4_farm9_field275_soybean_2018,Uruguay|soybean,321,3,global_raw,2.3775927972192052,0.46788990825688076,0.5821629988034848,-0.9413218691578392,2.121896743774414,0,4.059337350587906,4.888401241362571,0
