field_id,country,crop,target,prediction,baseline
Argentina_DUP1_farm10_field104_soybean_2024,Argentina,soybean,4.9698100090026855,4.216424051539748,3.066319489951307
Argentina_DUP1_farm10_field105_soybean_2024,Argentina,soybean,3.439929962158203,4.154876670368113,3.066319489951307
Argentina_DUP1_farm11_field107_soybean_2024,Argentina,soybean,5.125446796417236,4.2906161681162285,3.066319489951307
Argentina_DUP1_farm12_field108_soybean_2024,Argentina,soybean,4.175118923187256,3.8577259712469076,3.066319489951307
Argentina_DUP1_farm12_field109_soybean_2024,Argentina,soybean,2.659311294555664,3.6878091114756932,3.066319489951307
Argentina_DUP1_farm12_field110_corn_2024,Argentina,corn,13.084376335144043,8.574437922201373,6.680697711308797
Argentina_DUP1_farm13_field111_soybean_2022,Argentina,soybean,5.216887474060059,4.131521933923196,3.066319489951307
Argentina_DUP1_farm13_field112_soybean_2024,Argentina,soybean,3.9367470741271973,4.203875547372606,3.066319489951307
Argentina_DUP1_farm14_field113_soybean_2022,Argentina,soybean,3.288707733154297,3.4797762781253847,3.066319489951307
Argentina_DUP1_farm14_field114_soybean_2022,Argentina,soybean,4.077847957611084,3.841609944719963,3.066319489951307
Argentina_DUP1_farm14_field115_soybean_2022,Argentina,soybean,3.356135129928589,3.386302062556312,3.066319489951307
Argentina_DUP1_farm14_field116_corn_2023,Argentina,corn,6.6592559814453125,6.759934568488239,6.680697711308797
Argentina_DUP1_farm14_field117_corn_2023,Argentina,corn,7.169715881347656,5.514016300041346,6.680697711308797
Argentina_DUP1_farm14_field118_corn_2023,Argentina,corn,7.422622203826904,5.536439442984331,6.680697711308797
Argentina_DUP1_farm15_field119_soybean_2017,Argentina,soybean,3.4855732917785645,3.9366563343542493,3.066319489951307
Argentina_DUP1_farm15_field120_soybean_2017,Argentina,soybean,3.846306085586548,3.7294378233534027,3.066319489951307
Argentina_DUP1_farm15_field121_soybean_2017,Argentina,soybean,4.392246246337891,3.595075821500249,3.066319489951307
Argentina_DUP1_farm15_field122_soybean_2017,Argentina,soybean,4.214785099029541,3.5527243663541554,3.066319489951307
Argentina_DUP1_farm15_field123_soybean_2017,Argentina,soybean,3.4434189796447754,3.8938943181565375,3.066319489951307
Argentina_DUP1_farm15_field124_soybean_2017,Argentina,soybean,4.2081708908081055,3.8419941747376587,3.066319489951307
Argentina_DUP1_farm15_field125_soybean_2018,Argentina,soybean,3.900073528289795,3.2003237999947864,3.066319489951307
Argentina_DUP1_farm15_field127_soybean_2018,Argentina,soybean,4.087541103363037,3.427033014092209,3.066319489951307
Argentina_DUP1_farm15_field128_soybean_2018,Argentina,soybean,5.101473808288574,3.7881815668258216,3.066319489951307
Argentina_DUP1_farm15_field131_soybean_2018,Argentina,soybean,4.734755516052246,3.6484673703195867,3.066319489951307
Argentina_DUP1_farm15_field133_soybean_2019,Argentina,soybean,4.533023357391357,3.3693108474067914,3.066319489951307
Argentina_DUP1_farm15_field134_soybean_2019,Argentina,soybean,4.712563514709473,3.6647149921428563,3.066319489951307
Argentina_DUP1_farm15_field135_soybean_2019,Argentina,soybean,3.92604660987854,3.474488183546314,3.066319489951307
Argentina_DUP1_farm15_field136_soybean_2019,Argentina,soybean,3.9629569053649902,3.905268033246574,3.066319489951307
Argentina_DUP1_farm15_field137_soybean_2019,Argentina,soybean,4.124248027801514,3.18288158139564,3.066319489951307
Argentina_DUP1_farm15_field138_soybean_2020,Argentina,soybean,2.74133563041687,3.0136545741991503,3.066319489951307
Argentina_DUP1_farm15_field139_soybean_2020,Argentina,soybean,3.938364028930664,3.4896650599428916,3.066319489951307
Argentina_DUP1_farm15_field140_soybean_2020,Argentina,soybean,4.310444355010986,3.7100691607126928,3.066319489951307
Argentina_DUP1_farm15_field141_soybean_2020,Argentina,soybean,3.940514087677002,2.7070772717862064,3.066319489951307
Argentina_DUP1_farm15_field143_soybean_2020,Argentina,soybean,4.408707141876221,3.40794427806182,3.066319489951307
Argentina_DUP1_farm15_field144_soybean_2020,Argentina,soybean,3.5069212913513184,3.2399812995471673,3.066319489951307
Argentina_DUP1_farm15_field145_soybean_2020,Argentina,soybean,4.731839656829834,3.831954475551914,3.066319489951307
Argentina_DUP1_farm15_field147_soybean_2021,Argentina,soybean,4.3418965339660645,3.6751840554471418,3.066319489951307
Argentina_DUP1_farm15_field148_soybean_2021,Argentina,soybean,5.044288635253906,3.169593302212295,3.066319489951307
Argentina_DUP1_farm15_field149_soybean_2021,Argentina,soybean,4.241621017456055,3.299780796033099,3.066319489951307
Argentina_DUP1_farm15_field150_soybean_2021,Argentina,soybean,5.143073081970215,2.386121434600538,3.066319489951307
Argentina_DUP1_farm15_field152_soybean_2022,Argentina,soybean,5.379848003387451,3.448947585200956,3.066319489951307
Argentina_DUP1_farm15_field154_soybean_2022,Argentina,soybean,5.319962501525879,2.3583809336366786,3.066319489951307
Argentina_DUP1_farm16_field156_soybean_2022,Argentina,soybean,4.360955715179443,2.3511199279480146,3.066319489951307
Argentina_DUP1_farm16_field157_soybean_2023,Argentina,soybean,1.2494542598724365,1.5129480978294856,3.066319489951307
Argentina_DUP1_farm16_field158_soybean_2021,Argentina,soybean,5.097338676452637,2.5237812689073995,3.066319489951307
Argentina_DUP1_farm16_field159_soybean_2021,Argentina,soybean,4.66832971572876,2.9738502655981036,3.066319489951307
Argentina_DUP1_farm16_field160_wheat_2023,Argentina,wheat,2.626546621322632,3.3322315290498024,7.073498757159124
Argentina_DUP1_farm16_field161_soybean_2022,Argentina,soybean,3.794905424118042,3.0601462519535225,3.066319489951307
Argentina_DUP1_farm16_field162_corn_2023,Argentina,corn,7.701785087585449,7.3567226390357225,6.680697711308797
Argentina_DUP1_farm16_field163_soybean_2022,Argentina,soybean,3.348196506500244,2.8675406633286853,3.066319489951307
Argentina_DUP1_farm17_field164_soybean_2021,Argentina,soybean,4.517200946807861,2.3224554284355485,3.066319489951307
Argentina_DUP1_farm17_field165_soybean_2021,Argentina,soybean,3.65232515335083,2.814749729375587,3.066319489951307
Argentina_DUP1_farm17_field166_soybean_2021,Argentina,soybean,2.4157001972198486,3.3451939779660442,3.066319489951307
Argentina_DUP1_farm17_field167_soybean_2018,Argentina,soybean,3.0530412197113037,3.380133751392947,3.066319489951307
Argentina_DUP1_farm17_field168_soybean_2018,Argentina,soybean,1.223634123802185,3.14988403710201,3.066319489951307
Argentina_DUP1_farm17_field169_soybean_2019,Argentina,soybean,4.524634838104248,4.0833726817092995,3.066319489951307
Argentina_DUP1_farm17_field170_soybean_2019,Argentina,soybean,3.9727466106414795,3.2609714930178137,3.066319489951307
Argentina_DUP1_farm17_field173_soybean_2019,Argentina,soybean,4.767601013183594,4.201831160653395,3.066319489951307
Argentina_DUP1_farm17_field174_soybean_2020,Argentina,soybean,3.6182780265808105,3.4306562075906775,3.066319489951307
Argentina_DUP1_farm17_field175_soybean_2021,Argentina,soybean,4.791706562042236,2.0334508659476214,3.066319489951307
Argentina_DUP1_farm17_field176_soybean_2021,Argentina,soybean,5.822430610656738,3.6808341891089555,3.066319489951307
Argentina_DUP1_farm17_field177_soybean_2019,Argentina,soybean,5.033425807952881,2.9236003469592555,3.066319489951307
Argentina_DUP1_farm17_field178_soybean_2020,Argentina,soybean,3.3274824619293213,3.1525115663276013,3.066319489951307
Argentina_DUP1_farm17_field179_soybean_2020,Argentina,soybean,3.779550552368164,3.623127201840271,3.066319489951307
Argentina_DUP1_farm17_field180_soybean_2020,Argentina,soybean,3.387726068496704,3.443668832852278,3.066319489951307
Argentina_DUP1_farm17_field181_soybean_2020,Argentina,soybean,3.610352039337158,3.146676061330972,3.066319489951307
Argentina_DUP1_farm17_field182_soybean_2019,Argentina,soybean,4.038310527801514,3.4267176423765924,3.066319489951307
Argentina_DUP1_farm17_field183_soybean_2021,Argentina,soybean,2.280846118927002,2.123449337584269,3.066319489951307
Argentina_DUP1_farm17_field186_soybean_2019,Argentina,soybean,4.064451217651367,3.16913063372036,3.066319489951307
Argentina_DUP1_farm17_field188_soybean_2021,Argentina,soybean,2.6040573120117188,2.1030988489794464,3.066319489951307
Argentina_DUP1_farm17_field189_soybean_2021,Argentina,soybean,1.8797327280044556,3.1776287085763877,3.066319489951307
Argentina_DUP1_farm17_field190_soybean_2021,Argentina,soybean,4.151993751525879,3.417352401945351,3.066319489951307
Argentina_DUP1_farm17_field191_soybean_2019,Argentina,soybean,4.892439842224121,3.909415627109322,3.066319489951307
Argentina_DUP1_farm18_field193_soybean_2018,Argentina,soybean,2.5737016201019287,3.3954163898772722,3.066319489951307
Argentina_DUP1_farm19_field194_soybean_2022,Argentina,soybean,4.816800594329834,3.516334310850376,3.066319489951307
Argentina_DUP1_farm19_field195_corn_2022,Argentina,corn,12.227377891540527,7.9060869252901504,6.680697711308797
Argentina_DUP1_farm19_field196_soybean_2022,Argentina,soybean,5.2486891746521,3.986415823887355,3.066319489951307
Argentina_DUP1_farm19_field197_corn_2022,Argentina,corn,12.48502254486084,7.532403788994978,6.680697711308797
Argentina_DUP1_farm19_field198_corn_2022,Argentina,corn,13.68151569366455,8.234127619192181,6.680697711308797
Argentina_DUP1_farm19_field199_corn_2022,Argentina,corn,12.2650146484375,8.143244253357143,6.680697711308797
Argentina_DUP1_farm19_field200_corn_2022,Argentina,corn,11.798636436462402,7.993503615581598,6.680697711308797
Argentina_DUP1_farm19_field201_corn_2022,Argentina,corn,11.66103458404541,8.69509608556448,6.680697711308797
Argentina_DUP1_farm19_field202_wheat_2021,Argentina,wheat,6.798497200012207,4.57946082603288,7.073498757159124
Argentina_DUP1_farm19_field203_wheat_2021,Argentina,wheat,7.293354511260986,4.224885919484043,7.073498757159124
Argentina_DUP1_farm19_field205_wheat_2021,Argentina,wheat,6.1592888832092285,3.9805450528787665,7.073498757159124
Argentina_DUP1_farm19_field206_soybean_2024,Argentina,soybean,4.585065841674805,4.284145197115553,3.066319489951307
Argentina_DUP1_farm19_field207_soybean_2024,Argentina,soybean,4.568831920623779,4.2795662943634,3.066319489951307
Argentina_DUP1_farm1_field1_soybean_2022,Argentina,soybean,0.9158626198768616,1.3071712545706309,3.066319489951307
Argentina_DUP1_farm1_field2_soybean_2022,Argentina,soybean,0.9439824223518372,1.3807619097850272,3.066319489951307
Argentina_DUP1_farm1_field3_soybean_2022,Argentina,soybean,0.869719922542572,1.1743421293721517,3.066319489951307
Argentina_DUP1_farm1_field5_wheat_2021,Argentina,wheat,6.084906101226807,4.071549083109532,7.073498757159124
Argentina_DUP1_farm1_field6_wheat_2021,Argentina,wheat,7.325508117675781,3.94121842667097,7.073498757159124
Argentina_DUP1_farm20_field208_soybean_2023,Argentina,soybean,3.4732041358947754,3.9371727943935446,3.066319489951307
Argentina_DUP1_farm20_field209_soybean_2023,Argentina,soybean,2.601668357849121,2.9962928379013603,3.066319489951307
Argentina_DUP1_farm21_field210_wheat_2021,Argentina,wheat,4.259365081787109,2.829088881907011,7.073498757159124
Argentina_DUP1_farm22_field211_corn_2024,Argentina,corn,14.910847663879395,7.8094140872353375,6.680697711308797
Argentina_DUP1_farm22_field212_soybean_2024,Argentina,soybean,4.605593681335449,4.042974386811348,3.066319489951307
Argentina_DUP1_farm22_field214_soybean_2024,Argentina,soybean,3.6033143997192383,4.039240875928218,3.066319489951307
Argentina_DUP1_farm22_field216_corn_2024,Argentina,corn,14.265836715698242,7.443080818507248,6.680697711308797
Argentina_DUP1_farm23_field218_soybean_2019,Argentina,soybean,2.855816602706909,3.5944658546855552,3.066319489951307
Argentina_DUP1_farm23_field219_soybean_2021,Argentina,soybean,2.836655616760254,2.7074001824227856,3.066319489951307
Argentina_DUP1_farm23_field220_soybean_2021,Argentina,soybean,2.2235465049743652,2.6795500939311303,3.066319489951307
Argentina_DUP1_farm23_field221_soybean_2021,Argentina,soybean,1.5683501958847046,2.832486432999893,3.066319489951307
Argentina_DUP1_farm23_field223_soybean_2021,Argentina,soybean,2.0238845348358154,2.923898456053972,3.066319489951307
Argentina_DUP1_farm23_field226_soybean_2020,Argentina,soybean,5.4216694831848145,3.7374698505996355,3.066319489951307
Argentina_DUP1_farm23_field227_soybean_2020,Argentina,soybean,5.348356246948242,3.7955115400900583,3.066319489951307
Argentina_DUP1_farm23_field229_soybean_2020,Argentina,soybean,3.1852056980133057,3.5709149129858098,3.066319489951307
Argentina_DUP1_farm23_field230_soybean_2021,Argentina,soybean,2.5585973262786865,3.2335049862914693,3.066319489951307
Argentina_DUP1_farm23_field231_soybean_2021,Argentina,soybean,4.768322944641113,3.0690049975793117,3.066319489951307
Argentina_DUP1_farm23_field232_soybean_2021,Argentina,soybean,3.2896652221679688,3.4361032653785117,3.066319489951307
Argentina_DUP1_farm23_field233_soybean_2019,Argentina,soybean,3.784775495529175,3.650377156447492,3.066319489951307
Argentina_DUP1_farm24_field236_wheat_2021,Argentina,wheat,5.736676216125488,4.757718750283985,7.073498757159124
Argentina_DUP1_farm24_field237_wheat_2021,Argentina,wheat,5.650633335113525,4.61017171473069,7.073498757159124
Argentina_DUP1_farm24_field238_corn_2021,Argentina,corn,9.808682441711426,5.278660802353556,6.680697711308797
Argentina_DUP1_farm24_field239_corn_2021,Argentina,corn,7.687638759613037,4.775174870993616,6.680697711308797
Argentina_DUP1_farm25_field240_corn_2023,Argentina,corn,6.163111209869385,6.7118249523461015,6.680697711308797
Argentina_DUP1_farm25_field241_soybean_2023,Argentina,soybean,2.025871515274048,3.668058724811083,3.066319489951307
Argentina_DUP1_farm25_field243_soybean_2023,Argentina,soybean,1.6614036560058594,3.7588875636913017,3.066319489951307
Argentina_DUP1_farm25_field244_corn_2023,Argentina,corn,7.3150634765625,7.395834844454648,6.680697711308797
Argentina_DUP1_farm25_field245_corn_2023,Argentina,corn,8.207260131835938,6.6615795478675075,6.680697711308797
Argentina_DUP1_farm25_field246_corn_2023,Argentina,corn,6.059258937835693,6.865606156086755,6.680697711308797
Argentina_DUP1_farm25_field247_soybean_2023,Argentina,soybean,1.3509501218795776,3.408634982004938,3.066319489951307
Argentina_DUP1_farm25_field248_corn_2023,Argentina,corn,8.969398498535156,6.944149730720545,6.680697711308797
Argentina_DUP1_farm25_field250_corn_2023,Argentina,corn,8.849778175354004,5.8290976820943445,6.680697711308797
Argentina_DUP1_farm25_field251_soybean_2023,Argentina,soybean,1.1157004833221436,3.204020020515722,3.066319489951307
Argentina_DUP1_farm25_field254_soybean_2023,Argentina,soybean,1.8528048992156982,3.737621007606052,3.066319489951307
Argentina_DUP1_farm25_field255_soybean_2023,Argentina,soybean,5.6968584060668945,3.89222502573099,3.066319489951307
Argentina_DUP1_farm25_field257_corn_2023,Argentina,corn,6.935965061187744,6.749419379390505,6.680697711308797
Argentina_DUP1_farm25_field258_corn_2023,Argentina,corn,8.343838691711426,6.178174756245783,6.680697711308797
Argentina_DUP1_farm25_field260_corn_2023,Argentina,corn,6.742878437042236,6.170465082344897,6.680697711308797
Argentina_DUP1_farm25_field262_corn_2023,Argentina,corn,5.221014022827148,5.989805019025626,6.680697711308797
Argentina_DUP1_farm25_field263_soybean_2023,Argentina,soybean,1.6766700744628906,3.6079514621878634,3.066319489951307
Argentina_DUP1_farm25_field264_corn_2023,Argentina,corn,5.946253776550293,4.772172470945036,6.680697711308797
Argentina_DUP1_farm25_field265_corn_2023,Argentina,corn,6.954435348510742,6.320133715901251,6.680697711308797
Argentina_DUP1_farm25_field266_soybean_2023,Argentina,soybean,1.6826969385147095,3.8037736100640838,3.066319489951307
Argentina_DUP1_farm25_field267_corn_2023,Argentina,corn,6.310557842254639,6.314998432633454,6.680697711308797
Argentina_DUP1_farm26_field268_corn_2022,Argentina,corn,7.810363292694092,5.635603917030891,6.680697711308797
Argentina_DUP1_farm26_field269_soybean_2023,Argentina,soybean,2.464921712875366,1.6078153036222247,3.066319489951307
Argentina_DUP1_farm27_field271_soybean_2021,Argentina,soybean,3.700870990753174,3.155304776632293,3.066319489951307
Argentina_DUP1_farm27_field272_soybean_2021,Argentina,soybean,2.6120121479034424,2.8287911271768738,3.066319489951307
Argentina_DUP1_farm27_field273_soybean_2021,Argentina,soybean,3.9569242000579834,3.4361488303253287,3.066319489951307
Argentina_DUP1_farm27_field274_soybean_2021,Argentina,soybean,3.1057066917419434,3.5729339742843695,3.066319489951307
Argentina_DUP1_farm27_field275_soybean_2021,Argentina,soybean,3.8535122871398926,1.9378093849529616,3.066319489951307
Argentina_DUP1_farm27_field277_soybean_2021,Argentina,soybean,3.554532289505005,3.041605559781164,3.066319489951307
Argentina_DUP1_farm27_field278_soybean_2021,Argentina,soybean,3.7834856510162354,3.025736821472489,3.066319489951307
Argentina_DUP1_farm27_field279_soybean_2021,Argentina,soybean,4.855313301086426,3.7517463164573055,3.066319489951307
Argentina_DUP1_farm27_field281_soybean_2021,Argentina,soybean,3.162588596343994,3.073465742031036,3.066319489951307
Argentina_DUP1_farm27_field282_soybean_2021,Argentina,soybean,2.9482030868530273,1.796595443527333,3.066319489951307
Argentina_DUP1_farm27_field283_soybean_2021,Argentina,soybean,2.373455286026001,2.281158811612311,3.066319489951307
Argentina_DUP1_farm27_field284_soybean_2021,Argentina,soybean,3.082868814468384,2.00875438756682,3.066319489951307
Argentina_DUP1_farm27_field285_soybean_2021,Argentina,soybean,2.466569423675537,1.7458034237408235,3.066319489951307
Argentina_DUP1_farm27_field288_soybean_2017,Argentina,soybean,5.497624397277832,3.522898100738372,3.066319489951307
Argentina_DUP1_farm27_field289_soybean_2020,Argentina,soybean,3.834390878677368,2.9925575608661923,3.066319489951307
Argentina_DUP1_farm27_field290_soybean_2020,Argentina,soybean,4.182098865509033,4.009811842715768,3.066319489951307
Argentina_DUP1_farm27_field291_soybean_2020,Argentina,soybean,4.310147285461426,3.2820176020136453,3.066319489951307
Argentina_DUP1_farm27_field292_soybean_2020,Argentina,soybean,4.491723537445068,3.0916216888287047,3.066319489951307
Argentina_DUP1_farm27_field293_soybean_2020,Argentina,soybean,3.0765111446380615,3.075660658343987,3.066319489951307
Argentina_DUP1_farm27_field294_soybean_2020,Argentina,soybean,4.229416370391846,2.6705496678799445,3.066319489951307
Argentina_DUP1_farm27_field295_soybean_2020,Argentina,soybean,3.6645750999450684,3.4549252078934165,3.066319489951307
Argentina_DUP1_farm27_field296_soybean_2022,Argentina,soybean,6.182585716247559,3.187283780079537,3.066319489951307
Argentina_DUP1_farm27_field297_soybean_2020,Argentina,soybean,3.6583564281463623,3.367685083031525,3.066319489951307
Argentina_DUP1_farm27_field298_soybean_2022,Argentina,soybean,5.990981578826904,2.765698961390079,3.066319489951307
Argentina_DUP1_farm27_field299_soybean_2022,Argentina,soybean,5.873492240905762,3.2990145606543013,3.066319489951307
Argentina_DUP1_farm27_field300_soybean_2022,Argentina,soybean,5.580543518066406,3.492181401955992,3.066319489951307
Argentina_DUP1_farm27_field301_soybean_2020,Argentina,soybean,4.45192289352417,3.365325300116286,3.066319489951307
Argentina_DUP1_farm27_field302_soybean_2020,Argentina,soybean,4.0592145919799805,3.5048426764657137,3.066319489951307
Argentina_DUP1_farm27_field303_soybean_2020,Argentina,soybean,3.6582345962524414,3.0919144117038084,3.066319489951307
Argentina_DUP1_farm27_field304_soybean_2020,Argentina,soybean,3.9769608974456787,2.427060577765623,3.066319489951307
Argentina_DUP1_farm27_field305_soybean_2020,Argentina,soybean,3.8682501316070557,3.479767097858239,3.066319489951307
Argentina_DUP1_farm27_field306_soybean_2020,Argentina,soybean,3.1472177505493164,2.4366614376853626,3.066319489951307
Argentina_DUP1_farm27_field307_soybean_2020,Argentina,soybean,3.866696357727051,3.318234474793796,3.066319489951307
Argentina_DUP1_farm27_field308_soybean_2020,Argentina,soybean,3.5659828186035156,3.2180355248723833,3.066319489951307
Argentina_DUP1_farm27_field309_soybean_2021,Argentina,soybean,3.608588457107544,2.7918888018586183,3.066319489951307
Argentina_DUP1_farm27_field312_soybean_2021,Argentina,soybean,3.5195648670196533,3.324670110638185,3.066319489951307
Argentina_DUP1_farm28_field313_wheat_2023,Argentina,wheat,4.092920780181885,3.1232331347975184,7.073498757159124
Argentina_DUP1_farm28_field315_soybean_2021,Argentina,soybean,4.604422092437744,3.3286294917169923,3.066319489951307
Argentina_DUP1_farm28_field316_soybean_2024,Argentina,soybean,3.948312282562256,3.4093026966644615,3.066319489951307
Argentina_DUP1_farm28_field317_soybean_2021,Argentina,soybean,4.655289649963379,3.1180036621799316,3.066319489951307
Argentina_DUP1_farm28_field318_corn_2022,Argentina,corn,11.329017639160156,7.346824688073838,6.680697711308797
Argentina_DUP1_farm28_field319_soybean_2022,Argentina,soybean,3.290839433670044,2.4134681112350065,3.066319489951307
Argentina_DUP1_farm28_field320_corn_2023,Argentina,corn,7.833563327789307,5.759385965834138,6.680697711308797
Argentina_DUP1_farm29_field323_soybean_2023,Argentina,soybean,1.3034201860427856,2.28105694105199,3.066319489951307
Argentina_DUP1_farm29_field325_soybean_2023,Argentina,soybean,1.517133116722107,2.0419148887907745,3.066319489951307
Argentina_DUP1_farm29_field326_soybean_2023,Argentina,soybean,0.7591841816902161,2.432658019737521,3.066319489951307
Argentina_DUP1_farm29_field327_soybean_2023,Argentina,soybean,2.814232110977173,2.252352631590232,3.066319489951307
Argentina_DUP1_farm29_field328_soybean_2023,Argentina,soybean,2.0069196224212646,2.0771484303863215,3.066319489951307
Argentina_DUP1_farm29_field329_soybean_2023,Argentina,soybean,1.8735607862472534,2.125306996434648,3.066319489951307
Argentina_DUP1_farm29_field330_soybean_2023,Argentina,soybean,0.777751088142395,1.849550406346369,3.066319489951307
Argentina_DUP1_farm29_field331_soybean_2023,Argentina,soybean,0.5926347374916077,1.6584197868690769,3.066319489951307
Argentina_DUP1_farm2_field10_corn_2022,Argentina,corn,7.988988399505615,7.201158225266676,6.680697711308797
Argentina_DUP1_farm2_field12_corn_2022,Argentina,corn,8.18518352508545,7.271564861970033,6.680697711308797
Argentina_DUP1_farm2_field13_corn_2022,Argentina,corn,11.762276649475098,7.246000760114811,6.680697711308797
Argentina_DUP1_farm2_field14_corn_2022,Argentina,corn,12.187551498413086,7.27036204821135,6.680697711308797
Argentina_DUP1_farm2_field15_corn_2022,Argentina,corn,12.835248947143555,7.437321203011787,6.680697711308797
Argentina_DUP1_farm2_field16_corn_2022,Argentina,corn,12.660287857055664,8.181826098697117,6.680697711308797
Argentina_DUP1_farm2_field18_corn_2022,Argentina,corn,11.46400260925293,8.132290182097462,6.680697711308797
Argentina_DUP1_farm2_field19_corn_2022,Argentina,corn,10.738950729370117,7.823745253923507,6.680697711308797
Argentina_DUP1_farm2_field20_corn_2022,Argentina,corn,10.237871170043945,7.667923187526414,6.680697711308797
Argentina_DUP1_farm2_field22_corn_2022,Argentina,corn,10.829662322998047,7.705355796726328,6.680697711308797
Argentina_DUP1_farm2_field23_corn_2022,Argentina,corn,10.106180191040039,6.647598064794057,6.680697711308797
Argentina_DUP1_farm2_field24_corn_2022,Argentina,corn,8.881999969482422,6.459537594825441,6.680697711308797
Argentina_DUP1_farm2_field25_soybean_2023,Argentina,soybean,2.218341112136841,2.158495151590298,3.066319489951307
Argentina_DUP1_farm2_field26_soybean_2023,Argentina,soybean,3.3967368602752686,2.139177693113045,3.066319489951307
Argentina_DUP1_farm2_field27_soybean_2023,Argentina,soybean,1.7419770956039429,2.1240825753365336,3.066319489951307
Argentina_DUP1_farm2_field28_soybean_2023,Argentina,soybean,3.2919061183929443,2.665118001299413,3.066319489951307
Argentina_DUP1_farm2_field29_soybean_2023,Argentina,soybean,4.047572135925293,2.902358266333734,3.066319489951307
Argentina_DUP1_farm2_field30_soybean_2023,Argentina,soybean,3.6511740684509277,2.387238002940244,3.066319489951307
Argentina_DUP1_farm2_field31_soybean_2023,Argentina,soybean,4.77341365814209,3.7665255310441133,3.066319489951307
Argentina_DUP1_farm2_field32_soybean_2023,Argentina,soybean,2.1881296634674072,2.1904628067777563,3.066319489951307
Argentina_DUP1_farm2_field33_soybean_2023,Argentina,soybean,3.602252244949341,2.157176147041933,3.066319489951307
Argentina_DUP1_farm2_field34_soybean_2023,Argentina,soybean,3.9179561138153076,3.2508467137868946,3.066319489951307
Argentina_DUP1_farm2_field35_soybean_2023,Argentina,soybean,2.3820455074310303,3.9852647999587543,3.066319489951307
Argentina_DUP1_farm2_field36_corn_2023,Argentina,corn,9.90723705291748,5.16467333320522,6.680697711308797
Argentina_DUP1_farm2_field37_soybean_2023,Argentina,soybean,2.668245315551758,3.4325242598039454,3.066319489951307
Argentina_DUP1_farm2_field38_soybean_2023,Argentina,soybean,3.4649529457092285,3.6449617988137932,3.066319489951307
Argentina_DUP1_farm2_field39_soybean_2023,Argentina,soybean,4.372678756713867,2.255787338641241,3.066319489951307
Argentina_DUP1_farm2_field40_soybean_2023,Argentina,soybean,4.467175483703613,2.2570912258286495,3.066319489951307
Argentina_DUP1_farm2_field41_soybean_2023,Argentina,soybean,3.3110098838806152,3.396789538449122,3.066319489951307
Argentina_DUP1_farm2_field43_soybean_2023,Argentina,soybean,3.3215699195861816,2.224670498823983,3.066319489951307
Argentina_DUP1_farm2_field44_soybean_2023,Argentina,soybean,3.2150309085845947,3.7068924452142,3.066319489951307
Argentina_DUP1_farm2_field46_soybean_2023,Argentina,soybean,3.931553840637207,2.5455280061651706,3.066319489951307
Argentina_DUP1_farm2_field47_corn_2024,Argentina,corn,7.472912311553955,8.272163812620352,6.680697711308797
Argentina_DUP1_farm2_field48_corn_2024,Argentina,corn,6.928237438201904,7.894063372131255,6.680697711308797
Argentina_DUP1_farm2_field49_corn_2024,Argentina,corn,9.294194221496582,7.707632194505404,6.680697711308797
Argentina_DUP1_farm2_field50_soybean_2024,Argentina,soybean,4.105900287628174,4.244844830915644,3.066319489951307
Argentina_DUP1_farm2_field51_soybean_2024,Argentina,soybean,4.314273357391357,4.277536946857173,3.066319489951307
Argentina_DUP1_farm2_field53_corn_2024,Argentina,corn,8.47214412689209,7.596047498394249,6.680697711308797
Argentina_DUP1_farm2_field8_corn_2022,Argentina,corn,10.480332374572754,7.745173241974043,6.680697711308797
Argentina_DUP1_farm2_field9_corn_2022,Argentina,corn,10.767839431762695,7.714294865533379,6.680697711308797
Argentina_DUP1_farm30_field332_corn_2023,Argentina,corn,3.7082128524780273,5.538670851342549,6.680697711308797
Argentina_DUP1_farm30_field333_corn_2023,Argentina,corn,4.939167499542236,5.929587163417836,6.680697711308797
Argentina_DUP1_farm31_field334_soybean_2022,Argentina,soybean,2.153590679168701,2.923255834969036,3.066319489951307
Argentina_DUP1_farm32_field335_soybean_2022,Argentina,soybean,2.011998414993286,1.9220675411569026,3.066319489951307
Argentina_DUP1_farm32_field336_soybean_2022,Argentina,soybean,4.169549942016602,3.160632193927123,3.066319489951307
Argentina_DUP1_farm32_field337_soybean_2022,Argentina,soybean,2.687927722930908,3.047938745555634,3.066319489951307
Argentina_DUP1_farm32_field338_soybean_2022,Argentina,soybean,1.5561952590942383,2.1356963520442362,3.066319489951307
Argentina_DUP1_farm32_field339_soybean_2022,Argentina,soybean,2.7340404987335205,1.9037646914523099,3.066319489951307
Argentina_DUP1_farm32_field341_corn_2023,Argentina,corn,4.540485858917236,5.754952081539704,6.680697711308797
Argentina_DUP1_farm33_field342_wheat_2021,Argentina,wheat,5.0389323234558105,4.604443544504289,7.073498757159124
Argentina_DUP1_farm34_field343_soybean_2022,Argentina,soybean,4.658246994018555,3.807063091245441,3.066319489951307
Argentina_DUP1_farm34_field344_soybean_2022,Argentina,soybean,3.6718931198120117,3.7211839060673437,3.066319489951307
Argentina_DUP1_farm35_field345_corn_2022,Argentina,corn,6.367640018463135,7.090064230596117,6.680697711308797
Argentina_DUP1_farm35_field346_corn_2022,Argentina,corn,9.250591278076172,6.900946677748652,6.680697711308797
Argentina_DUP1_farm35_field347_soybean_2022,Argentina,soybean,2.554513692855835,3.729226173651662,3.066319489951307
Argentina_DUP1_farm35_field348_soybean_2022,Argentina,soybean,2.086683511734009,3.3239503199318454,3.066319489951307
Argentina_DUP1_farm35_field349_corn_2022,Argentina,corn,9.300451278686523,6.790901402971646,6.680697711308797
Argentina_DUP1_farm35_field350_soybean_2023,Argentina,soybean,2.6907758712768555,3.4401249955254567,3.066319489951307
Argentina_DUP1_farm35_field351_corn_2022,Argentina,corn,6.181455135345459,7.567435953506626,6.680697711308797
Argentina_DUP1_farm35_field352_soybean_2022,Argentina,soybean,2.0671913623809814,2.970574566262148,3.066319489951307
Argentina_DUP1_farm35_field353_corn_2022,Argentina,corn,8.541718482971191,6.843420986395844,6.680697711308797
Argentina_DUP1_farm35_field354_soybean_2022,Argentina,soybean,4.82171630859375,3.3306209740135726,3.066319489951307
Argentina_DUP1_farm35_field355_corn_2022,Argentina,corn,6.763973712921143,5.972019522005074,6.680697711308797
Argentina_DUP1_farm35_field356_corn_2022,Argentina,corn,8.216141700744629,7.023673841206947,6.680697711308797
Argentina_DUP1_farm35_field357_corn_2022,Argentina,corn,5.9323649406433105,5.088116370265832,6.680697711308797
Argentina_DUP1_farm36_field358_corn_2021,Argentina,corn,7.103315353393555,5.447524640264781,6.680697711308797
Argentina_DUP1_farm36_field359_corn_2021,Argentina,corn,6.916041374206543,6.6561418147533535,6.680697711308797
Argentina_DUP1_farm36_field360_corn_2021,Argentina,corn,8.543993949890137,7.483307800194439,6.680697711308797
Argentina_DUP1_farm36_field361_corn_2021,Argentina,corn,7.785053253173828,6.170575627881662,6.680697711308797
Argentina_DUP1_farm36_field362_corn_2021,Argentina,corn,8.640122413635254,6.5901377793004245,6.680697711308797
Argentina_DUP1_farm36_field363_corn_2021,Argentina,corn,6.72675085067749,6.905435638814921,6.680697711308797
Argentina_DUP1_farm36_field364_corn_2021,Argentina,corn,8.059341430664062,6.577453462512334,6.680697711308797
Argentina_DUP1_farm36_field365_corn_2021,Argentina,corn,8.071630477905273,6.79260146141371,6.680697711308797
Argentina_DUP1_farm36_field366_corn_2021,Argentina,corn,8.301575660705566,6.5518554475795225,6.680697711308797
Argentina_DUP1_farm36_field367_corn_2021,Argentina,corn,8.618362426757812,6.5975056677275346,6.680697711308797
Argentina_DUP1_farm36_field368_corn_2021,Argentina,corn,7.6666035652160645,6.674945962662078,6.680697711308797
Argentina_DUP1_farm36_field369_soybean_2022,Argentina,soybean,2.8406505584716797,3.9656361900041026,3.066319489951307
Argentina_DUP1_farm36_field370_soybean_2022,Argentina,soybean,2.9396049976348877,4.1541369240073305,3.066319489951307
Argentina_DUP1_farm36_field371_soybean_2022,Argentina,soybean,2.6771605014801025,4.191218432286815,3.066319489951307
Argentina_DUP1_farm36_field372_soybean_2022,Argentina,soybean,1.9708061218261719,3.693841533115782,3.066319489951307
Argentina_DUP1_farm36_field373_soybean_2022,Argentina,soybean,3.3891334533691406,3.6674344162481907,3.066319489951307
Argentina_DUP1_farm36_field374_soybean_2022,Argentina,soybean,3.977745771408081,3.856661495819276,3.066319489951307
Argentina_DUP1_farm36_field375_soybean_2022,Argentina,soybean,4.037554740905762,3.864443338210959,3.066319489951307
Argentina_DUP1_farm36_field376_soybean_2022,Argentina,soybean,2.838423252105713,3.7121627514763276,3.066319489951307
Argentina_DUP1_farm36_field377_corn_2022,Argentina,corn,7.984603404998779,6.753965716853144,6.680697711308797
Argentina_DUP1_farm36_field378_corn_2022,Argentina,corn,6.806770324707031,7.052222337468489,6.680697711308797
Argentina_DUP1_farm36_field379_corn_2022,Argentina,corn,7.787301063537598,6.922123269624205,6.680697711308797
Argentina_DUP1_farm36_field380_corn_2022,Argentina,corn,8.699197769165039,6.950311048331382,6.680697711308797
Argentina_DUP1_farm36_field382_corn_2022,Argentina,corn,8.121542930603027,6.522809179338515,6.680697711308797
Argentina_DUP1_farm36_field383_corn_2022,Argentina,corn,7.699556350708008,6.430471377813533,6.680697711308797
Argentina_DUP1_farm36_field384_corn_2022,Argentina,corn,8.414031982421875,7.09476180175648,6.680697711308797
Argentina_DUP1_farm36_field385_corn_2022,Argentina,corn,7.811202049255371,6.0718574695511425,6.680697711308797
Argentina_DUP1_farm36_field386_corn_2022,Argentina,corn,7.735501766204834,6.923017002295874,6.680697711308797
Argentina_DUP1_farm36_field387_corn_2022,Argentina,corn,7.764376640319824,6.188481118606497,6.680697711308797
Argentina_DUP1_farm36_field388_corn_2022,Argentina,corn,4.582830905914307,6.000065921252359,6.680697711308797
Argentina_DUP1_farm36_field389_corn_2022,Argentina,corn,7.743354797363281,6.073923077424392,6.680697711308797
Argentina_DUP1_farm36_field390_corn_2022,Argentina,corn,6.56842041015625,6.046207232506583,6.680697711308797
Argentina_DUP1_farm36_field391_soybean_2022,Argentina,soybean,3.151064157485962,3.4788149882251824,3.066319489951307
Argentina_DUP1_farm36_field392_corn_2022,Argentina,corn,6.945281505584717,6.975728825923372,6.680697711308797
Argentina_DUP1_farm37_field393_soybean_2021,Argentina,soybean,3.39387583732605,3.04326027945336,3.066319489951307
Argentina_DUP1_farm37_field394_soybean_2021,Argentina,soybean,4.549707889556885,2.3396242685011233,3.066319489951307
Argentina_DUP1_farm37_field397_soybean_2021,Argentina,soybean,3.066141128540039,2.839508269286949,3.066319489951307
Argentina_DUP1_farm37_field398_soybean_2022,Argentina,soybean,4.542495250701904,3.078979566259896,3.066319489951307
Argentina_DUP1_farm37_field400_soybean_2022,Argentina,soybean,4.620079040527344,2.798953167142593,3.066319489951307
Argentina_DUP1_farm37_field401_soybean_2022,Argentina,soybean,4.887261390686035,1.8315680873736313,3.066319489951307
Argentina_DUP1_farm37_field402_soybean_2022,Argentina,soybean,5.099033832550049,1.8420815913242081,3.066319489951307
Argentina_DUP1_farm37_field403_soybean_2020,Argentina,soybean,4.538146018981934,3.4928922991275586,3.066319489951307
Argentina_DUP1_farm37_field404_soybean_2020,Argentina,soybean,3.6617085933685303,2.81087313791617,3.066319489951307
Argentina_DUP1_farm37_field405_soybean_2020,Argentina,soybean,2.857913017272949,2.9883573321814194,3.066319489951307
Argentina_DUP1_farm37_field407_soybean_2020,Argentina,soybean,3.229851007461548,3.5437234441109595,3.066319489951307
Argentina_DUP1_farm37_field408_soybean_2020,Argentina,soybean,5.070003986358643,3.860360447530075,3.066319489951307
Argentina_DUP1_farm37_field409_soybean_2021,Argentina,soybean,2.0085299015045166,1.8734198595607277,3.066319489951307
Argentina_DUP1_farm37_field410_soybean_2021,Argentina,soybean,2.089451551437378,1.7464676835871955,3.066319489951307
Argentina_DUP1_farm37_field411_soybean_2021,Argentina,soybean,1.6555449962615967,2.0075405414766228,3.066319489951307
Argentina_DUP1_farm37_field412_soybean_2021,Argentina,soybean,4.1647748947143555,1.8048054349047902,3.066319489951307
Argentina_DUP1_farm38_field413_soybean_2018,Argentina,soybean,4.414899826049805,1.973655761188903,3.066319489951307
Argentina_DUP1_farm38_field414_soybean_2018,Argentina,soybean,4.257079601287842,2.7309721311686155,3.066319489951307
Argentina_DUP1_farm38_field415_soybean_2021,Argentina,soybean,4.463087558746338,2.265426143580931,3.066319489951307
Argentina_DUP1_farm38_field416_soybean_2021,Argentina,soybean,4.137072563171387,2.0902729717002013,3.066319489951307
Argentina_DUP1_farm38_field417_soybean_2022,Argentina,soybean,3.0520758628845215,4.130120684566444,3.066319489951307
Argentina_DUP1_farm39_field418_corn_2022,Argentina,corn,9.591556549072266,4.897333959259843,6.680697711308797
Argentina_DUP1_farm39_field419_wheat_2022,Argentina,wheat,1.0908105373382568,3.266301863531702,7.073498757159124
Argentina_DUP1_farm39_field420_wheat_2022,Argentina,wheat,2.7468459606170654,3.206895007464494,7.073498757159124
Argentina_DUP1_farm39_field421_wheat_2022,Argentina,wheat,3.028872489929199,3.5134434116717266,7.073498757159124
Argentina_DUP1_farm39_field422_soybean_2023,Argentina,soybean,1.4092966318130493,1.892357404233368,3.066319489951307
Argentina_DUP1_farm39_field423_soybean_2024,Argentina,soybean,5.198772430419922,4.0874840557339365,3.066319489951307
Argentina_DUP1_farm39_field424_corn_2024,Argentina,corn,12.210554122924805,6.607494800037018,6.680697711308797
Argentina_DUP1_farm39_field425_wheat_2023,Argentina,wheat,3.628329038619995,5.025331360508351,7.073498757159124
Argentina_DUP1_farm39_field426_soybean_2024,Argentina,soybean,5.297545433044434,4.006536834008067,3.066319489951307
Argentina_DUP1_farm39_field427_wheat_2023,Argentina,wheat,3.4955356121063232,4.816498111582035,7.073498757159124
Argentina_DUP1_farm39_field429_soybean_2024,Argentina,soybean,4.775148868560791,3.9941665939704785,3.066319489951307
Argentina_DUP1_farm39_field430_soybean_2024,Argentina,soybean,5.103338241577148,4.25275816896383,3.066319489951307
Argentina_DUP1_farm3_field54_wheat_2018,Argentina,wheat,7.190513610839844,4.601647158926674,7.073498757159124
Argentina_DUP1_farm41_field432_corn_2022,Argentina,corn,4.793820381164551,5.1769113612775515,6.680697711308797
Argentina_DUP1_farm42_field433_soybean_2023,Argentina,soybean,1.884590744972229,2.020107363635669,3.066319489951307
Argentina_DUP1_farm42_field434_wheat_2020,Argentina,wheat,4.139078617095947,3.4783594680891268,7.073498757159124
Argentina_DUP1_farm42_field435_soybean_2023,Argentina,soybean,2.687206745147705,2.1292576634559484,3.066319489951307
Argentina_DUP1_farm42_field436_wheat_2023,Argentina,wheat,3.4955592155456543,3.2172383903529966,7.073498757159124
Argentina_DUP1_farm42_field439_soybean_2022,Argentina,soybean,3.647127389907837,2.001321388634957,3.066319489951307
Argentina_DUP1_farm42_field440_soybean_2021,Argentina,soybean,3.405916452407837,2.4902999583549654,3.066319489951307
Argentina_DUP1_farm42_field441_soybean_2023,Argentina,soybean,2.5385794639587402,2.1059557203725934,3.066319489951307
Argentina_DUP1_farm42_field442_wheat_2023,Argentina,wheat,4.379517078399658,3.23997667719179,7.073498757159124
Argentina_DUP1_farm43_field443_corn_2019,Argentina,corn,14.885344505310059,6.983334440468886,6.680697711308797
Argentina_DUP1_farm44_field444_soybean_2021,Argentina,soybean,4.318761825561523,2.4370929590564154,3.066319489951307
Argentina_DUP1_farm44_field445_soybean_2018,Argentina,soybean,3.972003698348999,3.3679454982896977,3.066319489951307
Argentina_DUP1_farm44_field446_soybean_2020,Argentina,soybean,4.603033542633057,3.6618250704169046,3.066319489951307
Argentina_DUP1_farm44_field449_wheat_2018,Argentina,wheat,3.2202141284942627,3.4343658967381354,7.073498757159124
Argentina_DUP1_farm44_field450_corn_2021,Argentina,corn,7.9806389808654785,4.6392372301026175,6.680697711308797
Argentina_DUP1_farm44_field451_soybean_2021,Argentina,soybean,2.909590482711792,3.0777140147093687,3.066319489951307
Argentina_DUP1_farm44_field452_soybean_2020,Argentina,soybean,3.424290418624878,3.835592551497972,3.066319489951307
Argentina_DUP1_farm44_field454_wheat_2018,Argentina,wheat,4.5543060302734375,3.003762411355451,7.073498757159124
Argentina_DUP1_farm44_field455_soybean_2019,Argentina,soybean,4.69218635559082,4.141637775627737,3.066319489951307
Argentina_DUP1_farm44_field456_soybean_2021,Argentina,soybean,3.061272144317627,1.96708618393447,3.066319489951307
Argentina_DUP1_farm44_field457_wheat_2021,Argentina,wheat,2.371809244155884,2.779151886712488,7.073498757159124
Argentina_DUP1_farm44_field459_wheat_2021,Argentina,wheat,2.128990888595581,3.447380499937792,7.073498757159124
Argentina_DUP1_farm44_field461_wheat_2021,Argentina,wheat,3.349882125854492,2.7859925749660954,7.073498757159124
Argentina_DUP1_farm44_field462_soybean_2020,Argentina,soybean,4.6820969581604,4.541974392222044,3.066319489951307
Argentina_DUP1_farm44_field463_soybean_2019,Argentina,soybean,4.202212333679199,4.076191382059449,3.066319489951307
Argentina_DUP1_farm44_field464_soybean_2020,Argentina,soybean,5.097507476806641,3.028172257858133,3.066319489951307
Argentina_DUP1_farm44_field468_wheat_2021,Argentina,wheat,2.342705488204956,3.715591565460685,7.073498757159124
Argentina_DUP1_farm44_field469_soybean_2019,Argentina,soybean,4.797499656677246,4.098160699267468,3.066319489951307
Argentina_DUP1_farm44_field470_soybean_2019,Argentina,soybean,4.156064033508301,3.9872754507702735,3.066319489951307
Argentina_DUP1_farm44_field472_soybean_2019,Argentina,soybean,4.043828010559082,4.32441765782678,3.066319489951307
Argentina_DUP1_farm44_field473_corn_2021,Argentina,corn,11.483881950378418,4.575424709739444,6.680697711308797
Argentina_DUP1_farm44_field475_wheat_2020,Argentina,wheat,3.583540916442871,3.3276495812069373,7.073498757159124
Argentina_DUP1_farm44_field477_soybean_2020,Argentina,soybean,4.168554306030273,3.2684833900102785,3.066319489951307
Argentina_DUP1_farm44_field478_soybean_2021,Argentina,soybean,3.9368700981140137,2.358695269726651,3.066319489951307
Argentina_DUP1_farm44_field479_wheat_2018,Argentina,wheat,1.2317588329315186,3.3956826617120535,7.073498757159124
Argentina_DUP1_farm44_field480_wheat_2020,Argentina,wheat,0.7828608155250549,2.789989045658287,7.073498757159124
Argentina_DUP1_farm44_field481_soybean_2019,Argentina,soybean,4.2340006828308105,4.162032606253173,3.066319489951307
Argentina_DUP1_farm44_field483_wheat_2021,Argentina,wheat,2.6724796295166016,2.925025955133881,7.073498757159124
Argentina_DUP1_farm44_field484_soybean_2018,Argentina,soybean,4.172374248504639,2.093269928418082,3.066319489951307
Argentina_DUP1_farm44_field485_soybean_2021,Argentina,soybean,3.059870481491089,2.693799605098158,3.066319489951307
Argentina_DUP1_farm44_field486_soybean_2021,Argentina,soybean,3.377847909927368,2.276080124567516,3.066319489951307
Argentina_DUP1_farm44_field487_soybean_2021,Argentina,soybean,2.9008476734161377,2.0061370801659857,3.066319489951307
Argentina_DUP1_farm44_field488_soybean_2018,Argentina,soybean,3.0399794578552246,2.277527485128835,3.066319489951307
Argentina_DUP1_farm44_field489_wheat_2020,Argentina,wheat,0.8494667410850525,3.825027077541458,7.073498757159124
Argentina_DUP1_farm44_field490_soybean_2021,Argentina,soybean,5.276296138763428,1.9391553779437707,3.066319489951307
Argentina_DUP1_farm44_field491_soybean_2018,Argentina,soybean,3.4587996006011963,3.196091552045089,3.066319489951307
Argentina_DUP1_farm44_field492_wheat_2021,Argentina,wheat,3.9170706272125244,2.7786191311358266,7.073498757159124
Argentina_DUP1_farm44_field493_wheat_2021,Argentina,wheat,4.1610283851623535,3.370231408200312,7.073498757159124
Argentina_DUP1_farm44_field496_soybean_2021,Argentina,soybean,1.9881240129470825,3.0018185195296603,3.066319489951307
Argentina_DUP1_farm44_field497_soybean_2020,Argentina,soybean,3.1763975620269775,2.937972735419344,3.066319489951307
Argentina_DUP1_farm44_field500_soybean_2020,Argentina,soybean,3.447204351425171,3.9759924937664843,3.066319489951307
Argentina_DUP1_farm44_field501_wheat_2020,Argentina,wheat,1.950482964515686,3.130442700410767,7.073498757159124
Argentina_DUP1_farm44_field502_soybean_2019,Argentina,soybean,3.5367519855499268,4.182024599079632,3.066319489951307
Argentina_DUP1_farm44_field503_soybean_2018,Argentina,soybean,3.670666217803955,2.711281916932872,3.066319489951307
Argentina_DUP1_farm44_field504_soybean_2019,Argentina,soybean,4.64241361618042,4.42644080767717,3.066319489951307
Argentina_DUP1_farm44_field505_soybean_2021,Argentina,soybean,3.1494650840759277,2.989231746378896,3.066319489951307
Argentina_DUP1_farm44_field506_soybean_2021,Argentina,soybean,2.557133436203003,1.8263725618436208,3.066319489951307
Argentina_DUP1_farm44_field507_soybean_2021,Argentina,soybean,3.5527827739715576,1.969245704727106,3.066319489951307
Argentina_DUP1_farm44_field508_soybean_2019,Argentina,soybean,3.796565532684326,3.7871850820741844,3.066319489951307
Argentina_DUP1_farm44_field510_soybean_2019,Argentina,soybean,3.9510750770568848,3.8899900330583215,3.066319489951307
Argentina_DUP1_farm44_field512_soybean_2018,Argentina,soybean,2.2893216609954834,2.3623385308734886,3.066319489951307
Argentina_DUP1_farm44_field513_soybean_2020,Argentina,soybean,4.082491397857666,3.126220197274095,3.066319489951307
Argentina_DUP1_farm44_field515_soybean_2018,Argentina,soybean,3.6586174964904785,3.0402675018330316,3.066319489951307
Argentina_DUP1_farm44_field516_wheat_2020,Argentina,wheat,5.224541664123535,3.432391015507871,7.073498757159124
Argentina_DUP1_farm44_field517_soybean_2020,Argentina,soybean,4.832461357116699,3.802836237392454,3.066319489951307
Argentina_DUP1_farm44_field518_soybean_2020,Argentina,soybean,2.855581045150757,2.7725079790728935,3.066319489951307
Argentina_DUP1_farm44_field519_soybean_2020,Argentina,soybean,3.964035749435425,3.1086343418667726,3.066319489951307
Argentina_DUP1_farm44_field520_soybean_2018,Argentina,soybean,3.189197540283203,1.5099134350284598,3.066319489951307
Argentina_DUP1_farm44_field522_corn_2018,Argentina,corn,5.7757673263549805,6.793978490236008,6.680697711308797
Argentina_DUP1_farm44_field524_wheat_2020,Argentina,wheat,2.7164113521575928,2.9008730304524626,7.073498757159124
Argentina_DUP1_farm44_field525_wheat_2020,Argentina,wheat,1.486464262008667,2.810503774801181,7.073498757159124
Argentina_DUP1_farm44_field526_wheat_2021,Argentina,wheat,1.4923816919326782,3.0818051204608827,7.073498757159124
Argentina_DUP1_farm44_field527_soybean_2021,Argentina,soybean,3.105116128921509,2.0474686086767,3.066319489951307
Argentina_DUP1_farm44_field528_soybean_2018,Argentina,soybean,3.4626564979553223,2.2303876653275623,3.066319489951307
Argentina_DUP1_farm44_field529_corn_2020,Argentina,corn,6.867866039276123,6.96471140796882,6.680697711308797
Argentina_DUP1_farm44_field530_wheat_2021,Argentina,wheat,2.8130476474761963,2.984234410728906,7.073498757159124
Argentina_DUP1_farm44_field531_wheat_2021,Argentina,wheat,4.1087965965271,3.2096901337314163,7.073498757159124
Argentina_DUP1_farm44_field533_soybean_2020,Argentina,soybean,3.786871910095215,3.6093972691906395,3.066319489951307
Argentina_DUP1_farm44_field534_wheat_2021,Argentina,wheat,2.642627716064453,2.7659291403854613,7.073498757159124
Argentina_DUP1_farm44_field535_wheat_2020,Argentina,wheat,1.0537830591201782,3.156158290747803,7.073498757159124
Argentina_DUP1_farm44_field536_soybean_2019,Argentina,soybean,4.50089168548584,3.9356619274475113,3.066319489951307
Argentina_DUP1_farm44_field537_soybean_2021,Argentina,soybean,2.960891008377075,2.6487304706833026,3.066319489951307
Argentina_DUP1_farm44_field538_wheat_2018,Argentina,wheat,3.266632556915283,3.719960566812356,7.073498757159124
Argentina_DUP1_farm44_field539_soybean_2020,Argentina,soybean,2.537492513656616,2.8345627275929193,3.066319489951307
Argentina_DUP1_farm44_field540_wheat_2021,Argentina,wheat,3.4974591732025146,3.3466233289445064,7.073498757159124
Argentina_DUP1_farm44_field541_soybean_2019,Argentina,soybean,3.032177209854126,4.06212991449184,3.066319489951307
Argentina_DUP1_farm44_field542_soybean_2021,Argentina,soybean,2.376070499420166,2.131140058895608,3.066319489951307
Argentina_DUP1_farm44_field543_soybean_2020,Argentina,soybean,3.5159718990325928,3.6893826678400163,3.066319489951307
Argentina_DUP1_farm44_field544_soybean_2020,Argentina,soybean,4.7853193283081055,4.227477984300478,3.066319489951307
Argentina_DUP1_farm44_field546_wheat_2021,Argentina,wheat,2.527094841003418,3.000783366966864,7.073498757159124
Argentina_DUP1_farm44_field547_soybean_2018,Argentina,soybean,2.847217559814453,1.8829425467251135,3.066319489951307
Argentina_DUP1_farm44_field548_corn_2021,Argentina,corn,8.205018043518066,5.49179573718734,6.680697711308797
Argentina_DUP1_farm44_field549_soybean_2019,Argentina,soybean,4.364538669586182,4.162213679839392,3.066319489951307
Argentina_DUP1_farm44_field550_wheat_2018,Argentina,wheat,2.441652774810791,3.68209217195968,7.073498757159124
Argentina_DUP1_farm44_field551_wheat_2021,Argentina,wheat,3.9974985122680664,3.2935229839990035,7.073498757159124
Argentina_DUP1_farm44_field552_soybean_2021,Argentina,soybean,2.2943174839019775,1.9187187477565137,3.066319489951307
Argentina_DUP1_farm44_field553_corn_2021,Argentina,corn,3.8983561992645264,4.911554045837137,6.680697711308797
Argentina_DUP1_farm44_field554_corn_2020,Argentina,corn,2.801468849182129,6.094609921316931,6.680697711308797
Argentina_DUP1_farm44_field555_wheat_2018,Argentina,wheat,2.957179546356201,3.0869286358101404,7.073498757159124
Argentina_DUP1_farm44_field556_soybean_2020,Argentina,soybean,3.1433236598968506,3.8120158111293736,3.066319489951307
Argentina_DUP1_farm44_field557_corn_2018,Argentina,corn,4.47698974609375,4.837214778619595,6.680697711308797
Argentina_DUP1_farm44_field559_wheat_2021,Argentina,wheat,2.9885051250457764,2.9543882829372414,7.073498757159124
Argentina_DUP1_farm44_field560_wheat_2018,Argentina,wheat,3.316664218902588,3.2930337018046543,7.073498757159124
Argentina_DUP1_farm44_field561_soybean_2021,Argentina,soybean,1.6891742944717407,1.8452722390619978,3.066319489951307
Argentina_DUP1_farm44_field562_soybean_2018,Argentina,soybean,2.408052921295166,1.294591494011096,3.066319489951307
Argentina_DUP1_farm44_field563_wheat_2020,Argentina,wheat,1.651275634765625,3.114333813482539,7.073498757159124
Argentina_DUP1_farm44_field564_wheat_2020,Argentina,wheat,6.9663615226745605,3.3231481411527146,7.073498757159124
Argentina_DUP1_farm44_field567_soybean_2019,Argentina,soybean,4.319566249847412,3.9788663022546658,3.066319489951307
Argentina_DUP1_farm44_field568_wheat_2020,Argentina,wheat,2.18510365486145,3.404533384460074,7.073498757159124
Argentina_DUP1_farm44_field569_corn_2019,Argentina,corn,11.599839210510254,7.232219966984934,6.680697711308797
Argentina_DUP1_farm44_field570_corn_2018,Argentina,corn,6.332360744476318,6.659557991104834,6.680697711308797
Argentina_DUP1_farm44_field571_soybean_2019,Argentina,soybean,2.877171039581299,3.991247319143853,3.066319489951307
Argentina_DUP1_farm45_field572_corn_2017,Argentina,corn,11.764493942260742,5.785215883457056,6.680697711308797
Argentina_DUP1_farm45_field573_wheat_2021,Argentina,wheat,5.3833842277526855,5.685324351578558,7.073498757159124
Argentina_DUP1_farm45_field574_corn_2020,Argentina,corn,11.425339698791504,6.5335413691251585,6.680697711308797
Argentina_DUP1_farm45_field576_wheat_2020,Argentina,wheat,6.869609355926514,3.851848188105774,7.073498757159124
Argentina_DUP1_farm45_field578_wheat_2020,Argentina,wheat,8.111632347106934,5.344902780265187,7.073498757159124
Argentina_DUP1_farm45_field580_wheat_2020,Argentina,wheat,7.57679557800293,4.5555238250139904,7.073498757159124
Argentina_DUP1_farm45_field581_corn_2022,Argentina,corn,13.96937084197998,6.1267839579711385,6.680697711308797
Argentina_DUP1_farm45_field582_wheat_2020,Argentina,wheat,7.429804801940918,4.416614110236345,7.073498757159124
Argentina_DUP1_farm45_field583_wheat_2019,Argentina,wheat,6.431111812591553,5.8929862564083155,7.073498757159124
Argentina_DUP1_farm45_field584_corn_2017,Argentina,corn,11.285654067993164,5.769481194852972,6.680697711308797
Argentina_DUP1_farm45_field585_corn_2022,Argentina,corn,8.385948181152344,5.663241231375253,6.680697711308797
Argentina_DUP1_farm45_field586_wheat_2021,Argentina,wheat,7.167749881744385,4.786783974216613,7.073498757159124
Argentina_DUP1_farm45_field587_wheat_2021,Argentina,wheat,5.11287260055542,5.115486677086137,7.073498757159124
Argentina_DUP1_farm45_field588_wheat_2019,Argentina,wheat,6.080214023590088,4.526784120323075,7.073498757159124
Argentina_DUP1_farm45_field589_corn_2020,Argentina,corn,12.453889846801758,7.24549151934254,6.680697711308797
Argentina_DUP1_farm45_field590_corn_2021,Argentina,corn,12.658105850219727,7.572944082775273,6.680697711308797
Argentina_DUP1_farm45_field591_wheat_2021,Argentina,wheat,5.948451995849609,4.4557669931530715,7.073498757159124
Argentina_DUP1_farm45_field592_corn_2020,Argentina,corn,12.958222389221191,7.102146528404815,6.680697711308797
Argentina_DUP1_farm45_field593_corn_2020,Argentina,corn,11.161738395690918,6.8805110042041004,6.680697711308797
Argentina_DUP1_farm45_field594_wheat_2020,Argentina,wheat,5.21607780456543,3.558982199177395,7.073498757159124
Argentina_DUP1_farm45_field595_corn_2017,Argentina,corn,11.186957359313965,5.815353418687091,6.680697711308797
Argentina_DUP1_farm45_field596_corn_2020,Argentina,corn,12.130420684814453,7.192565247691887,6.680697711308797
Argentina_DUP1_farm45_field597_corn_2022,Argentina,corn,5.002594947814941,6.436557763652684,6.680697711308797
Argentina_DUP1_farm45_field598_corn_2017,Argentina,corn,10.312187194824219,6.084842898384267,6.680697711308797
Argentina_DUP1_farm45_field599_wheat_2020,Argentina,wheat,6.77961540222168,4.4645209004768525,7.073498757159124
Argentina_DUP1_farm45_field600_corn_2022,Argentina,corn,7.557699203491211,5.887503608868851,6.680697711308797
Argentina_DUP1_farm45_field601_wheat_2019,Argentina,wheat,6.201404571533203,4.52656809059034,7.073498757159124
Argentina_DUP1_farm45_field603_wheat_2021,Argentina,wheat,7.786730766296387,5.084549910276834,7.073498757159124
Argentina_DUP1_farm45_field604_corn_2020,Argentina,corn,12.334731101989746,7.2336327615236495,6.680697711308797
Argentina_DUP1_farm45_field605_corn_2020,Argentina,corn,9.48910140991211,6.6587988044751985,6.680697711308797
Argentina_DUP1_farm45_field606_wheat_2021,Argentina,wheat,7.629586219787598,5.392715035756558,7.073498757159124
Argentina_DUP1_farm45_field607_wheat_2020,Argentina,wheat,6.705805778503418,4.438181438203418,7.073498757159124
Argentina_DUP1_farm45_field608_corn_2022,Argentina,corn,4.894758224487305,6.386190533115813,6.680697711308797
Argentina_DUP1_farm45_field610_corn_2017,Argentina,corn,10.134100914001465,5.836411894829564,6.680697711308797
Argentina_DUP1_farm45_field611_wheat_2021,Argentina,wheat,5.767754077911377,5.455969437955305,7.073498757159124
Argentina_DUP1_farm45_field614_corn_2020,Argentina,corn,10.487276077270508,6.7481274716864705,6.680697711308797
Argentina_DUP1_farm45_field615_wheat_2019,Argentina,wheat,5.770498275756836,4.410938156461871,7.073498757159124
Argentina_DUP1_farm45_field616_corn_2022,Argentina,corn,12.237333297729492,6.240286076830354,6.680697711308797
Argentina_DUP1_farm45_field617_corn_2021,Argentina,corn,12.116186141967773,8.000127718867557,6.680697711308797
Argentina_DUP1_farm45_field618_wheat_2021,Argentina,wheat,6.5878376960754395,4.8039482601694,7.073498757159124
Argentina_DUP1_farm45_field619_corn_2022,Argentina,corn,13.206543922424316,5.980020771355875,6.680697711308797
Argentina_DUP1_farm45_field620_corn_2017,Argentina,corn,9.302120208740234,5.6794619125843315,6.680697711308797
Argentina_DUP1_farm45_field623_corn_2021,Argentina,corn,10.388033866882324,6.5608587128461995,6.680697711308797
Argentina_DUP1_farm45_field624_corn_2022,Argentina,corn,7.008749961853027,6.4925526833768785,6.680697711308797
Argentina_DUP1_farm45_field625_wheat_2022,Argentina,wheat,3.3575379848480225,2.5697858707677517,7.073498757159124
Argentina_DUP1_farm45_field626_corn_2018,Argentina,corn,12.024344444274902,5.618394741562598,6.680697711308797
Argentina_DUP1_farm45_field627_wheat_2022,Argentina,wheat,0.7884063124656677,3.389401519693296,7.073498757159124
Argentina_DUP1_farm45_field628_corn_2023,Argentina,corn,7.031290531158447,5.376736139170441,6.680697711308797
Argentina_DUP1_farm45_field629_corn_2023,Argentina,corn,2.9771437644958496,4.805094779331984,6.680697711308797
Argentina_DUP1_farm45_field630_corn_2023,Argentina,corn,5.401596546173096,5.208516393378725,6.680697711308797
Argentina_DUP1_farm45_field631_soybean_2023,Argentina,soybean,2.6800622940063477,1.9368160823146363,3.066319489951307
Argentina_DUP1_farm45_field632_wheat_2017,Argentina,wheat,7.123674392700195,8.396497928388905,7.073498757159124
Argentina_DUP1_farm45_field634_corn_2023,Argentina,corn,1.810570240020752,4.905392279242021,6.680697711308797
Argentina_DUP1_farm45_field635_soybean_2023,Argentina,soybean,1.7216635942459106,1.9262595929252695,3.066319489951307
Argentina_DUP1_farm45_field636_wheat_2017,Argentina,wheat,7.385890483856201,8.655025238236762,7.073498757159124
Argentina_DUP1_farm45_field637_soybean_2023,Argentina,soybean,0.5479804277420044,1.6145839608269805,3.066319489951307
Argentina_DUP1_farm45_field638_corn_2018,Argentina,corn,10.892257690429688,5.682985234297205,6.680697711308797
Argentina_DUP1_farm45_field639_wheat_2022,Argentina,wheat,1.2355324029922485,3.1457364225958706,7.073498757159124
Argentina_DUP1_farm45_field640_wheat_2017,Argentina,wheat,6.747605800628662,7.883916717568702,7.073498757159124
Argentina_DUP1_farm45_field641_wheat_2022,Argentina,wheat,1.128980278968811,2.888470810637461,7.073498757159124
Argentina_DUP1_farm45_field642_corn_2018,Argentina,corn,13.09671688079834,5.518796396897301,6.680697711308797
Argentina_DUP1_farm45_field643_soybean_2023,Argentina,soybean,1.1855334043502808,2.083971270591017,3.066319489951307
Argentina_DUP1_farm45_field644_wheat_2022,Argentina,wheat,1.1512774229049683,2.002270423629912,7.073498757159124
Argentina_DUP1_farm45_field645_wheat_2022,Argentina,wheat,1.5527241230010986,2.372764770577729,7.073498757159124
Argentina_DUP1_farm45_field646_wheat_2017,Argentina,wheat,7.427591800689697,8.568726733154206,7.073498757159124
Argentina_DUP1_farm45_field647_corn_2023,Argentina,corn,2.9263737201690674,5.195888399712165,6.680697711308797
Argentina_DUP1_farm45_field648_wheat_2022,Argentina,wheat,3.1895670890808105,2.457862884199539,7.073498757159124
Argentina_DUP1_farm45_field649_soybean_2023,Argentina,soybean,1.4338171482086182,1.7879303253460201,3.066319489951307
Argentina_DUP1_farm45_field650_soybean_2023,Argentina,soybean,1.3538838624954224,1.9841066766130477,3.066319489951307
Argentina_DUP1_farm45_field651_corn_2023,Argentina,corn,4.2488322257995605,4.935620209330715,6.680697711308797
Argentina_DUP1_farm45_field652_corn_2018,Argentina,corn,14.061551094055176,5.865680544101777,6.680697711308797
Argentina_DUP1_farm45_field653_corn_2023,Argentina,corn,5.487987995147705,5.2633341117551575,6.680697711308797
Argentina_DUP1_farm45_field654_wheat_2017,Argentina,wheat,7.471680164337158,8.853292441588522,7.073498757159124
Argentina_DUP1_farm46_field655_corn_2021,Argentina,corn,14.473533630371094,5.628574310423886,6.680697711308797
Argentina_DUP1_farm46_field656_soybean_2022,Argentina,soybean,4.665699481964111,3.7204217579357968,3.066319489951307
Argentina_DUP1_farm47_field657_soybean_2024,Argentina,soybean,4.423630237579346,4.238673843802102,3.066319489951307
Argentina_DUP1_farm48_field658_wheat_2017,Argentina,wheat,4.785524845123291,7.161102829291981,7.073498757159124
Argentina_DUP1_farm49_field659_corn_2020,Argentina,corn,10.462861061096191,6.199766680913451,6.680697711308797
Argentina_DUP1_farm49_field661_soybean_2021,Argentina,soybean,5.219106674194336,4.174752638323749,3.066319489951307
Argentina_DUP1_farm49_field662_corn_2022,Argentina,corn,7.524405479431152,5.477791703816477,6.680697711308797
Argentina_DUP1_farm49_field663_corn_2022,Argentina,corn,9.237224578857422,5.67717970149605,6.680697711308797
Argentina_DUP1_farm49_field664_soybean_2023,Argentina,soybean,0.9269083738327026,1.6933726856814388,3.066319489951307
Argentina_DUP1_farm4_field55_corn_2023,Argentina,corn,3.940455675125122,6.328189966515861,6.680697711308797
Argentina_DUP1_farm50_field666_wheat_2021,Argentina,wheat,6.197607517242432,4.140791765242168,7.073498757159124
Argentina_DUP1_farm51_field667_soybean_2022,Argentina,soybean,2.705599546432495,2.1325358761136446,3.066319489951307
Argentina_DUP1_farm51_field668_soybean_2022,Argentina,soybean,1.4079108238220215,1.9886903538288034,3.066319489951307
Argentina_DUP1_farm51_field669_soybean_2022,Argentina,soybean,1.6183972358703613,1.6154409747100464,3.066319489951307
Argentina_DUP1_farm51_field670_soybean_2022,Argentina,soybean,3.330092430114746,2.8903179339892144,3.066319489951307
Argentina_DUP1_farm51_field671_soybean_2022,Argentina,soybean,1.088268756866455,1.4282969647150918,3.066319489951307
Argentina_DUP1_farm51_field672_soybean_2022,Argentina,soybean,1.8815526962280273,2.949782961988995,3.066319489951307
Argentina_DUP1_farm51_field673_soybean_2022,Argentina,soybean,3.0642240047454834,3.0371927867227733,3.066319489951307
Argentina_DUP1_farm51_field674_soybean_2022,Argentina,soybean,3.6357386112213135,1.846531318448185,3.066319489951307
Argentina_DUP1_farm51_field675_wheat_2021,Argentina,wheat,7.092201232910156,5.2011772649251595,7.073498757159124
Argentina_DUP1_farm51_field676_wheat_2021,Argentina,wheat,5.653107166290283,4.1847977114097334,7.073498757159124
Argentina_DUP1_farm51_field678_corn_2022,Argentina,corn,4.933140754699707,5.432877133079275,6.680697711308797
Argentina_DUP1_farm51_field679_corn_2022,Argentina,corn,6.004333019256592,5.001647750879794,6.680697711308797
Argentina_DUP1_farm51_field680_corn_2022,Argentina,corn,9.317485809326172,6.370968572908552,6.680697711308797
Argentina_DUP1_farm51_field682_corn_2022,Argentina,corn,7.432716369628906,5.240350404569741,6.680697711308797
Argentina_DUP1_farm51_field683_wheat_2022,Argentina,wheat,1.9965876340866089,4.182204755102161,7.073498757159124
Argentina_DUP1_farm51_field684_wheat_2022,Argentina,wheat,2.1196327209472656,3.1821129626214364,7.073498757159124
Argentina_DUP1_farm51_field685_wheat_2022,Argentina,wheat,1.9370661973953247,2.761514999535275,7.073498757159124
Argentina_DUP1_farm52_field686_soybean_2020,Argentina,soybean,2.813114643096924,3.451798126193883,3.066319489951307
Argentina_DUP1_farm52_field687_soybean_2020,Argentina,soybean,2.688811779022217,3.2929020735445307,3.066319489951307
Argentina_DUP1_farm52_field688_soybean_2020,Argentina,soybean,3.2182223796844482,4.049864706958793,3.066319489951307
Argentina_DUP1_farm52_field689_soybean_2020,Argentina,soybean,2.933406352996826,3.5322709404368418,3.066319489951307
Argentina_DUP1_farm52_field691_soybean_2020,Argentina,soybean,2.4716007709503174,2.8871503764896995,3.066319489951307
Argentina_DUP1_farm52_field692_soybean_2020,Argentina,soybean,3.96347975730896,3.2211072898189843,3.066319489951307
Argentina_DUP1_farm52_field693_soybean_2022,Argentina,soybean,5.28792667388916,3.6600759911792538,3.066319489951307
Argentina_DUP1_farm52_field695_soybean_2022,Argentina,soybean,5.256494998931885,3.4385969002288554,3.066319489951307
Argentina_DUP1_farm52_field696_soybean_2022,Argentina,soybean,5.6151957511901855,3.6903756504326015,3.066319489951307
Argentina_DUP1_farm52_field697_soybean_2022,Argentina,soybean,4.865903377532959,3.370779788936037,3.066319489951307
Argentina_DUP1_farm52_field698_soybean_2022,Argentina,soybean,4.746811866760254,3.8695056948697326,3.066319489951307
Argentina_DUP1_farm52_field699_soybean_2022,Argentina,soybean,6.131265163421631,4.158965664618,3.066319489951307
Argentina_DUP1_farm52_field700_soybean_2022,Argentina,soybean,6.117766857147217,4.285980299834286,3.066319489951307
Argentina_DUP1_farm52_field701_soybean_2022,Argentina,soybean,5.706071376800537,4.217876803383943,3.066319489951307
Argentina_DUP1_farm52_field702_soybean_2022,Argentina,soybean,5.583632469177246,3.5102136761607707,3.066319489951307
Argentina_DUP1_farm52_field703_soybean_2022,Argentina,soybean,5.420976638793945,3.5760748107851987,3.066319489951307
Argentina_DUP1_farm52_field704_soybean_2020,Argentina,soybean,2.9498746395111084,3.0896995912941074,3.066319489951307
Argentina_DUP1_farm52_field706_soybean_2022,Argentina,soybean,5.757415771484375,3.857679205769054,3.066319489951307
Argentina_DUP1_farm52_field707_soybean_2022,Argentina,soybean,5.770185470581055,3.959636202684632,3.066319489951307
Argentina_DUP1_farm52_field708_soybean_2020,Argentina,soybean,3.36759614944458,3.919902122137278,3.066319489951307
Argentina_DUP1_farm52_field709_soybean_2020,Argentina,soybean,2.6702709197998047,3.142102057116433,3.066319489951307
Argentina_DUP1_farm52_field710_soybean_2020,Argentina,soybean,2.7086095809936523,3.61201691310873,3.066319489951307
Argentina_DUP1_farm52_field711_soybean_2021,Argentina,soybean,3.904634952545166,2.029912340518173,3.066319489951307
Argentina_DUP1_farm52_field714_soybean_2021,Argentina,soybean,2.7373156547546387,1.925618333718007,3.066319489951307
Argentina_DUP1_farm52_field715_soybean_2021,Argentina,soybean,2.6474688053131104,1.7999575524408222,3.066319489951307
Argentina_DUP1_farm52_field716_soybean_2021,Argentina,soybean,3.6597132682800293,2.915274386800032,3.066319489951307
Argentina_DUP1_farm52_field717_soybean_2021,Argentina,soybean,4.156802654266357,3.8656018430192676,3.066319489951307
Argentina_DUP1_farm52_field718_soybean_2021,Argentina,soybean,3.7585549354553223,1.8182626067879155,3.066319489951307
Argentina_DUP1_farm52_field719_soybean_2021,Argentina,soybean,4.47911262512207,1.8641096395088481,3.066319489951307
Argentina_DUP1_farm52_field720_soybean_2021,Argentina,soybean,4.659884452819824,2.6199696238073487,3.066319489951307
Argentina_DUP1_farm52_field721_soybean_2021,Argentina,soybean,3.798582077026367,1.494513725119098,3.066319489951307
Argentina_DUP1_farm52_field722_soybean_2021,Argentina,soybean,3.716474771499634,2.2041429993159016,3.066319489951307
Argentina_DUP1_farm52_field723_soybean_2021,Argentina,soybean,4.393221855163574,2.3864607762364933,3.066319489951307
Argentina_DUP1_farm52_field724_soybean_2021,Argentina,soybean,1.9303430318832397,1.7116438891209986,3.066319489951307
Argentina_DUP1_farm52_field725_soybean_2021,Argentina,soybean,4.425559997558594,2.5707785620886727,3.066319489951307
Argentina_DUP1_farm52_field726_soybean_2021,Argentina,soybean,3.026249647140503,2.1379249805922433,3.066319489951307
Argentina_DUP1_farm52_field727_soybean_2021,Argentina,soybean,3.8810455799102783,2.6397965501986476,3.066319489951307
Argentina_DUP1_farm52_field728_soybean_2021,Argentina,soybean,1.9181702136993408,1.7219384510098947,3.066319489951307
Argentina_DUP1_farm53_field729_corn_2021,Argentina,corn,11.131715774536133,5.276072976462064,6.680697711308797
Argentina_DUP1_farm54_field730_wheat_2020,Argentina,wheat,1.1954669952392578,3.235926857393356,7.073498757159124
Argentina_DUP1_farm54_field731_wheat_2018,Argentina,wheat,1.962890625,2.981704513558248,7.073498757159124
Argentina_DUP1_farm54_field733_wheat_2020,Argentina,wheat,2.2495839595794678,3.1394182830840403,7.073498757159124
Argentina_DUP1_farm54_field734_corn_2019,Argentina,corn,11.490662574768066,6.422908169225416,6.680697711308797
Argentina_DUP1_farm54_field735_soybean_2021,Argentina,soybean,0.7536706924438477,1.9265741712892293,3.066319489951307
Argentina_DUP1_farm54_field736_soybean_2021,Argentina,soybean,1.5620555877685547,1.9849389616482056,3.066319489951307
Argentina_DUP1_farm54_field737_soybean_2019,Argentina,soybean,2.594745397567749,3.3268209434589298,3.066319489951307
Argentina_DUP1_farm54_field739_soybean_2018,Argentina,soybean,3.4476916790008545,3.270993113309949,3.066319489951307
Argentina_DUP1_farm54_field741_wheat_2021,Argentina,wheat,3.8300540447235107,3.1401835845532617,7.073498757159124
Argentina_DUP1_farm54_field743_soybean_2020,Argentina,soybean,4.636996269226074,3.8907156376013097,3.066319489951307
Argentina_DUP1_farm54_field744_soybean_2021,Argentina,soybean,1.0999441146850586,2.0486951990324425,3.066319489951307
Argentina_DUP1_farm55_field745_soybean_2023,Argentina,soybean,2.4323980808258057,2.98333117756398,3.066319489951307
Argentina_DUP1_farm55_field746_corn_2023,Argentina,corn,4.4226226806640625,5.028171959388361,6.680697711308797
Argentina_DUP1_farm55_field747_corn_2023,Argentina,corn,6.004730701446533,6.581318364813532,6.680697711308797
Argentina_DUP1_farm56_field748_wheat_2023,Argentina,wheat,1.3058000802993774,3.288060082708995,7.073498757159124
Argentina_DUP1_farm56_field749_wheat_2023,Argentina,wheat,5.699956893920898,3.635265499096696,7.073498757159124
Argentina_DUP1_farm56_field750_soybean_2023,Argentina,soybean,1.5359516143798828,1.544635716766381,3.066319489951307
Argentina_DUP1_farm56_field752_wheat_2023,Argentina,wheat,2.2707977294921875,3.04463051264685,7.073498757159124
Argentina_DUP1_farm57_field753_soybean_2022,Argentina,soybean,2.242797613143921,2.3481489198594576,3.066319489951307
Argentina_DUP1_farm5_field56_corn_2024,Argentina,corn,11.750933647155762,7.230127914205951,6.680697711308797
Argentina_DUP1_farm5_field57_soybean_2024,Argentina,soybean,3.0932512283325195,3.7457281511086453,3.066319489951307
Argentina_DUP1_farm5_field58_soybean_2024,Argentina,soybean,2.876504421234131,3.7618088289554077,3.066319489951307
Argentina_DUP1_farm5_field60_soybean_2024,Argentina,soybean,4.005792617797852,4.046103317186845,3.066319489951307
Argentina_DUP1_farm5_field62_soybean_2024,Argentina,soybean,4.935156345367432,4.134956526857776,3.066319489951307
Argentina_DUP1_farm5_field63_soybean_2024,Argentina,soybean,4.732599258422852,4.221492620212076,3.066319489951307
Argentina_DUP1_farm5_field64_soybean_2024,Argentina,soybean,2.95475435256958,3.78775802493708,3.066319489951307
Argentina_DUP1_farm5_field65_corn_2024,Argentina,corn,11.944779396057129,7.4038864199446035,6.680697711308797
Argentina_DUP1_farm5_field66_corn_2024,Argentina,corn,14.65053653717041,7.4896278949939745,6.680697711308797
Argentina_DUP1_farm5_field67_corn_2024,Argentina,corn,10.296051025390625,6.6307694842919,6.680697711308797
Argentina_DUP1_farm6_field68_soybean_2023,Argentina,soybean,2.489698886871338,2.2226053751075465,3.066319489951307
Argentina_DUP1_farm6_field69_soybean_2023,Argentina,soybean,2.7613413333892822,2.0283477896343527,3.066319489951307
Argentina_DUP1_farm6_field70_soybean_2023,Argentina,soybean,1.9907013177871704,1.7210765886882324,3.066319489951307
Argentina_DUP1_farm6_field71_soybean_2023,Argentina,soybean,2.501291036605835,2.1071332824594133,3.066319489951307
Argentina_DUP1_farm6_field74_soybean_2023,Argentina,soybean,0.8006961941719055,2.133629056110433,3.066319489951307
Argentina_DUP1_farm6_field76_soybean_2023,Argentina,soybean,1.0755057334899902,1.9803469575778954,3.066319489951307
Argentina_DUP1_farm6_field77_soybean_2023,Argentina,soybean,1.5880205631256104,1.9161621405166207,3.066319489951307
Argentina_DUP1_farm6_field78_soybean_2023,Argentina,soybean,1.835261583328247,1.9609371283552925,3.066319489951307
Argentina_DUP1_farm6_field79_soybean_2023,Argentina,soybean,1.123595118522644,2.2290592995423166,3.066319489951307
Argentina_DUP1_farm6_field80_soybean_2023,Argentina,soybean,1.5687185525894165,2.1544489666909374,3.066319489951307
Argentina_DUP1_farm6_field81_soybean_2023,Argentina,soybean,0.908458948135376,1.5774578656235738,3.066319489951307
Argentina_DUP1_farm6_field82_soybean_2023,Argentina,soybean,1.542707085609436,1.9443658729571112,3.066319489951307
Argentina_DUP1_farm6_field83_soybean_2023,Argentina,soybean,2.4114301204681396,2.1033604137355217,3.066319489951307
Argentina_DUP1_farm6_field84_soybean_2023,Argentina,soybean,1.9926917552947998,1.8276203693175874,3.066319489951307
Argentina_DUP1_farm6_field85_soybean_2023,Argentina,soybean,1.922368049621582,2.1594862139471447,3.066319489951307
Argentina_DUP1_farm7_field86_soybean_2024,Argentina,soybean,2.7664196491241455,3.5862525982697018,3.066319489951307
Argentina_DUP1_farm8_field87_corn_2021,Argentina,corn,9.043926239013672,6.855315781065279,6.680697711308797
Argentina_DUP1_farm9_field100_soybean_2024,Argentina,soybean,3.475707530975342,3.7561215979621743,3.066319489951307
Argentina_DUP1_farm9_field101_soybean_2024,Argentina,soybean,6.053684234619141,3.86917554188057,3.066319489951307
Argentina_DUP1_farm9_field102_soybean_2024,Argentina,soybean,3.470731019973755,3.7421145769063506,3.066319489951307
Argentina_DUP1_farm9_field103_wheat_2023,Argentina,wheat,3.19175124168396,4.712202232347206,7.073498757159124
Argentina_DUP1_farm9_field88_wheat_2019,Argentina,wheat,6.662379741668701,4.787877424676476,7.073498757159124
Argentina_DUP1_farm9_field89_wheat_2020,Argentina,wheat,5.4089436531066895,3.2006559801149876,7.073498757159124
Argentina_DUP1_farm9_field90_wheat_2020,Argentina,wheat,6.071316242218018,3.2611332412011675,7.073498757159124
Argentina_DUP1_farm9_field91_soybean_2020,Argentina,soybean,2.7706398963928223,4.410495558309611,3.066319489951307
Argentina_DUP1_farm9_field92_soybean_2021,Argentina,soybean,3.626100540161133,2.14500506198503,3.066319489951307
Argentina_DUP1_farm9_field94_corn_2024,Argentina,corn,9.31701374053955,7.174974470884753,6.680697711308797
Argentina_DUP1_farm9_field95_soybean_2024,Argentina,soybean,4.04880952835083,4.2021293786219545,3.066319489951307
Argentina_DUP1_farm9_field96_corn_2024,Argentina,corn,10.135187149047852,7.258615685342951,6.680697711308797
Argentina_DUP1_farm9_field98_soybean_2024,Argentina,soybean,3.2208359241485596,3.8290367709512787,3.066319489951307
Argentina_DUP1_farm9_field99_wheat_2023,Argentina,wheat,2.2863268852233887,5.046228902534123,7.073498757159124
Brazil_DUP2_farm1_field1_soybean_2024,Brazil,soybean,2.554049491882324,2.298558683096495,2.8856572673016903
Brazil_DUP2_farm1_field2_corn_2023,Brazil,corn,6.734680652618408,10.070986793010366,8.691955015063286
Brazil_DUP2_farm1_field3_soybean_2024,Brazil,soybean,4.594292640686035,3.4503988239324963,2.8856572673016903
Brazil_DUP2_farm2_field10_wheat_2023,Brazil,wheat,4.121791839599609,7.725239169630168,7.617335578990639
Brazil_DUP2_farm2_field11_soybean_2021,Brazil,soybean,3.681398391723633,3.9839000147352044,2.8856572673016903
Brazil_DUP2_farm2_field12_soybean_2021,Brazil,soybean,4.077727317810059,3.5764573773408697,2.8856572673016903
Brazil_DUP2_farm2_field13_soybean_2017,Brazil,soybean,4.878890037536621,3.4503095340198335,2.8856572673016903
Brazil_DUP2_farm2_field14_wheat_2017,Brazil,wheat,3.451143264770508,7.622707294247735,7.617335578990639
Brazil_DUP2_farm2_field15_wheat_2017,Brazil,wheat,3.5504167079925537,7.531227404373854,7.617335578990639
Brazil_DUP2_farm2_field16_soybean_2020,Brazil,soybean,4.377521991729736,3.3919934830709213,2.8856572673016903
Brazil_DUP2_farm2_field17_corn_2023,Brazil,corn,8.464367866516113,9.249049821025237,8.691955015063286
Brazil_DUP2_farm2_field18_soybean_2019,Brazil,soybean,3.74405837059021,2.706308018901107,2.8856572673016903
Brazil_DUP2_farm2_field20_wheat_2020,Brazil,wheat,4.6233134269714355,5.2359076850675565,7.617335578990639
Brazil_DUP2_farm2_field22_soybean_2020,Brazil,soybean,4.403652191162109,3.2802088910799387,2.8856572673016903
Brazil_DUP2_farm2_field23_soybean_2021,Brazil,soybean,4.593156337738037,3.7307011825158813,2.8856572673016903
Brazil_DUP2_farm2_field24_soybean_2018,Brazil,soybean,5.455139636993408,3.4431576450292662,2.8856572673016903
Brazil_DUP2_farm2_field25_corn_2019,Brazil,corn,7.2953948974609375,9.249804843211331,8.691955015063286
Brazil_DUP2_farm2_field26_corn_2023,Brazil,corn,7.283845901489258,9.4927104468867,8.691955015063286
Brazil_DUP2_farm2_field27_soybean_2020,Brazil,soybean,4.355782508850098,3.435694618446126,2.8856572673016903
Brazil_DUP2_farm2_field29_soybean_2018,Brazil,soybean,4.77943754196167,3.7832725897651027,2.8856572673016903
Brazil_DUP2_farm2_field30_wheat_2020,Brazil,wheat,3.9985570907592773,5.68605333044734,7.617335578990639
Brazil_DUP2_farm2_field31_soybean_2024,Brazil,soybean,4.282722473144531,3.4492417593384928,2.8856572673016903
Brazil_DUP2_farm2_field32_wheat_2020,Brazil,wheat,5.027770042419434,5.499718499159764,7.617335578990639
Brazil_DUP2_farm2_field35_soybean_2019,Brazil,soybean,3.445600748062134,2.8057303266423705,2.8856572673016903
Brazil_DUP2_farm2_field36_soybean_2022,Brazil,soybean,4.307104110717773,3.7154098973648506,2.8856572673016903
Brazil_DUP2_farm2_field38_soybean_2020,Brazil,soybean,4.140893936157227,3.8755865083412218,2.8856572673016903
Brazil_DUP2_farm2_field39_corn_2019,Brazil,corn,8.958821296691895,8.8417799829175,8.691955015063286
Brazil_DUP2_farm2_field41_soybean_2019,Brazil,soybean,3.871553659439087,3.167690910209255,2.8856572673016903
Brazil_DUP2_farm2_field42_wheat_2023,Brazil,wheat,4.154005527496338,7.929429703497616,7.617335578990639
Brazil_DUP2_farm2_field43_corn_2019,Brazil,corn,7.238475799560547,8.895603548336641,8.691955015063286
Brazil_DUP2_farm2_field44_wheat_2020,Brazil,wheat,4.408825397491455,5.588203424567432,7.617335578990639
Brazil_DUP2_farm2_field45_wheat_2017,Brazil,wheat,3.5884721279144287,7.413768472229191,7.617335578990639
Brazil_DUP2_farm2_field46_corn_2023,Brazil,corn,8.691034317016602,9.55351553206159,8.691955015063286
Brazil_DUP2_farm2_field47_soybean_2024,Brazil,soybean,3.8954691886901855,3.3845920404274734,2.8856572673016903
Brazil_DUP2_farm2_field49_wheat_2023,Brazil,wheat,3.9603395462036133,7.685374393088352,7.617335578990639
Brazil_DUP2_farm2_field4_corn_2023,Brazil,corn,7.96497917175293,9.24286157287393,8.691955015063286
Brazil_DUP2_farm2_field50_soybean_2024,Brazil,soybean,3.9796488285064697,3.361420827710641,2.8856572673016903
Brazil_DUP2_farm2_field5_soybean_2019,Brazil,soybean,3.187739372253418,2.506529257868864,2.8856572673016903
Brazil_DUP2_farm2_field6_soybean_2018,Brazil,soybean,5.294377326965332,3.687612882846929,2.8856572673016903
Brazil_DUP2_farm2_field8_corn_2019,Brazil,corn,7.070390701293945,8.392306796707649,8.691955015063286
Brazil_DUP2_farm2_field9_soybean_2021,Brazil,soybean,4.81839656829834,3.826170514420016,2.8856572673016903
Brazil_DUP2_farm3_field51_wheat_2022,Brazil,wheat,3.688725233078003,5.838148924600467,7.617335578990639
Brazil_DUP2_farm3_field52_wheat_2021,Brazil,wheat,4.391141891479492,6.020945345766912,7.617335578990639
Brazil_DUP2_farm3_field53_soybean_2023,Brazil,soybean,5.06286096572876,3.5437638160184375,2.8856572673016903
Brazil_DUP2_farm3_field54_corn_2024,Brazil,corn,4.590654373168945,9.49661529882242,8.691955015063286
Brazil_DUP2_farm3_field57_corn_2023,Brazil,corn,4.143543243408203,7.483601639512965,8.691955015063286
Brazil_DUP2_farm4_field100_corn_2018,Brazil,corn,8.066573143005371,8.657082383547577,8.691955015063286
Brazil_DUP2_farm4_field101_wheat_2020,Brazil,wheat,2.5832982063293457,3.913202777624192,7.617335578990639
Brazil_DUP2_farm4_field102_soybean_2022,Brazil,soybean,3.9519989490509033,3.2193071079114697,2.8856572673016903
Brazil_DUP2_farm4_field103_corn_2024,Brazil,corn,4.048327922821045,8.227613004333731,8.691955015063286
Brazil_DUP2_farm4_field104_wheat_2020,Brazil,wheat,3.498563766479492,4.615841607779114,7.617335578990639
Brazil_DUP2_farm4_field105_soybean_2019,Brazil,soybean,3.6059067249298096,3.1388767290385657,2.8856572673016903
Brazil_DUP2_farm4_field106_soybean_2021,Brazil,soybean,5.105606555938721,3.3309205591386077,2.8856572673016903
Brazil_DUP2_farm4_field107_soybean_2023,Brazil,soybean,4.049718379974365,3.68526602749263,2.8856572673016903
Brazil_DUP2_farm4_field108_soybean_2017,Brazil,soybean,3.768929958343506,2.421124977689088,2.8856572673016903
Brazil_DUP2_farm4_field109_soybean_2018,Brazil,soybean,3.7206718921661377,3.6120048563297233,2.8856572673016903
Brazil_DUP2_farm4_field110_soybean_2021,Brazil,soybean,4.858290672302246,3.3856004798472363,2.8856572673016903
Brazil_DUP2_farm4_field111_corn_2023,Brazil,corn,6.101862907409668,7.571423327213154,8.691955015063286
Brazil_DUP2_farm4_field113_soybean_2023,Brazil,soybean,4.134476661682129,3.860117115228413,2.8856572673016903
Brazil_DUP2_farm4_field115_wheat_2020,Brazil,wheat,3.591207504272461,4.605874369545731,7.617335578990639
Brazil_DUP2_farm4_field116_wheat_2019,Brazil,wheat,3.567073106765747,6.8044932302897605,7.617335578990639
Brazil_DUP2_farm4_field117_soybean_2018,Brazil,soybean,3.9403276443481445,3.5579018574649077,2.8856572673016903
Brazil_DUP2_farm4_field118_soybean_2022,Brazil,soybean,3.843188762664795,3.421624081944227,2.8856572673016903
Brazil_DUP2_farm4_field119_wheat_2017,Brazil,wheat,3.3854188919067383,7.583481766550172,7.617335578990639
Brazil_DUP2_farm4_field120_corn_2023,Brazil,corn,6.456618309020996,7.250918458657519,8.691955015063286
Brazil_DUP2_farm4_field121_soybean_2020,Brazil,soybean,4.2171807289123535,3.7243631026885886,2.8856572673016903
Brazil_DUP2_farm4_field122_wheat_2020,Brazil,wheat,3.7642745971679688,4.780400270040773,7.617335578990639
Brazil_DUP2_farm4_field123_soybean_2017,Brazil,soybean,4.4077959060668945,2.670948467018412,2.8856572673016903
Brazil_DUP2_farm4_field124_corn_2023,Brazil,corn,7.0741448402404785,8.339993160447541,8.691955015063286
Brazil_DUP2_farm4_field125_corn_2024,Brazil,corn,3.8804118633270264,9.675107491653414,8.691955015063286
Brazil_DUP2_farm4_field126_wheat_2022,Brazil,wheat,3.669809341430664,6.081344430862416,7.617335578990639
Brazil_DUP2_farm4_field127_wheat_2017,Brazil,wheat,3.80185604095459,7.40902339131888,7.617335578990639
Brazil_DUP2_farm4_field128_soybean_2021,Brazil,soybean,4.6399688720703125,3.1625853272430504,2.8856572673016903
Brazil_DUP2_farm4_field129_corn_2024,Brazil,corn,4.312436580657959,8.885806964992616,8.691955015063286
Brazil_DUP2_farm4_field130_corn_2018,Brazil,corn,9.672872543334961,9.11869746945533,8.691955015063286
Brazil_DUP2_farm4_field131_soybean_2017,Brazil,soybean,4.456212043762207,2.644159327279233,2.8856572673016903
Brazil_DUP2_farm4_field132_soybean_2017,Brazil,soybean,3.9173684120178223,2.847110700682476,2.8856572673016903
Brazil_DUP2_farm4_field133_soybean_2021,Brazil,soybean,5.027663230895996,3.490292910153331,2.8856572673016903
Brazil_DUP2_farm4_field134_corn_2018,Brazil,corn,7.684322834014893,8.80127811920106,8.691955015063286
Brazil_DUP2_farm4_field135_corn_2024,Brazil,corn,5.696888446807861,9.081332951674355,8.691955015063286
Brazil_DUP2_farm4_field136_soybean_2023,Brazil,soybean,4.4005913734436035,3.809685722410844,2.8856572673016903
Brazil_DUP2_farm4_field137_soybean_2020,Brazil,soybean,4.189049243927002,3.712539756826036,2.8856572673016903
Brazil_DUP2_farm4_field138_corn_2023,Brazil,corn,5.728150844573975,7.3735742137583715,8.691955015063286
Brazil_DUP2_farm4_field59_corn_2018,Brazil,corn,8.507025718688965,8.696295673549649,8.691955015063286
Brazil_DUP2_farm4_field60_wheat_2019,Brazil,wheat,4.3005595207214355,6.261411881987706,7.617335578990639
Brazil_DUP2_farm4_field62_soybean_2021,Brazil,soybean,5.17777156829834,3.7068464510760952,2.8856572673016903
Brazil_DUP2_farm4_field63_soybean_2022,Brazil,soybean,4.220221042633057,3.3990436270866193,2.8856572673016903
Brazil_DUP2_farm4_field64_wheat_2022,Brazil,wheat,3.6486077308654785,5.764178326693331,7.617335578990639
Brazil_DUP2_farm4_field66_soybean_2020,Brazil,soybean,4.047950744628906,3.6289507332239994,2.8856572673016903
Brazil_DUP2_farm4_field67_soybean_2020,Brazil,soybean,4.458172798156738,3.492099131326367,2.8856572673016903
Brazil_DUP2_farm4_field68_wheat_2020,Brazil,wheat,3.552032232284546,4.745335163238278,7.617335578990639
Brazil_DUP2_farm4_field69_corn_2018,Brazil,corn,7.468730449676514,8.370786126153368,8.691955015063286
Brazil_DUP2_farm4_field70_soybean_2018,Brazil,soybean,3.7544994354248047,3.673580391974349,2.8856572673016903
Brazil_DUP2_farm4_field72_wheat_2019,Brazil,wheat,3.220424175262451,5.996031640058941,7.617335578990639
Brazil_DUP2_farm4_field73_soybean_2018,Brazil,soybean,3.584153652191162,3.573618390793431,2.8856572673016903
Brazil_DUP2_farm4_field74_wheat_2022,Brazil,wheat,3.683962345123291,5.847016775827841,7.617335578990639
Brazil_DUP2_farm4_field75_wheat_2019,Brazil,wheat,2.6822128295898438,4.795644695516772,7.617335578990639
Brazil_DUP2_farm4_field76_wheat_2019,Brazil,wheat,3.214493989944458,6.542302660751955,7.617335578990639
Brazil_DUP2_farm4_field77_corn_2023,Brazil,corn,5.764130592346191,7.099317034543205,8.691955015063286
Brazil_DUP2_farm4_field78_soybean_2018,Brazil,soybean,4.282418727874756,3.5873658894107927,2.8856572673016903
Brazil_DUP2_farm4_field79_soybean_2022,Brazil,soybean,3.9040446281433105,3.0237330375066698,2.8856572673016903
Brazil_DUP2_farm4_field80_soybean_2022,Brazil,soybean,3.7273547649383545,3.3993437869690046,2.8856572673016903
Brazil_DUP2_farm4_field81_wheat_2022,Brazil,wheat,2.811600685119629,5.650519251447343,7.617335578990639
Brazil_DUP2_farm4_field82_soybean_2019,Brazil,soybean,3.4304964542388916,3.2040838782799375,2.8856572673016903
Brazil_DUP2_farm4_field83_wheat_2020,Brazil,wheat,3.2220044136047363,4.58927435467163,7.617335578990639
Brazil_DUP2_farm4_field84_soybean_2021,Brazil,soybean,4.544684886932373,3.740085284838399,2.8856572673016903
Brazil_DUP2_farm4_field86_soybean_2019,Brazil,soybean,3.397012948989868,3.216844450799959,2.8856572673016903
Brazil_DUP2_farm4_field88_soybean_2019,Brazil,soybean,2.7837440967559814,3.0899801975150423,2.8856572673016903
Brazil_DUP2_farm4_field89_corn_2024,Brazil,corn,4.709445476531982,9.145375421532657,8.691955015063286
Brazil_DUP2_farm4_field90_wheat_2017,Brazil,wheat,3.2578036785125732,7.479404550138888,7.617335578990639
Brazil_DUP2_farm4_field91_soybean_2023,Brazil,soybean,4.112236022949219,3.842224915332271,2.8856572673016903
Brazil_DUP2_farm4_field92_soybean_2020,Brazil,soybean,4.621199131011963,3.6122051246489866,2.8856572673016903
Brazil_DUP2_farm4_field93_wheat_2019,Brazil,wheat,3.552446126937866,5.998189717153936,7.617335578990639
Brazil_DUP2_farm4_field94_soybean_2022,Brazil,soybean,4.140680313110352,3.2263619591370682,2.8856572673016903
Brazil_DUP2_farm4_field95_soybean_2019,Brazil,soybean,2.6613800525665283,3.159046121584936,2.8856572673016903
Brazil_DUP2_farm4_field96_soybean_2023,Brazil,soybean,4.474076747894287,3.6812316459059047,2.8856572673016903
Brazil_DUP2_farm4_field99_soybean_2019,Brazil,soybean,2.7837300300598145,3.2330409963354847,2.8856572673016903
Brazil_DUP2_farm5_field140_corn_2020,Brazil,corn,5.645220756530762,7.419762340652114,8.691955015063286
Brazil_DUP2_farm5_field141_soybean_2022,Brazil,soybean,4.1652512550354,3.4001330199889312,2.8856572673016903
Brazil_DUP2_farm5_field142_soybean_2021,Brazil,soybean,3.8638365268707275,3.4716717325572475,2.8856572673016903
Brazil_DUP2_farm5_field144_soybean_2022,Brazil,soybean,3.6434943675994873,3.478420454937506,2.8856572673016903
Brazil_DUP2_farm5_field145_corn_2023,Brazil,corn,6.030021667480469,9.210466917625599,8.691955015063286
Brazil_DUP2_farm5_field146_corn_2023,Brazil,corn,7.280275821685791,9.094746329207585,8.691955015063286
Brazil_DUP2_farm5_field147_corn_2019,Brazil,corn,6.883048057556152,9.25489259451286,8.691955015063286
Brazil_DUP2_farm5_field148_wheat_2023,Brazil,wheat,2.6973090171813965,6.5661955984270435,7.617335578990639
Brazil_DUP2_farm5_field149_soybean_2024,Brazil,soybean,3.9959075450897217,3.603059204052406,2.8856572673016903
Brazil_DUP2_farm5_field150_soybean_2019,Brazil,soybean,3.679835081100464,3.5815108004337612,2.8856572673016903
Brazil_DUP2_farm5_field151_soybean_2022,Brazil,soybean,4.922214031219482,3.4606777455172364,2.8856572673016903
Brazil_DUP2_farm5_field153_soybean_2018,Brazil,soybean,4.145542144775391,3.6671355688144662,2.8856572673016903
Brazil_DUP2_farm5_field154_soybean_2018,Brazil,soybean,4.283844470977783,3.415740133333401,2.8856572673016903
Brazil_DUP2_farm5_field155_soybean_2018,Brazil,soybean,4.918848037719727,3.8136791451911796,2.8856572673016903
Brazil_DUP2_farm5_field156_corn_2023,Brazil,corn,5.96615743637085,9.405775218624406,8.691955015063286
Brazil_DUP2_farm5_field158_wheat_2021,Brazil,wheat,4.698777198791504,6.352351190895043,7.617335578990639
Brazil_DUP2_farm5_field163_wheat_2023,Brazil,wheat,3.4288101196289062,5.992688896804713,7.617335578990639
Brazil_DUP2_farm5_field164_wheat_2018,Brazil,wheat,5.133892059326172,5.568328845194854,7.617335578990639
Brazil_DUP2_farm5_field165_soybean_2022,Brazil,soybean,4.083595275878906,3.6539311319449417,2.8856572673016903
Brazil_DUP2_farm5_field166_wheat_2021,Brazil,wheat,5.134653568267822,5.976345129805434,7.617335578990639
Brazil_DUP2_farm5_field167_wheat_2019,Brazil,wheat,3.5153419971466064,7.221781573230638,7.617335578990639
Brazil_DUP2_farm5_field168_soybean_2021,Brazil,soybean,4.837453842163086,3.5566929384931107,2.8856572673016903
Brazil_DUP2_farm5_field169_soybean_2024,Brazil,soybean,4.273986339569092,3.881033327885207,2.8856572673016903
Brazil_DUP2_farm5_field171_soybean_2022,Brazil,soybean,4.08617639541626,3.597575524411651,2.8856572673016903
Brazil_DUP2_farm5_field172_wheat_2023,Brazil,wheat,2.9479289054870605,4.941076056852191,7.617335578990639
Brazil_DUP2_farm5_field174_soybean_2022,Brazil,soybean,3.5553598403930664,3.3613935163256023,2.8856572673016903
Brazil_DUP2_farm5_field175_soybean_2019,Brazil,soybean,2.9326059818267822,3.7010243152663618,2.8856572673016903
Brazil_DUP2_farm5_field177_soybean_2019,Brazil,soybean,3.472752332687378,3.048211791496834,2.8856572673016903
Brazil_DUP2_farm5_field178_wheat_2021,Brazil,wheat,4.578473091125488,6.266500823074508,7.617335578990639
Brazil_DUP2_farm5_field182_wheat_2020,Brazil,wheat,2.750033378601074,6.856660854293519,7.617335578990639
Brazil_DUP2_farm5_field183_wheat_2019,Brazil,wheat,3.6881608963012695,7.249388700895101,7.617335578990639
Brazil_DUP2_farm5_field184_soybean_2019,Brazil,soybean,2.2968311309814453,2.4118742135864997,2.8856572673016903
Brazil_DUP2_farm5_field185_soybean_2021,Brazil,soybean,3.7659876346588135,3.3922849180333814,2.8856572673016903
Brazil_DUP2_farm5_field186_corn_2019,Brazil,corn,5.948436737060547,8.806515420615195,8.691955015063286
Brazil_DUP2_farm5_field187_soybean_2024,Brazil,soybean,1.5734182596206665,2.987845729554077,2.8856572673016903
Brazil_DUP2_farm5_field188_soybean_2024,Brazil,soybean,3.522783041000366,3.4225877483707126,2.8856572673016903
Brazil_DUP2_farm5_field189_soybean_2019,Brazil,soybean,3.1261260509490967,3.078562115104761,2.8856572673016903
Brazil_DUP2_farm5_field191_soybean_2024,Brazil,soybean,3.446136713027954,3.0963371174719274,2.8856572673016903
Brazil_DUP2_farm5_field192_soybean_2019,Brazil,soybean,3.6509933471679688,3.3912644523052897,2.8856572673016903
Brazil_DUP2_farm5_field193_wheat_2021,Brazil,wheat,4.115423679351807,6.080926634878008,7.617335578990639
Brazil_DUP2_farm5_field194_soybean_2022,Brazil,soybean,4.138644695281982,3.602999541891183,2.8856572673016903
Brazil_DUP2_farm5_field195_corn_2019,Brazil,corn,7.561824798583984,8.778145703156495,8.691955015063286
Brazil_DUP2_farm5_field196_soybean_2018,Brazil,soybean,4.6974897384643555,3.845415545974056,2.8856572673016903
Brazil_DUP2_farm5_field197_soybean_2022,Brazil,soybean,4.225962162017822,3.3698689355307807,2.8856572673016903
Brazil_DUP2_farm5_field198_wheat_2019,Brazil,wheat,2.922711133956909,7.127754127246806,7.617335578990639
Brazil_DUP2_farm5_field199_soybean_2021,Brazil,soybean,4.450469970703125,3.563460368238816,2.8856572673016903
Brazil_DUP2_farm5_field200_wheat_2018,Brazil,wheat,4.544558048248291,5.551642883770716,7.617335578990639
Brazil_DUP2_farm5_field201_soybean_2024,Brazil,soybean,3.561516284942627,3.699557426333829,2.8856572673016903
Brazil_DUP2_farm5_field202_soybean_2022,Brazil,soybean,2.656442880630493,2.874543591232999,2.8856572673016903
Brazil_DUP2_farm5_field203_soybean_2021,Brazil,soybean,3.7888429164886475,3.4381469537525273,2.8856572673016903
Brazil_DUP2_farm5_field204_corn_2023,Brazil,corn,8.028992652893066,9.48243947909838,8.691955015063286
Brazil_DUP2_farm5_field205_soybean_2022,Brazil,soybean,4.4321160316467285,3.8188147449759793,2.8856572673016903
Brazil_DUP2_farm5_field206_soybean_2018,Brazil,soybean,4.508299350738525,3.4063748051236384,2.8856572673016903
Brazil_DUP2_farm5_field207_wheat_2018,Brazil,wheat,4.486903667449951,5.3913280559044825,7.617335578990639
Brazil_DUP2_farm5_field208_soybean_2024,Brazil,soybean,3.7599282264709473,3.689703247443385,2.8856572673016903
Brazil_DUP2_farm5_field209_wheat_2023,Brazil,wheat,2.8677334785461426,6.1801106593603645,7.617335578990639
Brazil_DUP2_farm5_field210_wheat_2021,Brazil,wheat,3.4726107120513916,6.642619226795843,7.617335578990639
Brazil_DUP2_farm5_field211_corn_2023,Brazil,corn,5.379560947418213,8.849500701892905,8.691955015063286
Brazil_DUP2_farm5_field212_wheat_2019,Brazil,wheat,2.916748046875,7.217694664046856,7.617335578990639
Brazil_DUP2_farm5_field213_soybean_2021,Brazil,soybean,4.965591907501221,3.464241436842072,2.8856572673016903
Brazil_DUP2_farm5_field214_wheat_2023,Brazil,wheat,2.9247779846191406,7.175694596010891,7.617335578990639
Brazil_DUP2_farm5_field215_wheat_2023,Brazil,wheat,3.3485288619995117,6.5994620516702565,7.617335578990639
Brazil_DUP2_farm5_field216_soybean_2018,Brazil,soybean,3.996788263320923,3.3563420002109705,2.8856572673016903
Brazil_DUP2_farm5_field217_soybean_2021,Brazil,soybean,3.8345117568969727,3.559827395217153,2.8856572673016903
Brazil_DUP2_farm5_field218_soybean_2018,Brazil,soybean,4.720359802246094,3.915955398637299,2.8856572673016903
Brazil_DUP2_farm5_field220_soybean_2019,Brazil,soybean,2.7782371044158936,2.274594185618446,2.8856572673016903
Brazil_DUP2_farm5_field221_wheat_2021,Brazil,wheat,3.455690860748291,7.2436402571773435,7.617335578990639
Brazil_DUP2_farm5_field222_wheat_2019,Brazil,wheat,3.0183374881744385,7.000230034945027,7.617335578990639
Brazil_DUP2_farm5_field223_wheat_2023,Brazil,wheat,3.5625710487365723,7.460508811318018,7.617335578990639
Brazil_DUP2_farm5_field224_soybean_2021,Brazil,soybean,4.209628105163574,3.6222715449671323,2.8856572673016903
Brazil_DUP2_farm5_field225_wheat_2020,Brazil,wheat,2.7860212326049805,6.139778784609463,7.617335578990639
Brazil_DUP2_farm5_field226_wheat_2023,Brazil,wheat,3.3414061069488525,6.886821129427641,7.617335578990639
Brazil_DUP2_farm5_field227_soybean_2021,Brazil,soybean,4.287929534912109,3.4955523186138846,2.8856572673016903
Brazil_DUP2_farm5_field228_soybean_2019,Brazil,soybean,2.9502627849578857,3.5058110533457194,2.8856572673016903
Brazil_DUP2_farm5_field230_corn_2023,Brazil,corn,7.073121547698975,9.90136689450697,8.691955015063286
Brazil_DUP2_farm5_field231_wheat_2019,Brazil,wheat,3.8251779079437256,7.1966531154280196,7.617335578990639
Brazil_DUP2_farm5_field232_soybean_2021,Brazil,soybean,4.208657264709473,3.7281597300155607,2.8856572673016903
Brazil_DUP2_farm5_field234_soybean_2022,Brazil,soybean,3.153770923614502,2.93539809881684,2.8856572673016903
Brazil_DUP2_farm5_field235_wheat_2023,Brazil,wheat,3.5611512660980225,6.703887305367107,7.617335578990639
Brazil_DUP2_farm5_field236_corn_2023,Brazil,corn,6.019829273223877,9.127068584431939,8.691955015063286
Brazil_DUP2_farm5_field237_soybean_2022,Brazil,soybean,3.434183359146118,3.1909548249397837,2.8856572673016903
Brazil_DUP2_farm5_field238_soybean_2021,Brazil,soybean,4.45763635635376,3.582998468375992,2.8856572673016903
Brazil_DUP2_farm5_field241_soybean_2018,Brazil,soybean,4.817685604095459,3.756893034674432,2.8856572673016903
Brazil_DUP2_farm5_field242_soybean_2021,Brazil,soybean,4.9621262550354,3.6115779575978997,2.8856572673016903
Brazil_DUP2_farm5_field243_corn_2023,Brazil,corn,5.052046298980713,8.894406515223228,8.691955015063286
Brazil_DUP2_farm5_field244_soybean_2024,Brazil,soybean,3.3387627601623535,3.3959451590695324,2.8856572673016903
Brazil_DUP2_farm5_field245_wheat_2018,Brazil,wheat,3.8929238319396973,3.4667335953178533,7.617335578990639
Brazil_DUP2_farm5_field246_soybean_2021,Brazil,soybean,3.754774332046509,3.5212036990542033,2.8856572673016903
Brazil_DUP2_farm5_field247_corn_2020,Brazil,corn,8.977120399475098,8.652643207550067,8.691955015063286
Brazil_DUP2_farm5_field249_wheat_2020,Brazil,wheat,3.225674867630005,6.315547749291509,7.617335578990639
Brazil_DUP2_farm5_field251_wheat_2023,Brazil,wheat,3.002437114715576,7.5911356817595,7.617335578990639
Brazil_DUP2_farm5_field252_wheat_2020,Brazil,wheat,4.266058921813965,6.40418295582428,7.617335578990639
Brazil_DUP2_farm5_field253_soybean_2024,Brazil,soybean,4.213239669799805,3.8452838422042417,2.8856572673016903
Brazil_DUP2_farm5_field255_soybean_2019,Brazil,soybean,2.6488635540008545,2.4068060703018617,2.8856572673016903
Brazil_DUP2_farm5_field256_soybean_2018,Brazil,soybean,4.213713645935059,3.3370658317377986,2.8856572673016903
Brazil_DUP2_farm5_field257_soybean_2024,Brazil,soybean,3.613408088684082,3.8001982393927616,2.8856572673016903
Brazil_DUP2_farm5_field258_corn_2019,Brazil,corn,6.085999011993408,8.867896325284494,8.691955015063286
Brazil_DUP2_farm5_field259_soybean_2024,Brazil,soybean,3.2806758880615234,3.7295797406030498,2.8856572673016903
Brazil_DUP2_farm5_field262_corn_2020,Brazil,corn,5.332284450531006,7.077022619919152,8.691955015063286
Brazil_DUP2_farm5_field263_corn_2023,Brazil,corn,5.977324485778809,8.454439599797881,8.691955015063286
Brazil_DUP2_farm5_field264_corn_2023,Brazil,corn,7.976521015167236,9.430372754502446,8.691955015063286
Brazil_DUP2_farm5_field265_corn_2023,Brazil,corn,7.1451416015625,9.204568778303177,8.691955015063286
Brazil_DUP2_farm5_field267_wheat_2023,Brazil,wheat,2.7925150394439697,7.151704784526379,7.617335578990639
Brazil_DUP2_farm5_field268_corn_2020,Brazil,corn,6.1885271072387695,7.441722481194434,8.691955015063286
Brazil_DUP2_farm5_field269_soybean_2018,Brazil,soybean,4.034878253936768,3.209868283262522,2.8856572673016903
Brazil_DUP2_farm5_field272_soybean_2018,Brazil,soybean,4.4760637283325195,3.374276890313211,2.8856572673016903
Brazil_DUP2_farm5_field273_corn_2020,Brazil,corn,9.866704940795898,8.455163737361675,8.691955015063286
Brazil_DUP2_farm5_field274_soybean_2020,Brazil,soybean,5.064452171325684,3.5727213057225313,2.8856572673016903
Brazil_DUP2_farm5_field275_corn_2019,Brazil,corn,8.016576766967773,9.147923531683755,8.691955015063286
Brazil_DUP2_farm5_field276_soybean_2018,Brazil,soybean,4.054502010345459,3.3156189682032102,2.8856572673016903
Brazil_DUP2_farm5_field277_wheat_2018,Brazil,wheat,4.971075057983398,3.552721109407159,7.617335578990639
Brazil_DUP2_farm5_field278_wheat_2021,Brazil,wheat,3.4886765480041504,6.33192027683087,7.617335578990639
Brazil_DUP2_farm5_field279_wheat_2021,Brazil,wheat,4.966060638427734,6.649147941108277,7.617335578990639
Brazil_DUP2_farm5_field280_wheat_2018,Brazil,wheat,4.274063587188721,4.186938178119633,7.617335578990639
Brazil_DUP2_farm5_field281_soybean_2024,Brazil,soybean,3.672234058380127,3.7587569019766054,2.8856572673016903
Brazil_DUP2_farm5_field282_wheat_2018,Brazil,wheat,7.043081760406494,5.584660086601747,7.617335578990639
Brazil_DUP2_farm6_field283_corn_2023,Brazil,corn,5.31650447845459,8.478749789214389,8.691955015063286
Brazil_DUP2_farm6_field285_corn_2024,Brazil,corn,6.644068241119385,8.908440544152906,8.691955015063286
Brazil_DUP2_farm6_field286_corn_2024,Brazil,corn,8.86262321472168,8.632815386291323,8.691955015063286
Brazil_DUP2_farm6_field287_wheat_2019,Brazil,wheat,3.302617073059082,6.546117984423639,7.617335578990639
Brazil_DUP2_farm6_field288_soybean_2022,Brazil,soybean,4.33040189743042,3.9441296621033293,2.8856572673016903
Brazil_DUP2_farm6_field289_corn_2020,Brazil,corn,8.922929763793945,8.311237743948647,8.691955015063286
Brazil_DUP2_farm6_field290_corn_2023,Brazil,corn,4.23684024810791,7.644403431711879,8.691955015063286
Brazil_DUP2_farm6_field291_soybean_2020,Brazil,soybean,4.750194072723389,3.291378981016859,2.8856572673016903
Brazil_DUP2_farm6_field292_wheat_2018,Brazil,wheat,2.8290374279022217,3.203078380296702,7.617335578990639
Brazil_DUP2_farm6_field293_wheat_2021,Brazil,wheat,5.280581951141357,6.179728552551238,7.617335578990639
Brazil_DUP2_farm6_field294_wheat_2018,Brazil,wheat,4.938895225524902,4.548244532284102,7.617335578990639
Brazil_DUP2_farm6_field295_corn_2019,Brazil,corn,5.638669013977051,8.243761070158909,8.691955015063286
Brazil_DUP2_farm6_field296_soybean_2020,Brazil,soybean,4.263909339904785,3.245697221919373,2.8856572673016903
Brazil_DUP2_farm6_field298_corn_2017,Brazil,corn,7.405370712280273,8.631192243145083,8.691955015063286
Brazil_DUP2_farm6_field299_soybean_2021,Brazil,soybean,3.938308000564575,3.6362766463838474,2.8856572673016903
Brazil_DUP2_farm6_field301_wheat_2021,Brazil,wheat,4.109171390533447,6.215848395662743,7.617335578990639
Brazil_DUP2_farm6_field302_soybean_2018,Brazil,soybean,4.501225471496582,3.2462654427749955,2.8856572673016903
Brazil_DUP2_farm6_field304_soybean_2019,Brazil,soybean,2.8104407787323,3.6251328057396224,2.8856572673016903
Brazil_DUP2_farm6_field305_soybean_2023,Brazil,soybean,3.9402313232421875,3.4056379853367598,2.8856572673016903
Brazil_DUP2_farm6_field306_wheat_2022,Brazil,wheat,3.312897205352783,6.785515820482486,7.617335578990639
Brazil_DUP2_farm6_field307_soybean_2022,Brazil,soybean,4.582952976226807,3.4983229713699586,2.8856572673016903
Brazil_DUP2_farm6_field308_corn_2017,Brazil,corn,7.7548828125,8.790245182541183,8.691955015063286
Brazil_DUP2_farm6_field309_wheat_2022,Brazil,wheat,3.0413668155670166,6.901105622923278,7.617335578990639
Brazil_DUP2_farm6_field310_soybean_2022,Brazil,soybean,4.3395867347717285,3.6768037482599407,2.8856572673016903
Brazil_DUP2_farm6_field312_wheat_2021,Brazil,wheat,4.248431205749512,6.238114783226597,7.617335578990639
Brazil_DUP2_farm6_field313_soybean_2017,Brazil,soybean,4.614875793457031,3.5536805757583227,2.8856572673016903
Brazil_DUP2_farm6_field314_wheat_2018,Brazil,wheat,4.747447490692139,2.7202619695265975,7.617335578990639
Brazil_DUP2_farm6_field316_soybean_2020,Brazil,soybean,3.987001419067383,3.3468520072552588,2.8856572673016903
Brazil_DUP2_farm6_field317_soybean_2018,Brazil,soybean,4.2405924797058105,3.2969386852529055,2.8856572673016903
Brazil_DUP2_farm6_field318_soybean_2019,Brazil,soybean,3.2935357093811035,3.534348233238729,2.8856572673016903
Brazil_DUP2_farm6_field319_corn_2024,Brazil,corn,5.417327880859375,8.49924493512204,8.691955015063286
Brazil_DUP2_farm6_field320_soybean_2023,Brazil,soybean,4.606216907501221,3.659268084758537,2.8856572673016903
Brazil_DUP2_farm6_field321_wheat_2021,Brazil,wheat,5.6568074226379395,5.911613320490293,7.617335578990639
Brazil_DUP2_farm6_field322_wheat_2022,Brazil,wheat,3.570183277130127,6.017278598624121,7.617335578990639
Brazil_DUP2_farm6_field323_soybean_2017,Brazil,soybean,4.297325611114502,3.540049347208728,2.8856572673016903
Brazil_DUP2_farm6_field324_corn_2020,Brazil,corn,5.229081153869629,8.551819966770175,8.691955015063286
Brazil_DUP2_farm6_field325_wheat_2018,Brazil,wheat,2.8940229415893555,3.0752194135290454,7.617335578990639
Brazil_DUP2_farm6_field326_soybean_2023,Brazil,soybean,5.114108085632324,3.838189017670251,2.8856572673016903
Brazil_DUP2_farm6_field328_wheat_2018,Brazil,wheat,4.744672775268555,5.157765164476028,7.617335578990639
Brazil_DUP2_farm6_field329_soybean_2019,Brazil,soybean,3.988605260848999,3.7623823587951555,2.8856572673016903
Brazil_DUP2_farm6_field330_corn_2024,Brazil,corn,5.013312339782715,8.954920751156108,8.691955015063286
Brazil_DUP2_farm6_field331_wheat_2019,Brazil,wheat,4.073089122772217,5.604364603881874,7.617335578990639
Brazil_DUP2_farm6_field332_soybean_2020,Brazil,soybean,4.528463840484619,3.3367249829653978,2.8856572673016903
Brazil_DUP2_farm6_field333_soybean_2023,Brazil,soybean,5.539949417114258,3.5408940206798,2.8856572673016903
Brazil_DUP2_farm6_field334_soybean_2020,Brazil,soybean,3.682724714279175,3.2043525194039235,2.8856572673016903
Brazil_DUP2_farm6_field335_wheat_2019,Brazil,wheat,3.8059654235839844,6.178198974426491,7.617335578990639
Brazil_DUP2_farm6_field336_soybean_2018,Brazil,soybean,4.660524845123291,3.400994799766011,2.8856572673016903
Brazil_DUP2_farm6_field337_wheat_2018,Brazil,wheat,4.557914733886719,2.3505883926343634,7.617335578990639
Brazil_DUP2_farm6_field338_wheat_2018,Brazil,wheat,3.7553391456604004,2.557820061820113,7.617335578990639
Brazil_DUP2_farm6_field339_corn_2020,Brazil,corn,11.386627197265625,7.896946662540053,8.691955015063286
Brazil_DUP2_farm6_field340_soybean_2018,Brazil,soybean,4.1799750328063965,3.338967423669432,2.8856572673016903
Brazil_DUP2_farm6_field341_soybean_2018,Brazil,soybean,4.515601634979248,3.6514221627188417,2.8856572673016903
Brazil_DUP2_farm6_field342_soybean_2023,Brazil,soybean,3.7264204025268555,3.6406540331869124,2.8856572673016903
Brazil_DUP2_farm6_field343_soybean_2017,Brazil,soybean,5.014899730682373,3.6103493895827703,2.8856572673016903
Brazil_DUP2_farm6_field345_soybean_2023,Brazil,soybean,4.569785118103027,3.7000754954514923,2.8856572673016903
Brazil_DUP2_farm6_field346_soybean_2019,Brazil,soybean,3.898216485977173,3.733428539956148,2.8856572673016903
Brazil_DUP2_farm6_field347_corn_2019,Brazil,corn,6.527939319610596,8.567431836101838,8.691955015063286
Brazil_DUP2_farm6_field349_wheat_2019,Brazil,wheat,4.300729751586914,6.472895300689827,7.617335578990639
Brazil_DUP2_farm6_field351_wheat_2022,Brazil,wheat,3.8027422428131104,6.168422039030912,7.617335578990639
Brazil_DUP2_farm6_field352_soybean_2017,Brazil,soybean,4.224902153015137,3.5631960945301473,2.8856572673016903
Brazil_DUP2_farm6_field353_corn_2023,Brazil,corn,4.610418319702148,7.75434842903455,8.691955015063286
Brazil_DUP2_farm6_field354_soybean_2022,Brazil,soybean,4.1620683670043945,3.464627252362327,2.8856572673016903
Brazil_DUP2_farm6_field355_wheat_2017,Brazil,wheat,3.0669891834259033,7.239922820212601,7.617335578990639
Brazil_DUP2_farm6_field356_wheat_2021,Brazil,wheat,4.299647331237793,6.1464288776978115,7.617335578990639
Brazil_DUP2_farm6_field358_corn_2024,Brazil,corn,7.944735050201416,8.5518311028784,8.691955015063286
Brazil_DUP2_farm6_field359_wheat_2021,Brazil,wheat,6.547567367553711,6.368429460637129,7.617335578990639
Brazil_DUP2_farm6_field361_soybean_2021,Brazil,soybean,4.1926679611206055,3.7712062684942884,2.8856572673016903
Brazil_DUP2_farm6_field362_soybean_2017,Brazil,soybean,4.743152141571045,3.5013331907776584,2.8856572673016903
Brazil_DUP2_farm6_field363_wheat_2019,Brazil,wheat,3.753354787826538,6.632423679272139,7.617335578990639
Brazil_DUP2_farm6_field364_soybean_2023,Brazil,soybean,3.7096686363220215,3.736170500324491,2.8856572673016903
Brazil_DUP2_farm6_field365_wheat_2021,Brazil,wheat,4.028285980224609,6.887523173867618,7.617335578990639
Brazil_DUP2_farm6_field366_soybean_2017,Brazil,soybean,4.287249565124512,3.1431381485089522,2.8856572673016903
Brazil_DUP2_farm6_field368_soybean_2023,Brazil,soybean,4.5752177238464355,3.763209583899632,2.8856572673016903
Brazil_DUP2_farm6_field369_soybean_2017,Brazil,soybean,4.866265773773193,3.545031049355417,2.8856572673016903
Brazil_DUP2_farm6_field371_soybean_2023,Brazil,soybean,3.2868411540985107,3.735533365749296,2.8856572673016903
Brazil_DUP2_farm6_field372_corn_2020,Brazil,corn,10.143900871276855,8.589041560163832,8.691955015063286
Brazil_DUP2_farm6_field373_corn_2019,Brazil,corn,7.1012959480285645,8.301744527317126,8.691955015063286
Brazil_DUP2_farm6_field374_corn_2020,Brazil,corn,11.590108871459961,8.901583848222462,8.691955015063286
Brazil_DUP2_farm6_field375_wheat_2022,Brazil,wheat,3.8399860858917236,6.4330921371754615,7.617335578990639
Brazil_DUP2_farm6_field376_wheat_2022,Brazil,wheat,3.590993642807007,6.279408431188126,7.617335578990639
Brazil_DUP2_farm6_field377_soybean_2021,Brazil,soybean,4.079043388366699,3.582277618366551,2.8856572673016903
Brazil_DUP2_farm6_field378_corn_2023,Brazil,corn,6.051245212554932,8.267162131855818,8.691955015063286
Brazil_DUP2_farm6_field379_wheat_2022,Brazil,wheat,3.808020830154419,6.127217595218702,7.617335578990639
Brazil_DUP2_farm6_field380_corn_2024,Brazil,corn,4.286979675292969,8.189404592237489,8.691955015063286
Brazil_DUP2_farm6_field381_corn_2017,Brazil,corn,8.421371459960938,9.158026813231277,8.691955015063286
Brazil_DUP2_farm6_field382_wheat_2019,Brazil,wheat,3.7733302116394043,6.320288934205563,7.617335578990639
Brazil_DUP2_farm6_field383_soybean_2018,Brazil,soybean,4.268589973449707,3.1893622968457866,2.8856572673016903
Brazil_DUP2_farm6_field384_soybean_2017,Brazil,soybean,4.702749252319336,3.5727631294813835,2.8856572673016903
Brazil_DUP2_farm6_field385_soybean_2023,Brazil,soybean,4.831797122955322,3.2132348406990507,2.8856572673016903
Brazil_DUP2_farm6_field386_soybean_2023,Brazil,soybean,4.6777143478393555,3.6750105032712637,2.8856572673016903
Brazil_DUP2_farm6_field387_soybean_2017,Brazil,soybean,3.9966087341308594,3.5847125770473225,2.8856572673016903
Brazil_DUP2_farm6_field388_corn_2023,Brazil,corn,4.379342555999756,7.7607964909202956,8.691955015063286
Brazil_DUP2_farm6_field389_wheat_2018,Brazil,wheat,1.7740647792816162,2.963245350345245,7.617335578990639
Brazil_DUP2_farm6_field390_wheat_2022,Brazil,wheat,3.507200241088867,7.072503252281635,7.617335578990639
Brazil_DUP2_farm6_field391_soybean_2022,Brazil,soybean,4.653469562530518,3.961470366377597,2.8856572673016903
Brazil_DUP2_farm6_field392_soybean_2019,Brazil,soybean,3.5063679218292236,3.603934640755475,2.8856572673016903
Brazil_DUP2_farm6_field393_corn_2017,Brazil,corn,9.2298583984375,9.032225450978093,8.691955015063286
Brazil_DUP2_farm6_field394_soybean_2018,Brazil,soybean,4.413631916046143,3.4981194470564265,2.8856572673016903
Brazil_DUP2_farm6_field395_soybean_2020,Brazil,soybean,4.75927734375,3.3649226444048472,2.8856572673016903
Brazil_DUP2_farm6_field396_corn_2023,Brazil,corn,4.499091625213623,7.530656223558481,8.691955015063286
Brazil_DUP2_farm6_field397_corn_2020,Brazil,corn,6.844395637512207,9.420267186059316,8.691955015063286
Brazil_DUP2_farm6_field398_soybean_2019,Brazil,soybean,4.125811576843262,3.3570631429292757,2.8856572673016903
Brazil_DUP2_farm6_field399_soybean_2022,Brazil,soybean,4.777414798736572,3.8462137351413768,2.8856572673016903
Brazil_DUP2_farm6_field400_corn_2017,Brazil,corn,7.38048791885376,8.897843949501727,8.691955015063286
Brazil_DUP2_farm6_field402_corn_2020,Brazil,corn,5.578191757202148,9.378262505223349,8.691955015063286
Brazil_DUP2_farm6_field403_soybean_2020,Brazil,soybean,4.402918338775635,3.356199784534262,2.8856572673016903
Brazil_DUP2_farm6_field404_wheat_2018,Brazil,wheat,3.6524460315704346,5.186350100602345,7.617335578990639
Brazil_DUP2_farm6_field405_wheat_2018,Brazil,wheat,5.12394380569458,2.6764051970232785,7.617335578990639
Brazil_DUP2_farm6_field407_soybean_2022,Brazil,soybean,4.444711208343506,3.5672536148651512,2.8856572673016903
Brazil_DUP2_farm6_field408_corn_2019,Brazil,corn,6.854948043823242,8.546683679687485,8.691955015063286
Brazil_DUP2_farm6_field409_wheat_2021,Brazil,wheat,4.242199420928955,5.895467507150423,7.617335578990639
Brazil_DUP2_farm6_field410_corn_2020,Brazil,corn,9.976926803588867,9.017944320137099,8.691955015063286
Brazil_DUP2_farm6_field411_corn_2024,Brazil,corn,8.165376663208008,8.659011745068057,8.691955015063286
Brazil_DUP2_farm6_field413_soybean_2018,Brazil,soybean,4.2945685386657715,3.4084297168546116,2.8856572673016903
Brazil_DUP2_farm6_field414_soybean_2019,Brazil,soybean,3.609548330307007,3.7298749733926524,2.8856572673016903
Brazil_DUP2_farm6_field415_soybean_2022,Brazil,soybean,4.326964855194092,3.960804625172485,2.8856572673016903
Brazil_DUP2_farm6_field416_corn_2023,Brazil,corn,2.661848783493042,7.6363127118983645,8.691955015063286
Brazil_DUP2_farm6_field417_soybean_2018,Brazil,soybean,3.5767807960510254,3.2735235824560482,2.8856572673016903
Brazil_DUP2_farm6_field418_soybean_2021,Brazil,soybean,3.981264591217041,3.7700028361385702,2.8856572673016903
Brazil_DUP2_farm6_field419_soybean_2021,Brazil,soybean,4.081830978393555,3.5526051023207836,2.8856572673016903
Brazil_DUP2_farm6_field420_soybean_2021,Brazil,soybean,3.419915199279785,3.620853418255749,2.8856572673016903
Brazil_DUP2_farm6_field423_corn_2024,Brazil,corn,5.51885461807251,8.737739285916273,8.691955015063286
Brazil_DUP2_farm6_field424_soybean_2021,Brazil,soybean,4.107974052429199,3.6798110453583037,2.8856572673016903
Brazil_DUP2_farm6_field425_wheat_2018,Brazil,wheat,5.392672061920166,3.565710972194811,7.617335578990639
Brazil_DUP2_farm6_field426_wheat_2022,Brazil,wheat,3.245723009109497,6.728815248880165,7.617335578990639
Brazil_DUP2_farm6_field427_soybean_2018,Brazil,soybean,4.140359878540039,3.49115204768442,2.8856572673016903
Brazil_DUP2_farm6_field428_soybean_2021,Brazil,soybean,3.911285877227783,3.6784511575086873,2.8856572673016903
Brazil_DUP2_farm6_field429_corn_2023,Brazil,corn,4.479156017303467,8.451013283465326,8.691955015063286
Brazil_DUP2_farm6_field430_wheat_2019,Brazil,wheat,3.478109121322632,6.203955340144855,7.617335578990639
Brazil_DUP2_farm6_field431_wheat_2018,Brazil,wheat,2.4940881729125977,3.115869109237658,7.617335578990639
Brazil_DUP2_farm6_field432_corn_2020,Brazil,corn,7.102114677429199,8.37379146002056,8.691955015063286
Brazil_DUP2_farm6_field433_soybean_2020,Brazil,soybean,4.422533988952637,3.2980419155853795,2.8856572673016903
Brazil_DUP2_farm6_field434_soybean_2018,Brazil,soybean,4.659298419952393,3.366224667370622,2.8856572673016903
Brazil_DUP2_farm6_field437_corn_2017,Brazil,corn,7.3931756019592285,8.75582318547154,8.691955015063286
Brazil_DUP2_farm6_field438_corn_2020,Brazil,corn,11.214509963989258,8.152101187610349,8.691955015063286
Brazil_DUP2_farm6_field439_corn_2024,Brazil,corn,4.802873134613037,8.411633311695537,8.691955015063286
Brazil_DUP2_farm6_field440_corn_2023,Brazil,corn,3.6801536083221436,7.661228467130087,8.691955015063286
Brazil_DUP2_farm6_field441_soybean_2021,Brazil,soybean,3.830446481704712,3.7201478852987977,2.8856572673016903
Brazil_DUP2_farm6_field442_corn_2020,Brazil,corn,5.412701606750488,8.694423161817644,8.691955015063286
Brazil_DUP2_farm6_field444_soybean_2019,Brazil,soybean,2.5147814750671387,3.6999439926950126,2.8856572673016903
Brazil_DUP2_farm6_field445_wheat_2018,Brazil,wheat,4.153449058532715,2.4502227229170064,7.617335578990639
Brazil_DUP2_farm6_field446_corn_2017,Brazil,corn,7.504764556884766,9.046579623517632,8.691955015063286
Brazil_DUP2_farm6_field448_wheat_2022,Brazil,wheat,3.977097749710083,6.78066120395169,7.617335578990639
Brazil_DUP2_farm6_field449_wheat_2021,Brazil,wheat,5.32174015045166,6.2853976415873545,7.617335578990639
Brazil_DUP2_farm6_field450_soybean_2019,Brazil,soybean,3.5977067947387695,3.4504910377531655,2.8856572673016903
Brazil_DUP2_farm6_field451_soybean_2019,Brazil,soybean,2.73765230178833,3.419263201985982,2.8856572673016903
Brazil_DUP2_farm6_field453_wheat_2017,Brazil,wheat,2.8432838916778564,7.011178122904941,7.617335578990639
Brazil_DUP2_farm6_field454_soybean_2023,Brazil,soybean,3.861196279525757,3.6275792427246447,2.8856572673016903
Brazil_DUP2_farm6_field455_soybean_2021,Brazil,soybean,3.5795886516571045,3.8001538471520804,2.8856572673016903
Brazil_DUP2_farm6_field457_soybean_2018,Brazil,soybean,4.795234680175781,3.488049730778521,2.8856572673016903
Brazil_DUP2_farm6_field458_corn_2024,Brazil,corn,6.387229919433594,8.520725196746247,8.691955015063286
Brazil_DUP2_farm6_field459_corn_2023,Brazil,corn,3.890676736831665,7.295733158369981,8.691955015063286
Brazil_DUP2_farm6_field460_wheat_2022,Brazil,wheat,3.684356212615967,6.231875305815032,7.617335578990639
Brazil_DUP2_farm6_field461_wheat_2019,Brazil,wheat,4.069079399108887,5.618019168534822,7.617335578990639
Brazil_DUP2_farm6_field462_corn_2023,Brazil,corn,4.84932804107666,7.964861219348931,8.691955015063286
Brazil_DUP2_farm6_field463_corn_2017,Brazil,corn,7.731034755706787,8.80408771384304,8.691955015063286
Brazil_DUP2_farm6_field465_soybean_2020,Brazil,soybean,3.869234561920166,3.3128596435298543,2.8856572673016903
Brazil_DUP2_farm6_field466_wheat_2022,Brazil,wheat,4.2849531173706055,6.198832639536267,7.617335578990639
Brazil_DUP2_farm6_field468_soybean_2020,Brazil,soybean,4.734006404876709,3.3793304162583517,2.8856572673016903
Brazil_DUP2_farm6_field469_soybean_2020,Brazil,soybean,4.096224308013916,3.2561999668191404,2.8856572673016903
Brazil_DUP2_farm6_field471_soybean_2022,Brazil,soybean,4.590147495269775,3.7828535889880803,2.8856572673016903
Brazil_DUP2_farm6_field472_soybean_2021,Brazil,soybean,3.885075092315674,3.5452556849077164,2.8856572673016903
Brazil_DUP2_farm7_field476_soybean_2019,Brazil,soybean,1.9895975589752197,2.5962566706886396,2.8856572673016903
Brazil_DUP2_farm7_field477_soybean_2018,Brazil,soybean,3.641101837158203,2.176958029486296,2.8856572673016903
Brazil_DUP2_farm7_field478_soybean_2017,Brazil,soybean,3.7376205921173096,2.8155081222903657,2.8856572673016903
Brazil_DUP2_farm7_field479_soybean_2018,Brazil,soybean,2.7960479259490967,2.2205743072791426,2.8856572673016903
Brazil_DUP2_farm7_field480_soybean_2017,Brazil,soybean,3.8509411811828613,3.191140241941842,2.8856572673016903
Brazil_DUP2_farm7_field481_soybean_2019,Brazil,soybean,2.1961593627929688,2.6569691843162837,2.8856572673016903
Brazil_DUP2_farm7_field482_soybean_2019,Brazil,soybean,2.4720380306243896,2.792528115896495,2.8856572673016903
Brazil_DUP2_farm7_field483_soybean_2018,Brazil,soybean,3.681778907775879,2.1421857693376722,2.8856572673016903
Brazil_DUP2_farm7_field484_soybean_2017,Brazil,soybean,3.841712236404419,2.5515852683110163,2.8856572673016903
Brazil_DUP2_farm7_field485_soybean_2018,Brazil,soybean,3.322072744369507,2.1858572201524393,2.8856572673016903
Brazil_DUP2_farm7_field486_soybean_2019,Brazil,soybean,2.5930209159851074,2.833934646135912,2.8856572673016903
Brazil_DUP2_farm7_field487_soybean_2019,Brazil,soybean,2.331937789916992,2.5874110292568155,2.8856572673016903
Brazil_DUP2_farm7_field488_soybean_2017,Brazil,soybean,3.7681169509887695,2.9727522737036156,2.8856572673016903
Brazil_DUP2_farm7_field489_soybean_2018,Brazil,soybean,3.277639865875244,2.2162876741388353,2.8856572673016903
Brazil_DUP2_farm7_field490_soybean_2019,Brazil,soybean,1.8985341787338257,2.737286719963528,2.8856572673016903
Brazil_DUP2_farm8_field491_soybean_2024,Brazil,soybean,3.5133821964263916,3.287108217649966,2.8856572673016903
Brazil_DUP2_farm8_field492_soybean_2024,Brazil,soybean,3.412663698196411,3.3670471104638913,2.8856572673016903
Brazil_DUP2_farm8_field494_soybean_2024,Brazil,soybean,3.453852891921997,3.470493458870835,2.8856572673016903
Brazil_DUP2_farm8_field496_soybean_2024,Brazil,soybean,3.542454242706299,3.6939395028139854,2.8856572673016903
Brazil_DUP2_farm8_field497_soybean_2024,Brazil,soybean,2.2249348163604736,3.1347604486689806,2.8856572673016903
Brazil_DUP2_farm9_field499_soybean_2022,Brazil,soybean,4.085938453674316,3.6986639712424805,2.8856572673016903
Brazil_DUP2_farm9_field501_corn_2023,Brazil,corn,7.472313404083252,9.521118728977694,8.691955015063286
Brazil_DUP2_farm9_field502_soybean_2022,Brazil,soybean,4.081422328948975,3.3782111485533184,2.8856572673016903
Brazil_DUP2_farm9_field503_soybean_2017,Brazil,soybean,4.658185958862305,2.6803983852217357,2.8856572673016903
Brazil_DUP2_farm9_field504_corn_2018,Brazil,corn,6.818112373352051,7.054479525914844,8.691955015063286
Brazil_DUP2_farm9_field506_soybean_2019,Brazil,soybean,3.4094583988189697,3.164687619375197,2.8856572673016903
Brazil_DUP2_farm9_field507_soybean_2023,Brazil,soybean,4.647036075592041,3.648395072658166,2.8856572673016903
Brazil_DUP2_farm9_field508_wheat_2022,Brazil,wheat,3.2824764251708984,5.659647673991705,7.617335578990639
Brazil_DUP2_farm9_field509_soybean_2023,Brazil,soybean,3.9322071075439453,3.595996579726021,2.8856572673016903
Brazil_DUP2_farm9_field510_wheat_2020,Brazil,wheat,3.1211400032043457,4.580912416043036,7.617335578990639
Brazil_DUP2_farm9_field511_soybean_2018,Brazil,soybean,5.366738319396973,3.796968634332318,2.8856572673016903
Brazil_DUP2_farm9_field512_soybean_2022,Brazil,soybean,3.869394302368164,3.367385765641176,2.8856572673016903
Brazil_DUP2_farm9_field513_wheat_2020,Brazil,wheat,3.3240480422973633,4.467538067489032,7.617335578990639
Brazil_DUP2_farm9_field514_soybean_2018,Brazil,soybean,4.365799427032471,3.6953338864275205,2.8856572673016903
Brazil_DUP2_farm9_field516_wheat_2019,Brazil,wheat,4.619450569152832,5.905419269055705,7.617335578990639
Brazil_DUP2_farm9_field518_wheat_2023,Brazil,wheat,2.5023319721221924,6.4651605037061985,7.617335578990639
Brazil_DUP2_farm9_field519_corn_2023,Brazil,corn,7.775006294250488,9.634345021089118,8.691955015063286
Brazil_DUP2_farm9_field522_soybean_2021,Brazil,soybean,4.919950485229492,3.9019141617267703,2.8856572673016903
Brazil_DUP2_farm9_field523_soybean_2021,Brazil,soybean,5.127285480499268,3.5472698157850786,2.8856572673016903
Brazil_DUP2_farm9_field525_wheat_2020,Brazil,wheat,3.2387492656707764,5.683094879494786,7.617335578990639
Brazil_DUP2_farm9_field526_soybean_2020,Brazil,soybean,4.212741851806641,3.5348827140731904,2.8856572673016903
Brazil_DUP2_farm9_field527_soybean_2021,Brazil,soybean,4.678330898284912,3.3628298761872992,2.8856572673016903
Brazil_DUP2_farm9_field528_wheat_2023,Brazil,wheat,2.8958580493927,7.127448882778136,7.617335578990639
Brazil_DUP2_farm9_field529_soybean_2021,Brazil,soybean,5.01857328414917,3.7153331684295403,2.8856572673016903
Brazil_DUP2_farm9_field531_wheat_2019,Brazil,wheat,3.691922187805176,6.1984606739775625,7.617335578990639
Brazil_DUP2_farm9_field532_soybean_2017,Brazil,soybean,5.040933609008789,3.4834044368757096,2.8856572673016903
Brazil_DUP2_farm9_field534_soybean_2020,Brazil,soybean,4.1772661209106445,3.3312835536972534,2.8856572673016903
Brazil_DUP2_farm9_field536_soybean_2023,Brazil,soybean,4.117798805236816,3.479650203785894,2.8856572673016903
Brazil_DUP2_farm9_field537_soybean_2018,Brazil,soybean,5.001320838928223,3.7435993463300434,2.8856572673016903
Brazil_DUP2_farm9_field538_soybean_2019,Brazil,soybean,4.078145503997803,3.4665360937127128,2.8856572673016903
Brazil_DUP2_farm9_field540_wheat_2017,Brazil,wheat,2.9090940952301025,7.217252672892949,7.617335578990639
Brazil_DUP2_farm9_field541_wheat_2020,Brazil,wheat,3.5857300758361816,4.874007852116602,7.617335578990639
Brazil_DUP2_farm9_field542_soybean_2020,Brazil,soybean,4.4742631912231445,3.2937428274695546,2.8856572673016903
Brazil_DUP2_farm9_field543_wheat_2022,Brazil,wheat,3.525118589401245,5.748040456090677,7.617335578990639
Brazil_DUP2_farm9_field544_corn_2023,Brazil,corn,8.878026962280273,9.9508585475283,8.691955015063286
Brazil_DUP2_farm9_field545_soybean_2019,Brazil,soybean,3.7210769653320312,3.390127226545056,2.8856572673016903
Brazil_DUP2_farm9_field546_wheat_2022,Brazil,wheat,3.7460553646087646,6.077456223754828,7.617335578990639
Brazil_DUP2_farm9_field548_soybean_2022,Brazil,soybean,4.14058256149292,3.4224928260601217,2.8856572673016903
Brazil_DUP2_farm9_field549_wheat_2017,Brazil,wheat,2.8937792778015137,7.250637820978023,7.617335578990639
Brazil_DUP2_farm9_field550_soybean_2020,Brazil,soybean,4.2704620361328125,3.444125952623403,2.8856572673016903
Brazil_DUP2_farm9_field551_corn_2018,Brazil,corn,4.725451946258545,7.543206895246757,8.691955015063286
Germany_DUP3_farm1_field10_wheat_2016,Germany,wheat,9.957723617553711,4.303853021296008,3.915505356155336
Germany_DUP3_farm1_field12_wheat_2016,Germany,wheat,11.719118118286133,3.878357469849377,3.915505356155336
Germany_DUP3_farm1_field17_wheat_2016,Germany,wheat,8.99178695678711,4.019550424552634,3.915505356155336
Germany_DUP3_farm1_field1_wheat_2016,Germany,wheat,13.632645606994629,4.034533853451624,3.915505356155336
Germany_DUP3_farm1_field26_wheat_2017,Germany,wheat,14.288717269897461,4.258467839248475,3.915505356155336
Germany_DUP3_farm1_field28_wheat_2017,Germany,wheat,14.135701179504395,4.871162153775369,3.915505356155336
Germany_DUP3_farm1_field2_wheat_2016,Germany,wheat,11.239669799804688,4.313824156484794,3.915505356155336
Germany_DUP3_farm1_field30_wheat_2017,Germany,wheat,11.840201377868652,5.2454914091798805,3.915505356155336
Germany_DUP3_farm1_field31_wheat_2017,Germany,wheat,12.19756031036377,3.936857429010101,3.915505356155336
Germany_DUP3_farm1_field32_wheat_2017,Germany,wheat,15.226228713989258,4.177011387082375,3.915505356155336
Germany_DUP3_farm1_field33_wheat_2016,Germany,wheat,8.857559204101562,3.7705906981537773,3.915505356155336
Germany_DUP3_farm1_field34_wheat_2017,Germany,wheat,14.349177360534668,4.9901416717215215,3.915505356155336
Germany_DUP3_farm1_field35_wheat_2017,Germany,wheat,14.041878700256348,4.534863521365339,3.915505356155336
Germany_DUP3_farm1_field36_wheat_2017,Germany,wheat,13.383131980895996,5.179558980302936,3.915505356155336
Germany_DUP3_farm1_field39_wheat_2019,Germany,wheat,8.287920951843262,4.581598619736528,3.915505356155336
Germany_DUP3_farm1_field3_wheat_2016,Germany,wheat,5.83726692199707,3.988662954062467,3.915505356155336
Germany_DUP3_farm1_field40_wheat_2019,Germany,wheat,8.212130546569824,4.844005395192855,3.915505356155336
Germany_DUP3_farm1_field41_wheat_2019,Germany,wheat,9.494501113891602,4.377058183330349,3.915505356155336
Germany_DUP3_farm1_field42_wheat_2019,Germany,wheat,10.541364669799805,4.626953865261331,3.915505356155336
Germany_DUP3_farm1_field43_wheat_2016,Germany,wheat,12.243258476257324,3.495441204614846,3.915505356155336
Germany_DUP3_farm1_field44_wheat_2019,Germany,wheat,10.069598197937012,4.175761653883662,3.915505356155336
Germany_DUP3_farm1_field45_wheat_2019,Germany,wheat,8.45172119140625,4.56018145571197,3.915505356155336
Germany_DUP3_farm1_field46_wheat_2019,Germany,wheat,9.841507911682129,4.477218990087637,3.915505356155336
Germany_DUP3_farm1_field47_wheat_2019,Germany,wheat,8.80524730682373,4.307541823478755,3.915505356155336
Germany_DUP3_farm1_field48_wheat_2019,Germany,wheat,9.572940826416016,4.809464243376831,3.915505356155336
Germany_DUP3_farm1_field49_wheat_2019,Germany,wheat,7.282961368560791,3.9666882770424503,3.915505356155336
Germany_DUP3_farm1_field51_wheat_2019,Germany,wheat,10.18377685546875,4.081506802480657,3.915505356155336
Germany_DUP3_farm1_field52_wheat_2019,Germany,wheat,8.804000854492188,5.0239224869035635,3.915505356155336
Germany_DUP3_farm1_field56_wheat_2019,Germany,wheat,9.61966323852539,4.410134656601993,3.915505356155336
Germany_DUP3_farm1_field58_wheat_2019,Germany,wheat,9.27385139465332,4.568797093261803,3.915505356155336
Germany_DUP3_farm1_field59_wheat_2019,Germany,wheat,9.06311321258545,4.669472035879558,3.915505356155336
Germany_DUP3_farm1_field5_wheat_2016,Germany,wheat,8.849596977233887,3.706663464378367,3.915505356155336
Germany_DUP3_farm1_field60_wheat_2019,Germany,wheat,9.216819763183594,4.126988313945009,3.915505356155336
Germany_DUP3_farm1_field61_wheat_2019,Germany,wheat,8.98876953125,4.094958391114159,3.915505356155336
Germany_DUP3_farm1_field62_wheat_2019,Germany,wheat,8.745471000671387,4.598998081751953,3.915505356155336
Germany_DUP3_farm1_field63_wheat_2016,Germany,wheat,10.336292266845703,4.522548398276201,3.915505356155336
Germany_DUP3_farm1_field66_wheat_2016,Germany,wheat,9.202469825744629,4.151414871621016,3.915505356155336
Germany_DUP3_farm1_field6_wheat_2016,Germany,wheat,14.399621963500977,3.325909380221704,3.915505356155336
Germany_DUP3_farm1_field9_wheat_2016,Germany,wheat,12.071052551269531,4.937525786429548,3.915505356155336
Germany_DUP3_farm2_field100_wheat_2019,Germany,wheat,11.034822463989258,4.509539291958847,3.915505356155336
Germany_DUP3_farm2_field101_wheat_2020,Germany,wheat,9.733396530151367,3.609408845563264,3.915505356155336
Germany_DUP3_farm2_field102_wheat_2018,Germany,wheat,11.813826560974121,5.506712380003283,3.915505356155336
Germany_DUP3_farm2_field103_wheat_2019,Germany,wheat,9.184162139892578,4.117339296138538,3.915505356155336
Germany_DUP3_farm2_field105_wheat_2019,Germany,wheat,10.804728507995605,4.127041845970705,3.915505356155336
Germany_DUP3_farm2_field106_wheat_2016,Germany,wheat,12.917198181152344,4.616369545620955,3.915505356155336
Germany_DUP3_farm2_field107_wheat_2018,Germany,wheat,11.397112846374512,4.330184651819977,3.915505356155336
Germany_DUP3_farm2_field108_wheat_2016,Germany,wheat,9.561935424804688,5.274873821938815,3.915505356155336
Germany_DUP3_farm2_field109_wheat_2020,Germany,wheat,11.934039115905762,4.698493894322147,3.915505356155336
Germany_DUP3_farm2_field110_wheat_2018,Germany,wheat,11.642251968383789,5.533315554062173,3.915505356155336
Germany_DUP3_farm2_field111_wheat_2019,Germany,wheat,9.187273025512695,3.851918557847888,3.915505356155336
Germany_DUP3_farm2_field113_wheat_2018,Germany,wheat,7.540491104125977,3.3362137958303695,3.915505356155336
Germany_DUP3_farm2_field114_wheat_2018,Germany,wheat,7.661855220794678,3.409874314442658,3.915505356155336
Germany_DUP3_farm2_field116_wheat_2021,Germany,wheat,9.134374618530273,4.722038947365249,3.915505356155336
Germany_DUP3_farm2_field118_wheat_2019,Germany,wheat,10.211767196655273,4.137630670233852,3.915505356155336
Germany_DUP3_farm2_field120_wheat_2021,Germany,wheat,9.153983116149902,5.496273346911688,3.915505356155336
Germany_DUP3_farm2_field121_wheat_2019,Germany,wheat,9.701160430908203,4.603644648964034,3.915505356155336
Germany_DUP3_farm2_field122_wheat_2020,Germany,wheat,12.715509414672852,3.5816874951080937,3.915505356155336
Germany_DUP3_farm2_field123_wheat_2018,Germany,wheat,9.673528671264648,4.863830843495637,3.915505356155336
Germany_DUP3_farm2_field124_wheat_2018,Germany,wheat,9.662778854370117,4.851971340701594,3.915505356155336
Germany_DUP3_farm2_field126_wheat_2021,Germany,wheat,9.350444793701172,4.6124491676777355,3.915505356155336
Germany_DUP3_farm2_field127_wheat_2018,Germany,wheat,11.117989540100098,5.063483319429711,3.915505356155336
Germany_DUP3_farm2_field128_wheat_2019,Germany,wheat,8.617136001586914,3.8144503938628325,3.915505356155336
Germany_DUP3_farm2_field129_wheat_2021,Germany,wheat,9.400776863098145,3.3753210749570046,3.915505356155336
Germany_DUP3_farm2_field130_wheat_2016,Germany,wheat,12.51012134552002,5.331492630571279,3.915505356155336
Germany_DUP3_farm2_field131_wheat_2019,Germany,wheat,12.152915954589844,5.015005299393842,3.915505356155336
Germany_DUP3_farm2_field133_wheat_2019,Germany,wheat,11.12932014465332,4.59637605059164,3.915505356155336
Germany_DUP3_farm2_field134_wheat_2020,Germany,wheat,9.923567771911621,4.638958738959989,3.915505356155336
Germany_DUP3_farm2_field135_wheat_2018,Germany,wheat,9.798103332519531,4.720680603353952,3.915505356155336
Germany_DUP3_farm2_field136_wheat_2019,Germany,wheat,9.668962478637695,3.8996899395599103,3.915505356155336
Germany_DUP3_farm2_field138_wheat_2016,Germany,wheat,11.551077842712402,4.140675091994035,3.915505356155336
Germany_DUP3_farm2_field140_wheat_2019,Germany,wheat,11.686981201171875,5.287356912248214,3.915505356155336
Germany_DUP3_farm2_field141_wheat_2018,Germany,wheat,9.24760913848877,4.726766154568075,3.915505356155336
Germany_DUP3_farm2_field143_wheat_2016,Germany,wheat,13.214431762695312,5.8022424336257545,3.915505356155336
Germany_DUP3_farm2_field144_wheat_2018,Germany,wheat,10.345836639404297,4.352288610902853,3.915505356155336
Germany_DUP3_farm2_field145_wheat_2019,Germany,wheat,8.337562561035156,3.626948234933332,3.915505356155336
Germany_DUP3_farm2_field148_wheat_2019,Germany,wheat,9.216320037841797,4.169883861889782,3.915505356155336
Germany_DUP3_farm2_field150_wheat_2018,Germany,wheat,9.632355690002441,4.037916899211899,3.915505356155336
Germany_DUP3_farm2_field152_wheat_2019,Germany,wheat,9.041810989379883,3.768988095410606,3.915505356155336
Germany_DUP3_farm2_field154_wheat_2021,Germany,wheat,6.947483062744141,4.757328992180678,3.915505356155336
Germany_DUP3_farm2_field155_wheat_2018,Germany,wheat,9.663426399230957,4.539084327967046,3.915505356155336
Germany_DUP3_farm2_field158_wheat_2018,Germany,wheat,7.912439823150635,4.331070261225885,3.915505356155336
Germany_DUP3_farm2_field160_wheat_2021,Germany,wheat,7.6142191886901855,3.068237519178195,3.915505356155336
Germany_DUP3_farm2_field162_wheat_2019,Germany,wheat,8.995606422424316,4.3175031191705875,3.915505356155336
Germany_DUP3_farm2_field163_wheat_2020,Germany,wheat,9.16643238067627,3.9067560825044736,3.915505356155336
Germany_DUP3_farm2_field164_wheat_2021,Germany,wheat,8.562088012695312,5.352232132152711,3.915505356155336
Germany_DUP3_farm2_field165_wheat_2019,Germany,wheat,9.81688117980957,4.747830467728336,3.915505356155336
Germany_DUP3_farm2_field166_wheat_2020,Germany,wheat,10.155292510986328,4.698881772589601,3.915505356155336
Germany_DUP3_farm2_field167_wheat_2021,Germany,wheat,7.870834827423096,5.515961831005499,3.915505356155336
Germany_DUP3_farm2_field168_wheat_2016,Germany,wheat,12.136945724487305,3.5085878027435475,3.915505356155336
Germany_DUP3_farm2_field170_wheat_2019,Germany,wheat,12.04736042022705,5.141871221063295,3.915505356155336
Germany_DUP3_farm2_field171_wheat_2018,Germany,wheat,8.653435707092285,3.909545104154304,3.915505356155336
Germany_DUP3_farm2_field172_wheat_2018,Germany,wheat,8.650101661682129,3.9207747694848374,3.915505356155336
Germany_DUP3_farm2_field174_wheat_2021,Germany,wheat,9.295303344726562,3.9812002760717218,3.915505356155336
Germany_DUP3_farm2_field175_wheat_2021,Germany,wheat,8.070727348327637,5.182981008785623,3.915505356155336
Germany_DUP3_farm2_field181_wheat_2017,Germany,wheat,8.252382278442383,4.676638690766332,3.915505356155336
Germany_DUP3_farm2_field182_wheat_2017,Germany,wheat,10.04084587097168,4.888601991568648,3.915505356155336
Germany_DUP3_farm2_field183_wheat_2017,Germany,wheat,10.813366889953613,5.075214968392754,3.915505356155336
Germany_DUP3_farm2_field184_wheat_2017,Germany,wheat,10.332728385925293,4.90105016652101,3.915505356155336
Germany_DUP3_farm2_field185_wheat_2017,Germany,wheat,10.109529495239258,4.657973859387914,3.915505356155336
Germany_DUP3_farm2_field186_wheat_2017,Germany,wheat,10.186196327209473,4.110972609559361,3.915505356155336
Germany_DUP3_farm2_field187_wheat_2017,Germany,wheat,10.516670227050781,4.491027485748898,3.915505356155336
Germany_DUP3_farm2_field188_wheat_2017,Germany,wheat,10.036564826965332,4.670524900395747,3.915505356155336
Germany_DUP3_farm2_field189_wheat_2017,Germany,wheat,9.06041431427002,4.687691953927397,3.915505356155336
Germany_DUP3_farm2_field190_wheat_2017,Germany,wheat,9.656827926635742,4.758188403691944,3.915505356155336
Germany_DUP3_farm2_field192_wheat_2017,Germany,wheat,10.088434219360352,4.044369395678047,3.915505356155336
Germany_DUP3_farm2_field193_wheat_2017,Germany,wheat,9.512983322143555,4.069349262193673,3.915505356155336
Germany_DUP3_farm2_field195_wheat_2017,Germany,wheat,9.748300552368164,4.736208373418403,3.915505356155336
Germany_DUP3_farm2_field196_wheat_2017,Germany,wheat,8.474762916564941,4.127131892502071,3.915505356155336
Germany_DUP3_farm2_field200_wheat_2022,Germany,wheat,10.356707572937012,4.905919029243474,3.915505356155336
Germany_DUP3_farm2_field201_wheat_2022,Germany,wheat,9.38298511505127,4.608972916541347,3.915505356155336
Germany_DUP3_farm2_field203_wheat_2022,Germany,wheat,8.682621955871582,4.104830945020219,3.915505356155336
Germany_DUP3_farm2_field204_wheat_2022,Germany,wheat,9.003789901733398,4.736895443434671,3.915505356155336
Germany_DUP3_farm2_field205_wheat_2022,Germany,wheat,10.364205360412598,4.323095735504304,3.915505356155336
Germany_DUP3_farm2_field206_wheat_2022,Germany,wheat,9.041337966918945,4.5309162486604935,3.915505356155336
Germany_DUP3_farm2_field207_wheat_2022,Germany,wheat,8.667701721191406,4.163749365873596,3.915505356155336
Germany_DUP3_farm2_field210_wheat_2022,Germany,wheat,7.906435966491699,3.8182169397773102,3.915505356155336
Germany_DUP3_farm2_field211_wheat_2022,Germany,wheat,9.232195854187012,4.891299569199624,3.915505356155336
Germany_DUP3_farm2_field212_wheat_2022,Germany,wheat,7.30798864364624,4.034251482312565,3.915505356155336
Germany_DUP3_farm2_field213_wheat_2022,Germany,wheat,8.998310089111328,4.429527631140743,3.915505356155336
Germany_DUP3_farm2_field215_wheat_2022,Germany,wheat,8.970564842224121,4.349192691789013,3.915505356155336
Germany_DUP3_farm2_field218_wheat_2022,Germany,wheat,7.605777740478516,4.245237202240629,3.915505356155336
Germany_DUP3_farm2_field67_wheat_2016,Germany,wheat,10.747922897338867,5.112838348025017,3.915505356155336
Germany_DUP3_farm2_field69_wheat_2019,Germany,wheat,11.88200855255127,5.161613603083265,3.915505356155336
Germany_DUP3_farm2_field70_wheat_2020,Germany,wheat,10.264270782470703,3.402362854032632,3.915505356155336
Germany_DUP3_farm2_field71_wheat_2020,Germany,wheat,11.123003959655762,4.789378955691873,3.915505356155336
Germany_DUP3_farm2_field72_wheat_2021,Germany,wheat,7.606135368347168,5.009490069420787,3.915505356155336
Germany_DUP3_farm2_field73_wheat_2018,Germany,wheat,7.887262344360352,4.459237984413687,3.915505356155336
Germany_DUP3_farm2_field74_wheat_2020,Germany,wheat,11.002937316894531,4.806802210925931,3.915505356155336
Germany_DUP3_farm2_field75_wheat_2018,Germany,wheat,10.510272979736328,5.431058255440291,3.915505356155336
Germany_DUP3_farm2_field76_wheat_2019,Germany,wheat,10.279345512390137,4.441779315875219,3.915505356155336
Germany_DUP3_farm2_field77_wheat_2021,Germany,wheat,8.754390716552734,4.152563950612398,3.915505356155336
Germany_DUP3_farm2_field78_wheat_2016,Germany,wheat,12.60358715057373,4.839668987857723,3.915505356155336
Germany_DUP3_farm2_field80_wheat_2020,Germany,wheat,11.843796730041504,4.279494924498051,3.915505356155336
Germany_DUP3_farm2_field81_wheat_2021,Germany,wheat,8.153142929077148,3.6890861525787777,3.915505356155336
Germany_DUP3_farm2_field82_wheat_2019,Germany,wheat,9.862096786499023,4.413101879354731,3.915505356155336
Germany_DUP3_farm2_field83_wheat_2019,Germany,wheat,11.644803047180176,4.408845586765764,3.915505356155336
Germany_DUP3_farm2_field84_wheat_2019,Germany,wheat,9.371912002563477,4.672160648430894,3.915505356155336
Germany_DUP3_farm2_field85_wheat_2020,Germany,wheat,10.543076515197754,4.030885584198328,3.915505356155336
Germany_DUP3_farm2_field87_wheat_2018,Germany,wheat,9.978490829467773,5.003877390297587,3.915505356155336
Germany_DUP3_farm2_field88_wheat_2019,Germany,wheat,9.047853469848633,4.808288026196436,3.915505356155336
Germany_DUP3_farm2_field89_wheat_2018,Germany,wheat,11.040947914123535,5.237375446427411,3.915505356155336
Germany_DUP3_farm2_field90_wheat_2020,Germany,wheat,9.967060089111328,4.035843501277471,3.915505356155336
Germany_DUP3_farm2_field91_wheat_2021,Germany,wheat,7.565212726593018,3.1154124147096742,3.915505356155336
Germany_DUP3_farm2_field92_wheat_2018,Germany,wheat,7.375543117523193,4.0730539814591005,3.915505356155336
Germany_DUP3_farm2_field93_wheat_2018,Germany,wheat,7.375598907470703,4.0730539814591005,3.915505356155336
Germany_DUP3_farm2_field94_wheat_2019,Germany,wheat,9.712442398071289,4.6481933886870195,3.915505356155336
Germany_DUP3_farm2_field96_wheat_2021,Germany,wheat,8.848493576049805,4.930607945235623,3.915505356155336
Germany_DUP3_farm2_field99_wheat_2018,Germany,wheat,8.911568641662598,3.1768642793241293,3.915505356155336
Germany_DUP3_farm3_field223_wheat_2018,Germany,wheat,5.0959086418151855,4.318949713469058,3.915505356155336
Germany_DUP3_farm3_field227_wheat_2019,Germany,wheat,4.91508674621582,3.0000929489269006,3.915505356155336
Germany_DUP3_farm3_field232_wheat_2020,Germany,wheat,6.63178825378418,3.3790463572339697,3.915505356155336
Germany_DUP3_farm4_field241_wheat_2018,Germany,wheat,8.694000244140625,4.983949213993673,3.915505356155336
Germany_DUP3_farm4_field244_wheat_2019,Germany,wheat,7.964092254638672,4.942765730105199,3.915505356155336
Germany_DUP3_farm4_field252_wheat_2020,Germany,wheat,8.948681831359863,4.924781199471483,3.915505356155336
Germany_DUP3_farm4_field253_wheat_2016,Germany,wheat,11.555440902709961,4.339817094308949,3.915505356155336
Germany_DUP3_farm4_field258_wheat_2017,Germany,wheat,6.991288661956787,6.007652869460546,3.915505356155336
Germany_DUP3_farm5_field266_wheat_2020,Germany,wheat,8.4000883102417,4.109808069266668,3.915505356155336
Germany_DUP3_farm5_field268_wheat_2017,Germany,wheat,10.005956649780273,4.4048505545034775,3.915505356155336
Germany_DUP3_farm5_field274_wheat_2018,Germany,wheat,8.667335510253906,4.229461515199997,3.915505356155336
Germany_DUP3_farm5_field276_wheat_2019,Germany,wheat,7.804530143737793,4.102055641820269,3.915505356155336
Germany_DUP3_farm6_field279_wheat_2018,Germany,wheat,5.197326183319092,3.276414439775759,3.915505356155336
Germany_DUP3_farm6_field282_wheat_2019,Germany,wheat,5.941227436065674,3.836027202629307,3.915505356155336
Germany_DUP3_farm6_field286_wheat_2020,Germany,wheat,7.132682800292969,4.063487374284769,3.915505356155336
Germany_DUP3_farm6_field287_wheat_2016,Germany,wheat,7.927562236785889,4.066110436516186,3.915505356155336
Germany_DUP3_farm6_field295_wheat_2017,Germany,wheat,6.096597671508789,3.627149165336331,3.915505356155336
Uruguay_DUP4_farm10_field290_soybean_2019,Uruguay,soybean,4.082549571990967,4.090822934317791,3.793277803536326
Uruguay_DUP4_farm10_field291_soybean_2019,Uruguay,soybean,3.6286444664001465,3.2400209529753647,3.793277803536326
Uruguay_DUP4_farm10_field292_soybean_2019,Uruguay,soybean,4.163275241851807,3.946210539351462,3.793277803536326
Uruguay_DUP4_farm10_field296_soybean_2019,Uruguay,soybean,3.50614070892334,3.3750470780811628,3.793277803536326
Uruguay_DUP4_farm10_field297_soybean_2019,Uruguay,soybean,2.1943323612213135,3.424359364005662,3.793277803536326
Uruguay_DUP4_farm10_field298_soybean_2019,Uruguay,soybean,3.2545080184936523,3.158008628197476,3.793277803536326
Uruguay_DUP4_farm10_field299_soybean_2019,Uruguay,soybean,1.6587072610855103,2.869167126972838,3.793277803536326
Uruguay_DUP4_farm10_field300_soybean_2019,Uruguay,soybean,2.138275623321533,3.040054680852069,3.793277803536326
Uruguay_DUP4_farm10_field301_soybean_2019,Uruguay,soybean,3.120407819747925,4.075772229963536,3.793277803536326
Uruguay_DUP4_farm10_field302_soybean_2019,Uruguay,soybean,3.6885831356048584,3.885157036335116,3.793277803536326
Uruguay_DUP4_farm10_field303_soybean_2019,Uruguay,soybean,3.7261812686920166,4.343205712717938,3.793277803536326
Uruguay_DUP4_farm10_field305_soybean_2019,Uruguay,soybean,3.713834285736084,3.7031030579514868,3.793277803536326
Uruguay_DUP4_farm10_field306_soybean_2019,Uruguay,soybean,3.525247812271118,3.5057896936343327,3.793277803536326
Uruguay_DUP4_farm10_field307_soybean_2019,Uruguay,soybean,3.0684432983398438,3.1925170809119887,3.793277803536326
Uruguay_DUP4_farm10_field308_soybean_2019,Uruguay,soybean,1.732975959777832,3.2125856787250298,3.793277803536326
Uruguay_DUP4_farm10_field309_soybean_2019,Uruguay,soybean,3.8736040592193604,4.075181044916753,3.793277803536326
Uruguay_DUP4_farm10_field310_soybean_2019,Uruguay,soybean,2.4938011169433594,3.416893649070212,3.793277803536326
Uruguay_DUP4_farm10_field311_soybean_2019,Uruguay,soybean,3.852038860321045,4.124707582287849,3.793277803536326
Uruguay_DUP4_farm10_field312_soybean_2019,Uruguay,soybean,4.091180801391602,3.82061669290691,3.793277803536326
Uruguay_DUP4_farm10_field313_soybean_2019,Uruguay,soybean,3.9436349868774414,4.060917028358299,3.793277803536326
Uruguay_DUP4_farm10_field314_soybean_2019,Uruguay,soybean,2.1780436038970947,3.630142285992599,3.793277803536326
Uruguay_DUP4_farm10_field315_soybean_2019,Uruguay,soybean,4.44348669052124,3.763789104238395,3.793277803536326
Uruguay_DUP4_farm10_field317_soybean_2019,Uruguay,soybean,3.8928515911102295,3.66067038052832,3.793277803536326
Uruguay_DUP4_farm10_field318_soybean_2019,Uruguay,soybean,3.9589810371398926,3.865580369515507,3.793277803536326
Uruguay_DUP4_farm10_field319_soybean_2019,Uruguay,soybean,4.398415565490723,4.174109845923077,3.793277803536326
Uruguay_DUP4_farm10_field320_soybean_2019,Uruguay,soybean,4.270547389984131,3.7371560688648424,3.793277803536326
Uruguay_DUP4_farm10_field322_soybean_2019,Uruguay,soybean,4.01133394241333,3.3190762608345277,3.793277803536326
Uruguay_DUP4_farm10_field323_soybean_2019,Uruguay,soybean,3.092991590499878,3.179674885451521,3.793277803536326
Uruguay_DUP4_farm10_field324_soybean_2019,Uruguay,soybean,4.2536187171936035,3.821450885094838,3.793277803536326
Uruguay_DUP4_farm10_field326_soybean_2019,Uruguay,soybean,4.024853229522705,4.169305371995201,3.793277803536326
Uruguay_DUP4_farm10_field327_soybean_2019,Uruguay,soybean,3.781477689743042,3.9639090416278364,3.793277803536326
Uruguay_DUP4_farm10_field328_soybean_2020,Uruguay,soybean,3.276489019393921,3.6239336491977645,3.793277803536326
Uruguay_DUP4_farm10_field329_soybean_2020,Uruguay,soybean,2.9296987056732178,2.994961805722751,3.793277803536326
Uruguay_DUP4_farm10_field330_soybean_2021,Uruguay,soybean,1.5003668069839478,3.061118188308794,3.793277803536326
Uruguay_DUP4_farm10_field331_soybean_2019,Uruguay,soybean,3.3279080390930176,3.927484205902932,3.793277803536326
Uruguay_DUP4_farm10_field332_soybean_2021,Uruguay,soybean,2.3273873329162598,3.5802395773140274,3.793277803536326
Uruguay_DUP4_farm10_field333_soybean_2021,Uruguay,soybean,2.409923791885376,2.955125231517918,3.793277803536326
Uruguay_DUP4_farm10_field334_soybean_2019,Uruguay,soybean,3.4782726764678955,3.9216885551681844,3.793277803536326
Uruguay_DUP4_farm10_field335_soybean_2021,Uruguay,soybean,2.0964415073394775,2.742602287520203,3.793277803536326
Uruguay_DUP4_farm10_field336_soybean_2021,Uruguay,soybean,2.2009482383728027,2.9998956342234067,3.793277803536326
Uruguay_DUP4_farm10_field337_soybean_2021,Uruguay,soybean,2.2223963737487793,2.860855835362073,3.793277803536326
Uruguay_DUP4_farm10_field338_soybean_2021,Uruguay,soybean,1.9021694660186768,2.9263151364843942,3.793277803536326
Uruguay_DUP4_farm10_field339_soybean_2019,Uruguay,soybean,4.116392135620117,4.042334713466898,3.793277803536326
Uruguay_DUP4_farm10_field341_soybean_2019,Uruguay,soybean,4.229065418243408,3.8657460576304015,3.793277803536326
Uruguay_DUP4_farm10_field342_soybean_2021,Uruguay,soybean,0.9872077703475952,2.8615136992836754,3.793277803536326
Uruguay_DUP4_farm10_field343_soybean_2021,Uruguay,soybean,0.37174633145332336,2.9591051303195886,3.793277803536326
Uruguay_DUP4_farm10_field345_soybean_2021,Uruguay,soybean,0.6244512796401978,3.1738196152654434,3.793277803536326
Uruguay_DUP4_farm10_field346_soybean_2021,Uruguay,soybean,1.5300010442733765,2.9653387157829245,3.793277803536326
Uruguay_DUP4_farm10_field348_soybean_2021,Uruguay,soybean,2.039130210876465,2.879117088976968,3.793277803536326
Uruguay_DUP4_farm10_field349_soybean_2021,Uruguay,soybean,3.8642489910125732,3.6486675010140712,3.793277803536326
Uruguay_DUP4_farm10_field350_soybean_2021,Uruguay,soybean,1.7333228588104248,3.549221774492229,3.793277803536326
Uruguay_DUP4_farm10_field351_soybean_2021,Uruguay,soybean,1.6989418268203735,3.0858085564200755,3.793277803536326
Uruguay_DUP4_farm10_field352_soybean_2021,Uruguay,soybean,2.1372525691986084,3.4315311287306267,3.793277803536326
Uruguay_DUP4_farm10_field353_soybean_2021,Uruguay,soybean,1.6692596673965454,3.076477384156241,3.793277803536326
Uruguay_DUP4_farm10_field354_soybean_2021,Uruguay,soybean,1.6008977890014648,2.67530689406968,3.793277803536326
Uruguay_DUP4_farm10_field355_soybean_2019,Uruguay,soybean,3.871948480606079,3.7334545976584783,3.793277803536326
Uruguay_DUP4_farm10_field356_soybean_2021,Uruguay,soybean,2.50512433052063,2.856236791943016,3.793277803536326
Uruguay_DUP4_farm10_field357_soybean_2021,Uruguay,soybean,2.5322141647338867,2.7872523817065824,3.793277803536326
Uruguay_DUP4_farm10_field358_soybean_2021,Uruguay,soybean,2.3653085231781006,2.7500423218433716,3.793277803536326
Uruguay_DUP4_farm10_field359_soybean_2021,Uruguay,soybean,2.199373483657837,2.841232589105344,3.793277803536326
Uruguay_DUP4_farm10_field360_soybean_2021,Uruguay,soybean,0.9380208849906921,2.9735575519015143,3.793277803536326
Uruguay_DUP4_farm10_field361_soybean_2021,Uruguay,soybean,2.166541814804077,3.3641358034512017,3.793277803536326
Uruguay_DUP4_farm10_field363_soybean_2021,Uruguay,soybean,1.1587367057800293,2.8457691418804694,3.793277803536326
Uruguay_DUP4_farm10_field364_soybean_2018,Uruguay,soybean,1.4696505069732666,2.5978458628763574,3.793277803536326
Uruguay_DUP4_farm10_field365_soybean_2018,Uruguay,soybean,0.9161267280578613,2.8770187321960607,3.793277803536326
Uruguay_DUP4_farm10_field368_soybean_2018,Uruguay,soybean,1.9924685955047607,2.479789147269432,3.793277803536326
Uruguay_DUP4_farm10_field369_soybean_2018,Uruguay,soybean,1.1631176471710205,2.477278322138119,3.793277803536326
Uruguay_DUP4_farm10_field371_soybean_2018,Uruguay,soybean,1.4367238283157349,2.4909909393496577,3.793277803536326
Uruguay_DUP4_farm10_field372_soybean_2018,Uruguay,soybean,0.8646675944328308,2.750525029016815,3.793277803536326
Uruguay_DUP4_farm10_field374_soybean_2018,Uruguay,soybean,1.4888660907745361,3.099771820039013,3.793277803536326
Uruguay_DUP4_farm10_field375_soybean_2018,Uruguay,soybean,0.9958848357200623,2.572117866991534,3.793277803536326
Uruguay_DUP4_farm10_field378_soybean_2018,Uruguay,soybean,0.893182098865509,2.77820893166922,3.793277803536326
Uruguay_DUP4_farm10_field379_soybean_2018,Uruguay,soybean,1.7962547540664673,2.324813640110055,3.793277803536326
Uruguay_DUP4_farm10_field380_soybean_2018,Uruguay,soybean,1.0647612810134888,2.659563611765109,3.793277803536326
Uruguay_DUP4_farm10_field381_soybean_2019,Uruguay,soybean,2.8061270713806152,3.360037994334406,3.793277803536326
Uruguay_DUP4_farm10_field382_soybean_2018,Uruguay,soybean,1.5896437168121338,2.503643499202123,3.793277803536326
Uruguay_DUP4_farm10_field383_soybean_2018,Uruguay,soybean,0.7377678155899048,2.556144208508898,3.793277803536326
Uruguay_DUP4_farm10_field384_soybean_2018,Uruguay,soybean,1.1061877012252808,2.4237547316190176,3.793277803536326
Uruguay_DUP4_farm10_field385_soybean_2018,Uruguay,soybean,1.9242231845855713,2.4777998994269836,3.793277803536326
Uruguay_DUP4_farm10_field386_soybean_2018,Uruguay,soybean,1.9034382104873657,2.3194034441652924,3.793277803536326
Uruguay_DUP4_farm10_field387_soybean_2018,Uruguay,soybean,1.1194114685058594,2.262878873667815,3.793277803536326
Uruguay_DUP4_farm10_field388_soybean_2018,Uruguay,soybean,1.3364392518997192,2.7285636592656193,3.793277803536326
Uruguay_DUP4_farm10_field389_soybean_2018,Uruguay,soybean,1.3533564805984497,2.489544603799085,3.793277803536326
Uruguay_DUP4_farm10_field390_soybean_2018,Uruguay,soybean,3.5092477798461914,3.45622061522407,3.793277803536326
Uruguay_DUP4_farm10_field391_soybean_2018,Uruguay,soybean,1.507399559020996,3.4698706898079608,3.793277803536326
Uruguay_DUP4_farm10_field392_soybean_2018,Uruguay,soybean,2.4311797618865967,3.2339298293345546,3.793277803536326
Uruguay_DUP4_farm10_field393_soybean_2018,Uruguay,soybean,1.0719428062438965,2.6441426841628357,3.793277803536326
Uruguay_DUP4_farm10_field394_soybean_2018,Uruguay,soybean,1.339213252067566,2.6913825395430715,3.793277803536326
Uruguay_DUP4_farm10_field395_soybean_2019,Uruguay,soybean,2.8000290393829346,3.252165445388432,3.793277803536326
Uruguay_DUP4_farm10_field396_soybean_2018,Uruguay,soybean,3.5840401649475098,3.408212612661768,3.793277803536326
Uruguay_DUP4_farm10_field397_soybean_2018,Uruguay,soybean,1.5945593118667603,3.579943427312064,3.793277803536326
Uruguay_DUP4_farm10_field398_soybean_2018,Uruguay,soybean,0.9986316561698914,2.733862675738093,3.793277803536326
Uruguay_DUP4_farm10_field399_soybean_2018,Uruguay,soybean,1.3458727598190308,2.686336799450973,3.793277803536326
Uruguay_DUP4_farm10_field400_soybean_2018,Uruguay,soybean,1.4940292835235596,2.65244925634181,3.793277803536326
Uruguay_DUP4_farm10_field401_soybean_2018,Uruguay,soybean,1.8865536451339722,2.4191021373046637,3.793277803536326
Uruguay_DUP4_farm10_field402_soybean_2018,Uruguay,soybean,1.6694858074188232,2.6223360692323197,3.793277803536326
Uruguay_DUP4_farm10_field403_soybean_2018,Uruguay,soybean,1.040474772453308,2.7575833048561935,3.793277803536326
Uruguay_DUP4_farm10_field404_soybean_2018,Uruguay,soybean,0.9787667393684387,2.911344200976705,3.793277803536326
Uruguay_DUP4_farm10_field405_soybean_2018,Uruguay,soybean,1.1269198656082153,2.480105538196155,3.793277803536326
Uruguay_DUP4_farm10_field406_soybean_2018,Uruguay,soybean,1.3525235652923584,3.6288533782799606,3.793277803536326
Uruguay_DUP4_farm10_field407_soybean_2018,Uruguay,soybean,1.5801929235458374,2.4468894095668006,3.793277803536326
Uruguay_DUP4_farm10_field408_soybean_2018,Uruguay,soybean,1.6810129880905151,3.106915769837852,3.793277803536326
Uruguay_DUP4_farm10_field409_soybean_2018,Uruguay,soybean,1.8256875276565552,3.1705954031478587,3.793277803536326
Uruguay_DUP4_farm10_field410_soybean_2018,Uruguay,soybean,1.51240074634552,3.237678606046473,3.793277803536326
Uruguay_DUP4_farm10_field411_soybean_2018,Uruguay,soybean,2.5807313919067383,3.0966573545347083,3.793277803536326
Uruguay_DUP4_farm10_field412_soybean_2018,Uruguay,soybean,1.473449468612671,3.0002103352408307,3.793277803536326
Uruguay_DUP4_farm10_field413_soybean_2018,Uruguay,soybean,1.3091028928756714,2.511443750928212,3.793277803536326
Uruguay_DUP4_farm10_field414_soybean_2018,Uruguay,soybean,2.005251884460449,2.8549523802310963,3.793277803536326
Uruguay_DUP4_farm10_field415_soybean_2018,Uruguay,soybean,3.0556697845458984,2.4170126124090703,3.793277803536326
Uruguay_DUP4_farm10_field416_soybean_2018,Uruguay,soybean,1.698593258857727,2.6508171988774842,3.793277803536326
Uruguay_DUP4_farm10_field417_soybean_2018,Uruguay,soybean,0.6710728406906128,2.49060242405638,3.793277803536326
Uruguay_DUP4_farm10_field418_soybean_2018,Uruguay,soybean,1.3720719814300537,2.866354010233533,3.793277803536326
Uruguay_DUP4_farm10_field419_soybean_2018,Uruguay,soybean,1.1247838735580444,2.772492594641283,3.793277803536326
Uruguay_DUP4_farm10_field420_soybean_2018,Uruguay,soybean,2.0662953853607178,2.4102290759449567,3.793277803536326
Uruguay_DUP4_farm10_field421_soybean_2018,Uruguay,soybean,1.3511348962783813,2.960176910102742,3.793277803536326
Uruguay_DUP4_farm10_field423_soybean_2018,Uruguay,soybean,0.8953635096549988,2.4467745729962855,3.793277803536326
Uruguay_DUP4_farm10_field424_soybean_2018,Uruguay,soybean,1.3271102905273438,2.450404667299046,3.793277803536326
Uruguay_DUP4_farm10_field425_soybean_2018,Uruguay,soybean,0.7332263588905334,2.5625928310294626,3.793277803536326
Uruguay_DUP4_farm10_field426_soybean_2018,Uruguay,soybean,1.5512008666992188,2.4905036665150386,3.793277803536326
Uruguay_DUP4_farm10_field428_soybean_2018,Uruguay,soybean,0.5303843021392822,2.9291178345980367,3.793277803536326
Uruguay_DUP4_farm10_field429_soybean_2018,Uruguay,soybean,0.7120528221130371,2.696193596010178,3.793277803536326
Uruguay_DUP4_farm10_field430_soybean_2018,Uruguay,soybean,1.473268985748291,2.401193012501922,3.793277803536326
Uruguay_DUP4_farm10_field431_soybean_2018,Uruguay,soybean,1.746283769607544,2.250652940764713,3.793277803536326
Uruguay_DUP4_farm10_field432_soybean_2018,Uruguay,soybean,1.114410161972046,2.689841633918362,3.793277803536326
Uruguay_DUP4_farm10_field433_soybean_2018,Uruguay,soybean,1.2335832118988037,3.23538165023211,3.793277803536326
Uruguay_DUP4_farm10_field434_soybean_2018,Uruguay,soybean,0.9401230812072754,2.4095358642148765,3.793277803536326
Uruguay_DUP4_farm10_field435_soybean_2018,Uruguay,soybean,0.8434292078018188,2.609302162996444,3.793277803536326
Uruguay_DUP4_farm10_field436_soybean_2018,Uruguay,soybean,1.048107385635376,2.5344246112310795,3.793277803536326
Uruguay_DUP4_farm10_field437_soybean_2018,Uruguay,soybean,3.446382761001587,2.3529665613181665,3.793277803536326
Uruguay_DUP4_farm10_field438_soybean_2018,Uruguay,soybean,1.6951959133148193,2.529520965216605,3.793277803536326
Uruguay_DUP4_farm10_field439_soybean_2018,Uruguay,soybean,1.7029715776443481,2.8187099875282624,3.793277803536326
Uruguay_DUP4_farm10_field440_soybean_2018,Uruguay,soybean,0.5063343048095703,3.2323487543274183,3.793277803536326
Uruguay_DUP4_farm10_field441_soybean_2018,Uruguay,soybean,0.8292347192764282,2.336960169005338,3.793277803536326
Uruguay_DUP4_farm10_field442_soybean_2018,Uruguay,soybean,1.4061193466186523,2.606501993379845,3.793277803536326
Uruguay_DUP4_farm10_field443_soybean_2018,Uruguay,soybean,1.1408456563949585,2.622044379220905,3.793277803536326
Uruguay_DUP4_farm10_field444_soybean_2018,Uruguay,soybean,1.0819084644317627,2.6201733383749826,3.793277803536326
Uruguay_DUP4_farm10_field445_soybean_2018,Uruguay,soybean,1.1087545156478882,2.6356497249703374,3.793277803536326
Uruguay_DUP4_farm10_field446_soybean_2018,Uruguay,soybean,1.5359864234924316,2.523632517269355,3.793277803536326
Uruguay_DUP4_farm10_field447_soybean_2018,Uruguay,soybean,1.7503814697265625,2.4227341005668377,3.793277803536326
Uruguay_DUP4_farm10_field448_soybean_2018,Uruguay,soybean,2.49609375,2.7114235879385835,3.793277803536326
Uruguay_DUP4_farm10_field450_soybean_2018,Uruguay,soybean,2.4449782371520996,3.7831924429262442,3.793277803536326
Uruguay_DUP4_farm10_field451_soybean_2018,Uruguay,soybean,2.359250545501709,3.4884171852865165,3.793277803536326
Uruguay_DUP4_farm10_field452_soybean_2018,Uruguay,soybean,1.984431266784668,3.9796077726601653,3.793277803536326
Uruguay_DUP4_farm10_field453_soybean_2018,Uruguay,soybean,0.4928164482116699,2.765728539390121,3.793277803536326
Uruguay_DUP4_farm10_field454_soybean_2018,Uruguay,soybean,1.909615159034729,3.9686551898896245,3.793277803536326
Uruguay_DUP4_farm10_field455_soybean_2018,Uruguay,soybean,2.1973204612731934,2.5953220378616955,3.793277803536326
Uruguay_DUP4_farm10_field456_soybean_2018,Uruguay,soybean,0.8330739736557007,2.8308337681691507,3.793277803536326
Uruguay_DUP4_farm10_field457_soybean_2018,Uruguay,soybean,0.36484286189079285,2.323033266105142,3.793277803536326
Uruguay_DUP4_farm10_field458_soybean_2018,Uruguay,soybean,1.497491717338562,2.5823467504522863,3.793277803536326
Uruguay_DUP4_farm10_field459_soybean_2018,Uruguay,soybean,0.9040318131446838,2.9687331709701894,3.793277803536326
Uruguay_DUP4_farm10_field460_soybean_2018,Uruguay,soybean,1.3275463581085205,2.592408971391363,3.793277803536326
Uruguay_DUP4_farm10_field461_soybean_2018,Uruguay,soybean,1.1287587881088257,2.516649926870997,3.793277803536326
Uruguay_DUP4_farm10_field462_soybean_2018,Uruguay,soybean,1.7733575105667114,3.6793777205092013,3.793277803536326
Uruguay_DUP4_farm10_field463_soybean_2018,Uruguay,soybean,0.8389256000518799,2.4794306633096443,3.793277803536326
Uruguay_DUP4_farm10_field464_soybean_2018,Uruguay,soybean,1.0487947463989258,2.668780472568406,3.793277803536326
Uruguay_DUP4_farm10_field465_soybean_2018,Uruguay,soybean,1.1567164659500122,2.7180430776060214,3.793277803536326
Uruguay_DUP4_farm10_field467_soybean_2018,Uruguay,soybean,2.1153945922851562,3.4459887971339582,3.793277803536326
Uruguay_DUP4_farm10_field468_soybean_2018,Uruguay,soybean,3.566887378692627,3.386402528684478,3.793277803536326
Uruguay_DUP4_farm10_field469_soybean_2018,Uruguay,soybean,0.622735321521759,2.764516752310284,3.793277803536326
Uruguay_DUP4_farm10_field470_soybean_2018,Uruguay,soybean,1.1978962421417236,3.2575444233676674,3.793277803536326
Uruguay_DUP4_farm10_field471_soybean_2018,Uruguay,soybean,1.6808934211730957,2.6813513700699394,3.793277803536326
Uruguay_DUP4_farm10_field472_soybean_2018,Uruguay,soybean,2.0284948348999023,2.608610117749868,3.793277803536326
Uruguay_DUP4_farm10_field473_soybean_2018,Uruguay,soybean,1.8574634790420532,3.213136435385684,3.793277803536326
Uruguay_DUP4_farm10_field474_soybean_2018,Uruguay,soybean,2.268859624862671,3.0385586730856144,3.793277803536326
Uruguay_DUP4_farm10_field477_soybean_2018,Uruguay,soybean,0.4187958836555481,2.582139709035123,3.793277803536326
Uruguay_DUP4_farm10_field478_soybean_2018,Uruguay,soybean,0.48138704895973206,2.710755129847059,3.793277803536326
Uruguay_DUP4_farm10_field479_soybean_2018,Uruguay,soybean,0.6870454549789429,2.617630984940636,3.793277803536326
Uruguay_DUP4_farm10_field480_soybean_2018,Uruguay,soybean,0.6809248924255371,2.749125368589902,3.793277803536326
Uruguay_DUP4_farm10_field482_soybean_2018,Uruguay,soybean,0.8167766332626343,3.034102788610726,3.793277803536326
Uruguay_DUP4_farm10_field483_soybean_2018,Uruguay,soybean,0.7279146909713745,2.5787311927787515,3.793277803536326
Uruguay_DUP4_farm10_field484_soybean_2018,Uruguay,soybean,0.6426303386688232,2.2616507098303513,3.793277803536326
Uruguay_DUP4_farm10_field485_soybean_2022,Uruguay,soybean,3.229780435562134,3.994271141046723,3.793277803536326
Uruguay_DUP4_farm10_field486_soybean_2022,Uruguay,soybean,3.1260085105895996,3.774429583643436,3.793277803536326
Uruguay_DUP4_farm10_field487_soybean_2022,Uruguay,soybean,3.6383016109466553,3.8898977474512906,3.793277803536326
Uruguay_DUP4_farm10_field488_soybean_2022,Uruguay,soybean,3.5945611000061035,3.9499026956312,3.793277803536326
Uruguay_DUP4_farm10_field489_soybean_2022,Uruguay,soybean,3.016710042953491,3.456263730663403,3.793277803536326
Uruguay_DUP4_farm10_field490_soybean_2022,Uruguay,soybean,2.8497493267059326,3.68518489726795,3.793277803536326
Uruguay_DUP4_farm10_field491_soybean_2022,Uruguay,soybean,2.7328784465789795,3.9061672764039197,3.793277803536326
Uruguay_DUP4_farm10_field492_soybean_2022,Uruguay,soybean,3.2779622077941895,3.7155327810928185,3.793277803536326
Uruguay_DUP4_farm10_field493_soybean_2022,Uruguay,soybean,3.579991102218628,4.124107070074036,3.793277803536326
Uruguay_DUP4_farm10_field494_soybean_2022,Uruguay,soybean,3.261688470840454,3.3598707182742995,3.793277803536326
Uruguay_DUP4_farm10_field496_soybean_2022,Uruguay,soybean,3.6792171001434326,3.0291325397848032,3.793277803536326
Uruguay_DUP4_farm10_field497_soybean_2022,Uruguay,soybean,4.062319278717041,3.8302508207162473,3.793277803536326
Uruguay_DUP4_farm10_field498_soybean_2022,Uruguay,soybean,3.9269092082977295,3.0033405396076978,3.793277803536326
Uruguay_DUP4_farm10_field499_soybean_2022,Uruguay,soybean,2.7335948944091797,3.817775742137735,3.793277803536326
Uruguay_DUP4_farm10_field500_soybean_2022,Uruguay,soybean,3.9218876361846924,3.1217639630880947,3.793277803536326
Uruguay_DUP4_farm10_field501_soybean_2022,Uruguay,soybean,3.887279510498047,2.8939788256315064,3.793277803536326
Uruguay_DUP4_farm10_field502_soybean_2022,Uruguay,soybean,3.7089593410491943,3.5246620647998848,3.793277803536326
Uruguay_DUP4_farm10_field503_soybean_2022,Uruguay,soybean,3.9019200801849365,3.2923872532448497,3.793277803536326
Uruguay_DUP4_farm10_field504_soybean_2022,Uruguay,soybean,3.6537044048309326,3.1171412155425107,3.793277803536326
Uruguay_DUP4_farm10_field505_soybean_2022,Uruguay,soybean,2.930844306945801,2.91283465587826,3.793277803536326
Uruguay_DUP4_farm10_field506_soybean_2022,Uruguay,soybean,3.4347548484802246,2.80965816187086,3.793277803536326
Uruguay_DUP4_farm10_field507_soybean_2022,Uruguay,soybean,2.9458301067352295,2.799990776947583,3.793277803536326
Uruguay_DUP4_farm10_field508_soybean_2022,Uruguay,soybean,2.5067405700683594,3.2040854658395395,3.793277803536326
Uruguay_DUP4_farm10_field509_soybean_2022,Uruguay,soybean,2.86220121383667,3.3408478755747564,3.793277803536326
Uruguay_DUP4_farm10_field510_soybean_2022,Uruguay,soybean,3.432135820388794,3.542446598874453,3.793277803536326
Uruguay_DUP4_farm10_field511_soybean_2022,Uruguay,soybean,3.056985855102539,3.3967973893334675,3.793277803536326
Uruguay_DUP4_farm10_field512_soybean_2022,Uruguay,soybean,1.5858811140060425,3.137128426780695,3.793277803536326
Uruguay_DUP4_farm10_field513_soybean_2022,Uruguay,soybean,3.637354612350464,4.382344189161995,3.793277803536326
Uruguay_DUP4_farm10_field514_soybean_2022,Uruguay,soybean,3.943129777908325,4.238350357939247,3.793277803536326
Uruguay_DUP4_farm10_field515_soybean_2022,Uruguay,soybean,3.3605234622955322,3.407144924187297,3.793277803536326
Uruguay_DUP4_farm10_field517_soybean_2022,Uruguay,soybean,3.048469066619873,3.2889665654454294,3.793277803536326
Uruguay_DUP4_farm10_field518_soybean_2022,Uruguay,soybean,3.5301551818847656,3.5412402161009826,3.793277803536326
Uruguay_DUP4_farm10_field519_soybean_2022,Uruguay,soybean,3.1937015056610107,3.4149383695604283,3.793277803536326
Uruguay_DUP4_farm10_field521_soybean_2022,Uruguay,soybean,3.424231767654419,3.289879299820706,3.793277803536326
Uruguay_DUP4_farm10_field523_soybean_2022,Uruguay,soybean,3.157341718673706,2.8201713870516576,3.793277803536326
Uruguay_DUP4_farm10_field524_soybean_2022,Uruguay,soybean,3.5330162048339844,3.5718379770325415,3.793277803536326
Uruguay_DUP4_farm10_field525_soybean_2022,Uruguay,soybean,3.027578592300415,3.0246100172143295,3.793277803536326
Uruguay_DUP4_farm10_field526_soybean_2022,Uruguay,soybean,4.051962852478027,4.266707176764341,3.793277803536326
Uruguay_DUP4_farm10_field528_soybean_2022,Uruguay,soybean,4.355619430541992,4.072266257469911,3.793277803536326
Uruguay_DUP4_farm10_field530_soybean_2022,Uruguay,soybean,3.894965410232544,4.091559573921908,3.793277803536326
Uruguay_DUP4_farm10_field532_soybean_2022,Uruguay,soybean,3.7685468196868896,3.0226380176075898,3.793277803536326
Uruguay_DUP4_farm10_field533_soybean_2022,Uruguay,soybean,3.7230725288391113,3.4656754063482653,3.793277803536326
Uruguay_DUP4_farm10_field534_soybean_2022,Uruguay,soybean,3.587601661682129,3.5217146843431513,3.793277803536326
Uruguay_DUP4_farm10_field535_soybean_2022,Uruguay,soybean,4.212400913238525,4.127310484774608,3.793277803536326
Uruguay_DUP4_farm10_field536_soybean_2022,Uruguay,soybean,1.9375790357589722,3.109365605111247,3.793277803536326
Uruguay_DUP4_farm10_field537_soybean_2022,Uruguay,soybean,4.204598426818848,4.045110500787748,3.793277803536326
Uruguay_DUP4_farm10_field538_soybean_2022,Uruguay,soybean,3.9407358169555664,3.805677106361388,3.793277803536326
Uruguay_DUP4_farm10_field539_soybean_2022,Uruguay,soybean,4.206706523895264,4.024553125349692,3.793277803536326
Uruguay_DUP4_farm10_field540_soybean_2022,Uruguay,soybean,3.6836445331573486,3.9293058324331493,3.793277803536326
Uruguay_DUP4_farm10_field541_soybean_2022,Uruguay,soybean,3.478137731552124,2.963622918919422,3.793277803536326
Uruguay_DUP4_farm10_field542_soybean_2022,Uruguay,soybean,4.809260845184326,3.2992942605467235,3.793277803536326
Uruguay_DUP4_farm10_field544_soybean_2022,Uruguay,soybean,2.832069158554077,3.0176619795845907,3.793277803536326
Uruguay_DUP4_farm10_field545_soybean_2022,Uruguay,soybean,2.3786394596099854,2.9310627631724535,3.793277803536326
Uruguay_DUP4_farm10_field546_soybean_2022,Uruguay,soybean,2.085289478302002,2.877418333310849,3.793277803536326
Uruguay_DUP4_farm10_field548_soybean_2022,Uruguay,soybean,3.337268590927124,2.8089726013845056,3.793277803536326
Uruguay_DUP4_farm10_field549_soybean_2022,Uruguay,soybean,3.952338933944702,3.200534951902452,3.793277803536326
Uruguay_DUP4_farm10_field550_soybean_2022,Uruguay,soybean,2.455794334411621,3.025672886658299,3.793277803536326
Uruguay_DUP4_farm10_field551_soybean_2022,Uruguay,soybean,2.8317925930023193,3.710674987687103,3.793277803536326
Uruguay_DUP4_farm10_field552_soybean_2022,Uruguay,soybean,3.239609956741333,3.4836246198879808,3.793277803536326
Uruguay_DUP4_farm10_field553_soybean_2022,Uruguay,soybean,1.4870250225067139,3.1183876693975585,3.793277803536326
Uruguay_DUP4_farm10_field554_soybean_2022,Uruguay,soybean,3.0977115631103516,3.794253780829552,3.793277803536326
Uruguay_DUP4_farm10_field555_soybean_2022,Uruguay,soybean,3.3115460872650146,4.049632441217766,3.793277803536326
Uruguay_DUP4_farm10_field557_soybean_2022,Uruguay,soybean,3.8996970653533936,3.056927691631393,3.793277803536326
Uruguay_DUP4_farm10_field558_soybean_2022,Uruguay,soybean,3.6755175590515137,3.0639248373099273,3.793277803536326
Uruguay_DUP4_farm10_field559_soybean_2022,Uruguay,soybean,1.8963993787765503,3.130730851928241,3.793277803536326
Uruguay_DUP4_farm10_field560_soybean_2022,Uruguay,soybean,2.7450973987579346,3.0673393242316926,3.793277803536326
Uruguay_DUP4_farm10_field561_soybean_2019,Uruguay,soybean,3.0899553298950195,3.5145962515480145,3.793277803536326
Uruguay_DUP4_farm10_field562_soybean_2019,Uruguay,soybean,3.422498941421509,3.87614170921099,3.793277803536326
Uruguay_DUP4_farm10_field563_soybean_2019,Uruguay,soybean,3.0708811283111572,3.706699702958446,3.793277803536326
Uruguay_DUP4_farm10_field564_soybean_2019,Uruguay,soybean,3.106036424636841,3.8565746621878443,3.793277803536326
Uruguay_DUP4_farm10_field566_soybean_2019,Uruguay,soybean,3.392350435256958,4.083232495332601,3.793277803536326
Uruguay_DUP4_farm10_field567_soybean_2019,Uruguay,soybean,3.8009402751922607,3.8055599727999243,3.793277803536326
Uruguay_DUP4_farm10_field568_soybean_2019,Uruguay,soybean,2.836843967437744,3.2601773529372156,3.793277803536326
Uruguay_DUP4_farm10_field569_soybean_2019,Uruguay,soybean,2.9233009815216064,3.6860292017334015,3.793277803536326
Uruguay_DUP4_farm10_field570_soybean_2019,Uruguay,soybean,3.698925256729126,4.094163793005127,3.793277803536326
Uruguay_DUP4_farm10_field572_soybean_2019,Uruguay,soybean,3.1449480056762695,3.4877902080502663,3.793277803536326
Uruguay_DUP4_farm1_field1_soybean_2019,Uruguay,soybean,2.5400755405426025,4.154274961165589,3.793277803536326
Uruguay_DUP4_farm1_field2_soybean_2019,Uruguay,soybean,2.112488269805908,3.949929480387245,3.793277803536326
Uruguay_DUP4_farm1_field3_soybean_2019,Uruguay,soybean,2.351896286010742,4.28062052459823,3.793277803536326
Uruguay_DUP4_farm1_field4_soybean_2019,Uruguay,soybean,2.832613229751587,3.525018475286185,3.793277803536326
Uruguay_DUP4_farm2_field10_soybean_2021,Uruguay,soybean,2.5049731731414795,2.9569495227776046,3.793277803536326
Uruguay_DUP4_farm2_field11_soybean_2021,Uruguay,soybean,2.6270647048950195,2.6310211528000895,3.793277803536326
Uruguay_DUP4_farm2_field12_soybean_2021,Uruguay,soybean,2.5545618534088135,2.922781455153705,3.793277803536326
Uruguay_DUP4_farm2_field13_soybean_2021,Uruguay,soybean,2.561089038848877,2.9379558687129763,3.793277803536326
Uruguay_DUP4_farm2_field14_soybean_2021,Uruguay,soybean,2.7905771732330322,3.019125022493569,3.793277803536326
Uruguay_DUP4_farm2_field16_soybean_2021,Uruguay,soybean,2.2623517513275146,2.98885435937525,3.793277803536326
Uruguay_DUP4_farm2_field18_soybean_2021,Uruguay,soybean,1.8573393821716309,2.712582174705866,3.793277803536326
Uruguay_DUP4_farm2_field19_soybean_2021,Uruguay,soybean,3.256086826324463,2.6319669030798623,3.793277803536326
Uruguay_DUP4_farm2_field20_soybean_2021,Uruguay,soybean,2.225886821746826,2.7525917418546717,3.793277803536326
Uruguay_DUP4_farm2_field21_soybean_2021,Uruguay,soybean,2.2036850452423096,2.6354836421534786,3.793277803536326
Uruguay_DUP4_farm2_field22_soybean_2021,Uruguay,soybean,2.123849630355835,3.012139090049218,3.793277803536326
Uruguay_DUP4_farm2_field23_soybean_2021,Uruguay,soybean,1.8804655075073242,3.0789564250179753,3.793277803536326
Uruguay_DUP4_farm2_field24_soybean_2021,Uruguay,soybean,2.5994958877563477,2.857343745484587,3.793277803536326
Uruguay_DUP4_farm2_field26_soybean_2019,Uruguay,soybean,2.9249823093414307,3.863454576480418,3.793277803536326
Uruguay_DUP4_farm2_field27_soybean_2021,Uruguay,soybean,1.9300817251205444,3.0334173602166383,3.793277803536326
Uruguay_DUP4_farm2_field28_soybean_2021,Uruguay,soybean,3.532059669494629,2.8720991947232393,3.793277803536326
Uruguay_DUP4_farm2_field29_soybean_2021,Uruguay,soybean,2.0449016094207764,2.6880902558522206,3.793277803536326
Uruguay_DUP4_farm2_field30_soybean_2018,Uruguay,soybean,2.0178170204162598,2.5918304018117775,3.793277803536326
Uruguay_DUP4_farm2_field31_soybean_2018,Uruguay,soybean,2.0568480491638184,3.168771919138991,3.793277803536326
Uruguay_DUP4_farm2_field32_soybean_2018,Uruguay,soybean,0.8470730185508728,3.7570877764993864,3.793277803536326
Uruguay_DUP4_farm2_field33_soybean_2018,Uruguay,soybean,1.3993847370147705,2.8180302542977413,3.793277803536326
Uruguay_DUP4_farm2_field35_soybean_2018,Uruguay,soybean,2.6731863021850586,3.655043666308682,3.793277803536326
Uruguay_DUP4_farm2_field36_soybean_2018,Uruguay,soybean,2.0424749851226807,3.11243131755069,3.793277803536326
Uruguay_DUP4_farm2_field37_soybean_2018,Uruguay,soybean,2.537604808807373,3.7315229459852644,3.793277803536326
Uruguay_DUP4_farm2_field38_soybean_2018,Uruguay,soybean,2.1192855834960938,3.3451181142673807,3.793277803536326
Uruguay_DUP4_farm2_field39_soybean_2018,Uruguay,soybean,4.97405481338501,3.5140827856764476,3.793277803536326
Uruguay_DUP4_farm2_field40_soybean_2018,Uruguay,soybean,1.387189269065857,3.654145557984295,3.793277803536326
Uruguay_DUP4_farm2_field41_soybean_2018,Uruguay,soybean,1.6066265106201172,3.5054224571480095,3.793277803536326
Uruguay_DUP4_farm2_field42_soybean_2018,Uruguay,soybean,1.4089760780334473,3.439193934242483,3.793277803536326
Uruguay_DUP4_farm2_field43_soybean_2018,Uruguay,soybean,0.9427213072776794,2.398990392817919,3.793277803536326
Uruguay_DUP4_farm2_field44_soybean_2018,Uruguay,soybean,1.1545205116271973,3.252764328076769,3.793277803536326
Uruguay_DUP4_farm2_field45_soybean_2018,Uruguay,soybean,1.4927074909210205,2.799776735601186,3.793277803536326
Uruguay_DUP4_farm2_field47_soybean_2019,Uruguay,soybean,3.5015130043029785,3.81322263886109,3.793277803536326
Uruguay_DUP4_farm2_field48_soybean_2018,Uruguay,soybean,4.011366844177246,2.652045255675089,3.793277803536326
Uruguay_DUP4_farm2_field49_soybean_2018,Uruguay,soybean,3.1869349479675293,2.5830861644157723,3.793277803536326
Uruguay_DUP4_farm2_field50_soybean_2018,Uruguay,soybean,2.4949824810028076,3.0746545811859334,3.793277803536326
Uruguay_DUP4_farm2_field51_soybean_2018,Uruguay,soybean,1.3362756967544556,2.7240961582726753,3.793277803536326
Uruguay_DUP4_farm2_field52_soybean_2018,Uruguay,soybean,2.1035056114196777,2.5757444033285473,3.793277803536326
Uruguay_DUP4_farm2_field53_soybean_2019,Uruguay,soybean,3.7204818725585938,3.861602657329449,3.793277803536326
Uruguay_DUP4_farm2_field54_soybean_2019,Uruguay,soybean,3.783782958984375,3.567574830595722,3.793277803536326
Uruguay_DUP4_farm2_field55_soybean_2019,Uruguay,soybean,3.306467294692993,3.9754342624285783,3.793277803536326
Uruguay_DUP4_farm2_field56_soybean_2019,Uruguay,soybean,2.3298590183258057,3.117255543474645,3.793277803536326
Uruguay_DUP4_farm2_field57_soybean_2019,Uruguay,soybean,3.3203492164611816,3.379449101139617,3.793277803536326
Uruguay_DUP4_farm2_field58_soybean_2019,Uruguay,soybean,3.644150495529175,3.898580208645274,3.793277803536326
Uruguay_DUP4_farm2_field59_soybean_2019,Uruguay,soybean,2.3345770835876465,3.0148952947645284,3.793277803536326
Uruguay_DUP4_farm2_field5_soybean_2019,Uruguay,soybean,2.999135732650757,3.1400143976268025,3.793277803536326
Uruguay_DUP4_farm2_field6_soybean_2019,Uruguay,soybean,4.307119846343994,4.287625247826725,3.793277803536326
Uruguay_DUP4_farm2_field8_soybean_2019,Uruguay,soybean,3.0108213424682617,3.5040567523494914,3.793277803536326
Uruguay_DUP4_farm2_field9_soybean_2020,Uruguay,soybean,1.4275484085083008,2.9054658398373276,3.793277803536326
Uruguay_DUP4_farm3_field63_soybean_2021,Uruguay,soybean,2.579521656036377,3.0066084195435563,3.793277803536326
Uruguay_DUP4_farm3_field64_soybean_2021,Uruguay,soybean,1.741552472114563,3.031573842990066,3.793277803536326
Uruguay_DUP4_farm3_field65_soybean_2021,Uruguay,soybean,2.7726547718048096,3.866668270538222,3.793277803536326
Uruguay_DUP4_farm3_field66_soybean_2021,Uruguay,soybean,2.457805871963501,3.042930915449662,3.793277803536326
Uruguay_DUP4_farm3_field67_soybean_2021,Uruguay,soybean,2.4805383682250977,3.038684961043204,3.793277803536326
Uruguay_DUP4_farm3_field69_soybean_2019,Uruguay,soybean,3.530750274658203,3.8891149568339287,3.793277803536326
Uruguay_DUP4_farm3_field70_soybean_2019,Uruguay,soybean,3.797386646270752,3.7187033492457466,3.793277803536326
Uruguay_DUP4_farm3_field71_soybean_2019,Uruguay,soybean,2.0725479125976562,3.1626784136347714,3.793277803536326
Uruguay_DUP4_farm3_field73_soybean_2019,Uruguay,soybean,3.78401780128479,3.2660228849196575,3.793277803536326
Uruguay_DUP4_farm4_field101_soybean_2021,Uruguay,soybean,1.4951773881912231,3.2338473929384977,3.793277803536326
Uruguay_DUP4_farm4_field102_soybean_2021,Uruguay,soybean,1.437415361404419,3.170636361351817,3.793277803536326
Uruguay_DUP4_farm4_field103_soybean_2018,Uruguay,soybean,0.8594005703926086,2.6059876830966697,3.793277803536326
Uruguay_DUP4_farm4_field104_soybean_2018,Uruguay,soybean,0.5068167448043823,2.488192807530875,3.793277803536326
Uruguay_DUP4_farm4_field106_soybean_2018,Uruguay,soybean,1.0942317247390747,2.60477527586822,3.793277803536326
Uruguay_DUP4_farm4_field107_soybean_2019,Uruguay,soybean,2.461135149002075,3.09197745410737,3.793277803536326
Uruguay_DUP4_farm4_field108_soybean_2018,Uruguay,soybean,1.5913324356079102,2.65255379496136,3.793277803536326
Uruguay_DUP4_farm4_field110_soybean_2018,Uruguay,soybean,1.5798174142837524,2.6945532450651495,3.793277803536326
Uruguay_DUP4_farm4_field111_soybean_2019,Uruguay,soybean,1.5436902046203613,3.0286741193175777,3.793277803536326
Uruguay_DUP4_farm4_field112_soybean_2018,Uruguay,soybean,1.366152048110962,2.790205972926392,3.793277803536326
Uruguay_DUP4_farm4_field113_soybean_2019,Uruguay,soybean,3.8680670261383057,3.9114287047812644,3.793277803536326
Uruguay_DUP4_farm4_field114_soybean_2018,Uruguay,soybean,1.6969934701919556,2.821544799919811,3.793277803536326
Uruguay_DUP4_farm4_field115_soybean_2019,Uruguay,soybean,3.5226223468780518,4.055786440467682,3.793277803536326
Uruguay_DUP4_farm4_field116_soybean_2018,Uruguay,soybean,1.1032682657241821,2.560902128115343,3.793277803536326
Uruguay_DUP4_farm4_field117_soybean_2018,Uruguay,soybean,1.3852356672286987,3.02883314812195,3.793277803536326
Uruguay_DUP4_farm4_field118_soybean_2018,Uruguay,soybean,1.2456755638122559,2.9356093916562616,3.793277803536326
Uruguay_DUP4_farm4_field119_soybean_2018,Uruguay,soybean,1.316332459449768,3.0549649425558907,3.793277803536326
Uruguay_DUP4_farm4_field120_soybean_2019,Uruguay,soybean,3.1058461666107178,3.108331257380971,3.793277803536326
Uruguay_DUP4_farm4_field121_soybean_2018,Uruguay,soybean,0.9711331725120544,2.5972993631995744,3.793277803536326
Uruguay_DUP4_farm4_field122_soybean_2019,Uruguay,soybean,2.2885732650756836,3.022564588422833,3.793277803536326
Uruguay_DUP4_farm4_field123_soybean_2019,Uruguay,soybean,3.6124894618988037,3.73535733883634,3.793277803536326
Uruguay_DUP4_farm4_field124_soybean_2018,Uruguay,soybean,2.1739346981048584,2.582112222170367,3.793277803536326
Uruguay_DUP4_farm4_field126_soybean_2018,Uruguay,soybean,2.0706400871276855,2.6060904852705957,3.793277803536326
Uruguay_DUP4_farm4_field127_soybean_2018,Uruguay,soybean,2.17620849609375,2.6251899387248203,3.793277803536326
Uruguay_DUP4_farm4_field128_soybean_2018,Uruguay,soybean,1.3835545778274536,2.610434369050154,3.793277803536326
Uruguay_DUP4_farm4_field129_soybean_2019,Uruguay,soybean,4.022403717041016,2.9254420016906693,3.793277803536326
Uruguay_DUP4_farm4_field130_soybean_2018,Uruguay,soybean,1.2850332260131836,2.487103731831916,3.793277803536326
Uruguay_DUP4_farm4_field131_soybean_2018,Uruguay,soybean,1.9248149394989014,2.616905245270554,3.793277803536326
Uruguay_DUP4_farm4_field132_soybean_2018,Uruguay,soybean,1.5064284801483154,2.576239362146917,3.793277803536326
Uruguay_DUP4_farm4_field133_soybean_2019,Uruguay,soybean,2.932626247406006,3.6628710316978235,3.793277803536326
Uruguay_DUP4_farm4_field134_soybean_2018,Uruguay,soybean,1.612906575202942,2.463407815526894,3.793277803536326
Uruguay_DUP4_farm4_field135_soybean_2018,Uruguay,soybean,1.0516643524169922,2.678168601754101,3.793277803536326
Uruguay_DUP4_farm4_field136_soybean_2018,Uruguay,soybean,2.0383124351501465,2.701089885050891,3.793277803536326
Uruguay_DUP4_farm4_field137_soybean_2018,Uruguay,soybean,1.997859239578247,2.6319878250923585,3.793277803536326
Uruguay_DUP4_farm4_field138_soybean_2018,Uruguay,soybean,2.394808053970337,2.435217296136524,3.793277803536326
Uruguay_DUP4_farm4_field139_soybean_2018,Uruguay,soybean,2.243678092956543,2.531416699693681,3.793277803536326
Uruguay_DUP4_farm4_field140_soybean_2018,Uruguay,soybean,1.8910560607910156,2.7276372230130557,3.793277803536326
Uruguay_DUP4_farm4_field141_soybean_2018,Uruguay,soybean,1.761260986328125,2.5048768485964934,3.793277803536326
Uruguay_DUP4_farm4_field143_soybean_2018,Uruguay,soybean,0.9559074640274048,2.5817239356041184,3.793277803536326
Uruguay_DUP4_farm4_field144_soybean_2018,Uruguay,soybean,0.7427573204040527,2.547820671804802,3.793277803536326
Uruguay_DUP4_farm4_field145_soybean_2018,Uruguay,soybean,0.6671935319900513,2.552102661140498,3.793277803536326
Uruguay_DUP4_farm4_field146_soybean_2018,Uruguay,soybean,0.854717493057251,2.667869634785915,3.793277803536326
Uruguay_DUP4_farm4_field147_soybean_2019,Uruguay,soybean,4.205835819244385,3.095405475000828,3.793277803536326
Uruguay_DUP4_farm4_field148_soybean_2022,Uruguay,soybean,3.7745838165283203,3.4514623512783644,3.793277803536326
Uruguay_DUP4_farm4_field149_soybean_2022,Uruguay,soybean,4.175863742828369,2.9204293605248837,3.793277803536326
Uruguay_DUP4_farm4_field150_soybean_2022,Uruguay,soybean,2.5313994884490967,4.021337731139164,3.793277803536326
Uruguay_DUP4_farm4_field151_soybean_2022,Uruguay,soybean,3.461200475692749,3.1557655949912435,3.793277803536326
Uruguay_DUP4_farm4_field152_soybean_2022,Uruguay,soybean,3.371297836303711,3.182799135435882,3.793277803536326
Uruguay_DUP4_farm4_field153_soybean_2022,Uruguay,soybean,2.7362380027770996,2.9962469031588546,3.793277803536326
Uruguay_DUP4_farm4_field155_soybean_2022,Uruguay,soybean,2.7846148014068604,3.1591170277315435,3.793277803536326
Uruguay_DUP4_farm4_field157_soybean_2022,Uruguay,soybean,2.9556310176849365,3.7531998689105,3.793277803536326
Uruguay_DUP4_farm4_field159_soybean_2019,Uruguay,soybean,4.6957926750183105,2.876609539695808,3.793277803536326
Uruguay_DUP4_farm4_field162_soybean_2019,Uruguay,soybean,3.6859729290008545,3.294368738999874,3.793277803536326
Uruguay_DUP4_farm4_field163_soybean_2019,Uruguay,soybean,3.1600124835968018,3.7797655333136406,3.793277803536326
Uruguay_DUP4_farm4_field164_soybean_2019,Uruguay,soybean,4.004178047180176,3.81612523024581,3.793277803536326
Uruguay_DUP4_farm4_field165_soybean_2019,Uruguay,soybean,1.452063798904419,3.051830311705648,3.793277803536326
Uruguay_DUP4_farm4_field166_soybean_2019,Uruguay,soybean,3.933269739151001,4.040057277370837,3.793277803536326
Uruguay_DUP4_farm4_field168_soybean_2019,Uruguay,soybean,3.5983407497406006,2.9575468790989468,3.793277803536326
Uruguay_DUP4_farm4_field169_soybean_2019,Uruguay,soybean,4.395891189575195,2.790531788767514,3.793277803536326
Uruguay_DUP4_farm4_field74_soybean_2019,Uruguay,soybean,1.8798058032989502,3.581387775504694,3.793277803536326
Uruguay_DUP4_farm4_field75_soybean_2019,Uruguay,soybean,4.676286220550537,4.27400229632134,3.793277803536326
Uruguay_DUP4_farm4_field76_soybean_2019,Uruguay,soybean,3.76745867729187,3.899642203073423,3.793277803536326
Uruguay_DUP4_farm4_field77_soybean_2019,Uruguay,soybean,3.9755635261535645,3.7955895000745983,3.793277803536326
Uruguay_DUP4_farm4_field78_soybean_2019,Uruguay,soybean,4.19328498840332,3.814345085962508,3.793277803536326
Uruguay_DUP4_farm4_field79_soybean_2019,Uruguay,soybean,3.88887095451355,3.9160257162359424,3.793277803536326
Uruguay_DUP4_farm4_field80_soybean_2019,Uruguay,soybean,3.9741175174713135,3.935914390855061,3.793277803536326
Uruguay_DUP4_farm4_field81_soybean_2019,Uruguay,soybean,3.986018419265747,3.9677321026152073,3.793277803536326
Uruguay_DUP4_farm4_field82_soybean_2019,Uruguay,soybean,3.6697795391082764,3.7923988068743726,3.793277803536326
Uruguay_DUP4_farm4_field83_soybean_2019,Uruguay,soybean,4.046384811401367,3.8500436803783784,3.793277803536326
Uruguay_DUP4_farm4_field84_soybean_2021,Uruguay,soybean,1.6399482488632202,3.107464898422908,3.793277803536326
Uruguay_DUP4_farm4_field85_soybean_2021,Uruguay,soybean,1.4826231002807617,3.1557366805157763,3.793277803536326
Uruguay_DUP4_farm4_field86_soybean_2021,Uruguay,soybean,1.502111792564392,2.797711865282961,3.793277803536326
Uruguay_DUP4_farm4_field87_soybean_2021,Uruguay,soybean,1.0423465967178345,3.074462458482379,3.793277803536326
Uruguay_DUP4_farm4_field88_soybean_2021,Uruguay,soybean,1.6190932989120483,3.1984556365867887,3.793277803536326
Uruguay_DUP4_farm4_field89_soybean_2021,Uruguay,soybean,1.9347290992736816,3.192781369246837,3.793277803536326
Uruguay_DUP4_farm4_field90_soybean_2021,Uruguay,soybean,1.7584187984466553,3.222715740494765,3.793277803536326
Uruguay_DUP4_farm4_field91_soybean_2021,Uruguay,soybean,1.702459454536438,3.105769937401675,3.793277803536326
Uruguay_DUP4_farm4_field92_soybean_2021,Uruguay,soybean,1.826322317123413,2.952990323167152,3.793277803536326
Uruguay_DUP4_farm4_field94_soybean_2021,Uruguay,soybean,2.57528018951416,2.9669719251023965,3.793277803536326
Uruguay_DUP4_farm4_field95_soybean_2021,Uruguay,soybean,3.534101724624634,3.068865883100801,3.793277803536326
Uruguay_DUP4_farm4_field96_soybean_2021,Uruguay,soybean,2.4069812297821045,3.139906460376926,3.793277803536326
Uruguay_DUP4_farm4_field97_soybean_2021,Uruguay,soybean,1.2144668102264404,2.9099657543937765,3.793277803536326
Uruguay_DUP4_farm4_field98_soybean_2021,Uruguay,soybean,1.243234634399414,3.0138790114377314,3.793277803536326
Uruguay_DUP4_farm4_field99_soybean_2021,Uruguay,soybean,1.6825767755508423,2.8588497755429834,3.793277803536326
Uruguay_DUP4_farm5_field171_soybean_2019,Uruguay,soybean,2.184025526046753,3.015080896462994,3.793277803536326
Uruguay_DUP4_farm5_field173_soybean_2019,Uruguay,soybean,2.6117820739746094,3.910387566619334,3.793277803536326
Uruguay_DUP4_farm6_field174_soybean_2019,Uruguay,soybean,2.2168068885803223,3.0251637605586756,3.793277803536326
Uruguay_DUP4_farm7_field175_soybean_2019,Uruguay,soybean,2.660769462585449,3.5254393017288352,3.793277803536326
Uruguay_DUP4_farm7_field176_soybean_2020,Uruguay,soybean,3.610421657562256,3.7702050025560134,3.793277803536326
Uruguay_DUP4_farm7_field177_soybean_2020,Uruguay,soybean,2.7052714824676514,3.5677763910728872,3.793277803536326
Uruguay_DUP4_farm7_field178_soybean_2020,Uruguay,soybean,1.852871060371399,3.036613929814146,3.793277803536326
Uruguay_DUP4_farm7_field179_soybean_2020,Uruguay,soybean,2.2249791622161865,3.142531971861186,3.793277803536326
Uruguay_DUP4_farm7_field180_soybean_2020,Uruguay,soybean,3.191859006881714,3.3240369913424423,3.793277803536326
Uruguay_DUP4_farm7_field181_soybean_2020,Uruguay,soybean,3.053795099258423,3.497320758556965,3.793277803536326
Uruguay_DUP4_farm7_field182_soybean_2020,Uruguay,soybean,3.28501033782959,3.8341028443652476,3.793277803536326
Uruguay_DUP4_farm7_field183_soybean_2020,Uruguay,soybean,3.2739856243133545,3.632865765260945,3.793277803536326
Uruguay_DUP4_farm7_field184_soybean_2020,Uruguay,soybean,3.4928157329559326,3.863955184207112,3.793277803536326
Uruguay_DUP4_farm7_field185_soybean_2018,Uruguay,soybean,3.513538360595703,2.5390237241386426,3.793277803536326
Uruguay_DUP4_farm7_field186_soybean_2018,Uruguay,soybean,4.6075897216796875,3.042846523299672,3.793277803536326
Uruguay_DUP4_farm7_field187_soybean_2018,Uruguay,soybean,1.2098259925842285,2.889944387006352,3.793277803536326
Uruguay_DUP4_farm7_field188_soybean_2018,Uruguay,soybean,4.035690784454346,2.557723258980481,3.793277803536326
Uruguay_DUP4_farm7_field189_soybean_2018,Uruguay,soybean,1.6689718961715698,2.9085132300820735,3.793277803536326
Uruguay_DUP4_farm7_field190_soybean_2018,Uruguay,soybean,1.6221749782562256,2.874195503593949,3.793277803536326
Uruguay_DUP4_farm7_field191_soybean_2018,Uruguay,soybean,2.7964413166046143,2.836431578655298,3.793277803536326
Uruguay_DUP4_farm7_field192_soybean_2018,Uruguay,soybean,1.4842650890350342,2.8303230969774997,3.793277803536326
Uruguay_DUP4_farm7_field193_soybean_2018,Uruguay,soybean,3.867628335952759,2.680709065906277,3.793277803536326
Uruguay_DUP4_farm7_field194_soybean_2018,Uruguay,soybean,1.3293033838272095,2.7988437956380476,3.793277803536326
Uruguay_DUP4_farm7_field197_soybean_2018,Uruguay,soybean,2.2386724948883057,3.060563296374328,3.793277803536326
Uruguay_DUP4_farm7_field198_soybean_2018,Uruguay,soybean,1.6572648286819458,3.0674749803402537,3.793277803536326
Uruguay_DUP4_farm7_field199_soybean_2018,Uruguay,soybean,2.712717056274414,2.8504057320878595,3.793277803536326
Uruguay_DUP4_farm7_field200_soybean_2018,Uruguay,soybean,2.1160500049591064,2.943981974849976,3.793277803536326
Uruguay_DUP4_farm7_field201_soybean_2018,Uruguay,soybean,1.834276556968689,2.8681859443076694,3.793277803536326
Uruguay_DUP4_farm7_field202_soybean_2018,Uruguay,soybean,1.9077701568603516,2.883468570101015,3.793277803536326
Uruguay_DUP4_farm7_field203_soybean_2018,Uruguay,soybean,5.356112957000732,2.777658523337964,3.793277803536326
Uruguay_DUP4_farm7_field204_soybean_2018,Uruguay,soybean,1.3491686582565308,2.5526087810013753,3.793277803536326
Uruguay_DUP4_farm7_field205_soybean_2018,Uruguay,soybean,1.1371465921401978,2.8294601287500023,3.793277803536326
Uruguay_DUP4_farm7_field206_soybean_2018,Uruguay,soybean,1.7839241027832031,2.8612727566959504,3.793277803536326
Uruguay_DUP4_farm7_field207_soybean_2018,Uruguay,soybean,1.8242532014846802,3.431536736159556,3.793277803536326
Uruguay_DUP4_farm7_field208_soybean_2018,Uruguay,soybean,1.3808342218399048,2.919866911633536,3.793277803536326
Uruguay_DUP4_farm7_field209_soybean_2018,Uruguay,soybean,1.529417634010315,3.056889063429829,3.793277803536326
Uruguay_DUP4_farm7_field210_soybean_2018,Uruguay,soybean,1.7316771745681763,2.9185218025811577,3.793277803536326
Uruguay_DUP4_farm7_field211_soybean_2018,Uruguay,soybean,1.0793153047561646,2.7642900684760807,3.793277803536326
Uruguay_DUP4_farm7_field212_soybean_2018,Uruguay,soybean,1.7255641222000122,2.491466560534935,3.793277803536326
Uruguay_DUP4_farm7_field213_soybean_2018,Uruguay,soybean,1.3029836416244507,2.4195093071607707,3.793277803536326
Uruguay_DUP4_farm7_field216_soybean_2018,Uruguay,soybean,1.0417062044143677,2.733534474334442,3.793277803536326
Uruguay_DUP4_farm7_field217_soybean_2018,Uruguay,soybean,0.8240219950675964,2.422750651489839,3.793277803536326
Uruguay_DUP4_farm7_field218_soybean_2018,Uruguay,soybean,0.6391227841377258,2.5764879523239106,3.793277803536326
Uruguay_DUP4_farm7_field219_soybean_2018,Uruguay,soybean,2.2567059993743896,2.3696114547107197,3.793277803536326
Uruguay_DUP4_farm7_field221_soybean_2018,Uruguay,soybean,0.8474383354187012,3.1282342804307985,3.793277803536326
Uruguay_DUP4_farm7_field222_soybean_2019,Uruguay,soybean,3.362981081008911,3.585859373450228,3.793277803536326
Uruguay_DUP4_farm7_field223_soybean_2019,Uruguay,soybean,3.789900779724121,3.80525516396302,3.793277803536326
Uruguay_DUP4_farm7_field224_soybean_2019,Uruguay,soybean,3.400581121444702,3.3914582145788708,3.793277803536326
Uruguay_DUP4_farm7_field225_soybean_2019,Uruguay,soybean,4.352810859680176,3.96610045005365,3.793277803536326
Uruguay_DUP4_farm7_field226_soybean_2019,Uruguay,soybean,3.109001398086548,3.860305360634332,3.793277803536326
Uruguay_DUP4_farm7_field228_soybean_2019,Uruguay,soybean,3.153386116027832,3.973520231317136,3.793277803536326
Uruguay_DUP4_farm7_field229_soybean_2019,Uruguay,soybean,3.2079055309295654,3.6976638826178587,3.793277803536326
Uruguay_DUP4_farm7_field230_soybean_2019,Uruguay,soybean,2.0014703273773193,2.878105221403162,3.793277803536326
Uruguay_DUP4_farm7_field231_soybean_2019,Uruguay,soybean,2.718848943710327,2.975318969514781,3.793277803536326
Uruguay_DUP4_farm7_field232_soybean_2019,Uruguay,soybean,2.5719974040985107,3.506202031156796,3.793277803536326
Uruguay_DUP4_farm7_field233_soybean_2019,Uruguay,soybean,3.741726875305176,3.763423984205239,3.793277803536326
Uruguay_DUP4_farm8_field234_soybean_2019,Uruguay,soybean,4.967931747436523,4.259104121519536,3.793277803536326
Uruguay_DUP4_farm8_field236_soybean_2019,Uruguay,soybean,3.987804651260376,4.219595686543089,3.793277803536326
Uruguay_DUP4_farm8_field238_soybean_2019,Uruguay,soybean,2.487940788269043,3.261802937302992,3.793277803536326
Uruguay_DUP4_farm8_field239_soybean_2019,Uruguay,soybean,2.7771239280700684,3.350332061130522,3.793277803536326
Uruguay_DUP4_farm8_field240_soybean_2019,Uruguay,soybean,2.7015137672424316,3.2990545737284718,3.793277803536326
Uruguay_DUP4_farm8_field241_soybean_2019,Uruguay,soybean,2.5047574043273926,3.220722261008685,3.793277803536326
Uruguay_DUP4_farm8_field242_soybean_2019,Uruguay,soybean,4.200459957122803,4.318346989152797,3.793277803536326
Uruguay_DUP4_farm8_field243_soybean_2019,Uruguay,soybean,3.3115487098693848,3.9403946708070383,3.793277803536326
Uruguay_DUP4_farm8_field245_soybean_2021,Uruguay,soybean,1.3890055418014526,2.9594037271851654,3.793277803536326
Uruguay_DUP4_farm8_field246_soybean_2021,Uruguay,soybean,1.2175450325012207,2.7536633831704904,3.793277803536326
Uruguay_DUP4_farm8_field248_soybean_2019,Uruguay,soybean,3.380899667739868,4.056386912503361,3.793277803536326
Uruguay_DUP4_farm8_field249_soybean_2019,Uruguay,soybean,3.2589285373687744,4.302092770635507,3.793277803536326
Uruguay_DUP4_farm8_field250_soybean_2019,Uruguay,soybean,2.309929370880127,3.1995001711094506,3.793277803536326
Uruguay_DUP4_farm8_field251_soybean_2019,Uruguay,soybean,4.096746444702148,4.142721094669961,3.793277803536326
Uruguay_DUP4_farm8_field252_soybean_2019,Uruguay,soybean,2.2136690616607666,3.361709133653786,3.793277803536326
Uruguay_DUP4_farm8_field254_soybean_2019,Uruguay,soybean,2.3891501426696777,3.0642505783828358,3.793277803536326
Uruguay_DUP4_farm8_field255_soybean_2019,Uruguay,soybean,2.034575939178467,3.1103101813184546,3.793277803536326
Uruguay_DUP4_farm8_field257_soybean_2019,Uruguay,soybean,3.613403081893921,3.080458518403535,3.793277803536326
Uruguay_DUP4_farm8_field258_soybean_2019,Uruguay,soybean,3.1082310676574707,3.6735178932249046,3.793277803536326
Uruguay_DUP4_farm8_field259_soybean_2019,Uruguay,soybean,3.3141093254089355,3.3336292428924734,3.793277803536326
Uruguay_DUP4_farm9_field260_soybean_2019,Uruguay,soybean,2.3036320209503174,2.8679028517911536,3.793277803536326
Uruguay_DUP4_farm9_field261_soybean_2019,Uruguay,soybean,2.639082193374634,3.219949148887233,3.793277803536326
Uruguay_DUP4_farm9_field262_soybean_2019,Uruguay,soybean,2.4304380416870117,2.931518818256602,3.793277803536326
Uruguay_DUP4_farm9_field263_soybean_2019,Uruguay,soybean,2.5387954711914062,2.991717939021815,3.793277803536326
Uruguay_DUP4_farm9_field264_soybean_2019,Uruguay,soybean,1.988826036453247,2.9480929939008895,3.793277803536326
Uruguay_DUP4_farm9_field265_soybean_2019,Uruguay,soybean,2.1042425632476807,2.8873351047230797,3.793277803536326
Uruguay_DUP4_farm9_field266_soybean_2018,Uruguay,soybean,1.7508411407470703,2.950705953466289,3.793277803536326
Uruguay_DUP4_farm9_field267_soybean_2018,Uruguay,soybean,2.1374104022979736,2.853730618005796,3.793277803536326
Uruguay_DUP4_farm9_field268_soybean_2018,Uruguay,soybean,2.4390859603881836,2.9499405468142545,3.793277803536326
Uruguay_DUP4_farm9_field269_soybean_2018,Uruguay,soybean,1.309033751487732,3.9889617167700395,3.793277803536326
Uruguay_DUP4_farm9_field270_soybean_2018,Uruguay,soybean,3.5044057369232178,2.9743484181595434,3.793277803536326
Uruguay_DUP4_farm9_field271_soybean_2018,Uruguay,soybean,1.4167546033859253,2.8123821307872676,3.793277803536326
Uruguay_DUP4_farm9_field272_soybean_2018,Uruguay,soybean,1.8264541625976562,2.839738675190752,3.793277803536326
Uruguay_DUP4_farm9_field274_soybean_2018,Uruguay,soybean,2.25248646736145,2.8580764998658506,3.793277803536326
Uruguay_DUP4_farm9_field276_soybean_2018,Uruguay,soybean,1.9421370029449463,2.831952264137761,3.793277803536326
Uruguay_DUP4_farm9_field277_soybean_2019,Uruguay,soybean,2.2958898544311523,3.077875014070056,3.793277803536326
Uruguay_DUP4_farm9_field278_soybean_2018,Uruguay,soybean,1.5765554904937744,2.918111570244727,3.793277803536326
Uruguay_DUP4_farm9_field279_soybean_2018,Uruguay,soybean,1.7351405620574951,3.0876713623955454,3.793277803536326
Uruguay_DUP4_farm9_field280_soybean_2018,Uruguay,soybean,2.0824711322784424,2.850833034160022,3.793277803536326
Uruguay_DUP4_farm9_field281_soybean_2018,Uruguay,soybean,1.9643234014511108,4.037555811035405,3.793277803536326
Uruguay_DUP4_farm9_field282_soybean_2018,Uruguay,soybean,2.2147390842437744,4.0150308402428685,3.793277803536326
Uruguay_DUP4_farm9_field283_soybean_2018,Uruguay,soybean,1.9983041286468506,3.9522733865176876,3.793277803536326
Uruguay_DUP4_farm9_field284_soybean_2018,Uruguay,soybean,2.087367057800293,2.960839037189289,3.793277803536326
Uruguay_DUP4_farm9_field285_soybean_2018,Uruguay,soybean,2.1038248538970947,2.831017231090994,3.793277803536326
Uruguay_DUP4_farm9_field286_soybean_2018,Uruguay,soybean,2.3177733421325684,2.9755140102535256,3.793277803536326
Uruguay_DUP4_farm9_field287_soybean_2018,Uruguay,soybean,2.1983728408813477,3.0983453795938436,3.793277803536326
Uruguay_DUP4_farm9_field288_soybean_2018,Uruguay,soybean,2.7589340209960938,2.9314760036898537,3.793277803536326
Uruguay_DUP4_farm9_field289_soybean_2018,Uruguay,soybean,1.2113174200057983,3.6314405809399175,3.793277803536326
