field_id,year,country,crop,target,prediction,baseline,low,risk
Germany_DUP3_farm1_field10_wheat_2016,2016,Germany,wheat,9.957723617553711,9.249777346179444,9.57962623416868,0,-0.7934478097414566
Germany_DUP3_farm1_field11_rapeseed_2016,2016,Germany,rapeseed,1.757341980934143,3.5438505860598584,4.51241952494571,1,-0.030304309967328802
Germany_DUP3_farm1_field12_wheat_2016,2016,Germany,wheat,11.719118118286133,8.513579055096827,9.57962623416868,0,-0.057249518658839094
Germany_DUP3_farm1_field13_rapeseed_2016,2016,Germany,rapeseed,5.138420104980469,3.816309558475775,4.51241952494571,0,-0.30276328238324535
Germany_DUP3_farm1_field14_rapeseed_2016,2016,Germany,rapeseed,2.1892249584198,3.908770562874528,4.51241952494571,1,-0.3952242867819984
Germany_DUP3_farm1_field15_rapeseed_2016,2016,Germany,rapeseed,5.2916579246521,3.881466451800456,4.51241952494571,0,-0.36792017570792623
Germany_DUP3_farm1_field17_wheat_2016,2016,Germany,wheat,8.99178695678711,8.775720516770061,9.57962623416868,0,-0.3193909803320736
Germany_DUP3_farm1_field18_rapeseed_2016,2016,Germany,rapeseed,1.455482006072998,4.125166866429602,4.51241952494571,1,-0.6116205903370724
Germany_DUP3_farm1_field1_wheat_2016,2016,Germany,wheat,13.632645606994629,9.820872792864748,9.57962623416868,0,-1.36454325642676
Germany_DUP3_farm1_field22_rapeseed_2016,2016,Germany,rapeseed,5.980362415313721,4.006042053290895,4.51241952494571,0,-0.49249577719836557
Germany_DUP3_farm1_field2_wheat_2016,2016,Germany,wheat,11.239669799804688,9.203240935349466,9.57962623416868,0,-0.7469113989114788
Germany_DUP3_farm1_field33_wheat_2016,2016,Germany,wheat,8.857559204101562,8.796708786629328,9.57962623416868,0,-0.3403792501913401
Germany_DUP3_farm1_field3_wheat_2016,2016,Germany,wheat,5.83726692199707,8.318485610941426,9.57962623416868,1,0.13784392549656133
Germany_DUP3_farm1_field43_wheat_2016,2016,Germany,wheat,12.243258476257324,8.638871751404698,9.57962623416868,0,-0.18254221496671086
Germany_DUP3_farm1_field4_rapeseed_2016,2016,Germany,rapeseed,4.564465522766113,4.35625803032734,4.51241952494571,0,-0.8427117542348106
Germany_DUP3_farm1_field5_wheat_2016,2016,Germany,wheat,8.849596977233887,8.781206759622316,9.57962623416868,0,-0.32487722318432866
Germany_DUP3_farm1_field63_wheat_2016,2016,Germany,wheat,10.336292266845703,9.280792311146607,9.57962623416868,0,-0.8244627747086195
Germany_DUP3_farm1_field65_rapeseed_2016,2016,Germany,rapeseed,5.052375793457031,4.831676680525097,4.51241952494571,0,-1.318130404432567
Germany_DUP3_farm1_field66_wheat_2016,2016,Germany,wheat,9.202469825744629,9.675869205916431,9.57962623416868,0,-1.2195396694784435
Germany_DUP3_farm1_field6_wheat_2016,2016,Germany,wheat,14.399621963500977,8.42685019323104,9.57962623416868,0,0.02947934320694756
Germany_DUP3_farm1_field7_rapeseed_2016,2016,Germany,rapeseed,5.046213150024414,4.228886332061598,4.51241952494571,0,-0.7153400559690684
Germany_DUP3_farm1_field8_rapeseed_2016,2016,Germany,rapeseed,4.611868858337402,4.491843382856953,4.51241952494571,0,-0.978297106764423
Germany_DUP3_farm1_field9_wheat_2016,2016,Germany,wheat,12.071052551269531,10.183340837228101,9.57962623416868,0,-1.7270113007901138
Germany_DUP3_farm2_field106_wheat_2016,2016,Germany,wheat,12.917198181152344,9.751495682105475,9.57962623416868,0,-1.295166145667487
Germany_DUP3_farm2_field108_wheat_2016,2016,Germany,wheat,9.561935424804688,9.970561277824995,9.57962623416868,0,-1.5142317413870074
Germany_DUP3_farm2_field130_wheat_2016,2016,Germany,wheat,12.51012134552002,10.117577814809382,9.57962623416868,0,-1.661248278371394
Germany_DUP3_farm2_field138_wheat_2016,2016,Germany,wheat,11.551077842712402,9.46677601861425,9.57962623416868,0,-1.0104464821762633
Germany_DUP3_farm2_field143_wheat_2016,2016,Germany,wheat,13.214431762695312,9.63518620958063,9.57962623416868,0,-1.1788566731426418
Germany_DUP3_farm2_field161_rapeseed_2016,2016,Germany,rapeseed,5.650170803070068,5.116229459703016,4.51241952494571,0,-1.6026831836104862
Germany_DUP3_farm2_field168_wheat_2016,2016,Germany,wheat,12.136945724487305,9.09671934687683,9.57962623416868,0,-0.6403898104388421
Germany_DUP3_farm2_field67_wheat_2016,2016,Germany,wheat,10.747922897338867,10.024789165768128,9.57962623416868,0,-1.5684596293301407
Germany_DUP3_farm2_field78_wheat_2016,2016,Germany,wheat,12.60358715057373,9.837845241656725,9.57962623416868,0,-1.381515705218737
Germany_DUP3_farm3_field231_rapeseed_2016,2016,Germany,rapeseed,3.455552577972412,3.5522252681589523,4.51241952494571,1,-0.03867899206642278
Germany_DUP3_farm3_field233_rapeseed_2016,2016,Germany,rapeseed,2.6336829662323,3.6471043255186553,4.51241952494571,1,-0.1335580494261257
Germany_DUP3_farm3_field234_rapeseed_2016,2016,Germany,rapeseed,4.021546363830566,4.587604680594471,4.51241952494571,0,-1.0740584045019417
Germany_DUP3_farm4_field251_rapeseed_2016,2016,Germany,rapeseed,5.587948322296143,4.801797828022739,4.51241952494571,0,-1.2882515519302093
Germany_DUP3_farm4_field253_wheat_2016,2016,Germany,wheat,11.555440902709961,9.207361745868717,9.57962623416868,0,-0.7510322094307291
Germany_DUP3_farm4_field254_rapeseed_2016,2016,Germany,rapeseed,4.692387580871582,4.063045591808939,4.51241952494571,0,-0.5494993157164099
Germany_DUP3_farm4_field255_rapeseed_2016,2016,Germany,rapeseed,5.366668224334717,4.074614414187279,4.51241952494571,0,-0.5610681380947491
Germany_DUP3_farm6_field287_wheat_2016,2016,Germany,wheat,7.927562236785889,9.190291993780892,9.57962623416868,1,-0.7339624573429049
Germany_DUP3_farm6_field292_rapeseed_2016,2016,Germany,rapeseed,4.900137901306152,4.595468043823633,4.51241952494571,0,-1.0819217677311035
Germany_DUP3_farm6_field294_rapeseed_2016,2016,Germany,rapeseed,4.4213480949401855,3.9193269519226637,4.51241952494571,0,-0.4057806758301341
Argentina_DUP1_farm15_field119_soybean_2017,2017,Argentina,soybean,3.4855732917785645,4.207102536512243,3.5010847928368043,0,-1.7931103699930784
Argentina_DUP1_farm15_field120_soybean_2017,2017,Argentina,soybean,3.846306085586548,4.237300387844371,3.5010847928368043,0,-1.823308221325206
Argentina_DUP1_farm15_field121_soybean_2017,2017,Argentina,soybean,4.392246246337891,4.325055172437439,3.5010847928368043,0,-1.9110630059182743
Argentina_DUP1_farm15_field122_soybean_2017,2017,Argentina,soybean,4.214785099029541,4.329777361699548,3.5010847928368043,0,-1.9157851951803826
Argentina_DUP1_farm15_field123_soybean_2017,2017,Argentina,soybean,3.4434189796447754,4.576336944718055,3.5010847928368043,0,-2.1623447781988903
Argentina_DUP1_farm15_field124_soybean_2017,2017,Argentina,soybean,4.2081708908081055,4.344452182570018,3.5010847928368043,0,-1.9304600160508532
Argentina_DUP1_farm27_field288_soybean_2017,2017,Argentina,soybean,5.497624397277832,3.706319482492309,3.5010847928368043,0,-1.2923273159731439
Argentina_DUP1_farm45_field572_corn_2017,2017,Argentina,corn,11.764493942260742,10.761418074355229,8.560468530654907,0,-4.724760168776616
Argentina_DUP1_farm45_field584_corn_2017,2017,Argentina,corn,11.285654067993164,11.134021890205476,8.560468530654907,0,-5.097363984626863
Argentina_DUP1_farm45_field595_corn_2017,2017,Argentina,corn,11.186957359313965,8.510383541415937,8.560468530654907,0,-2.473725635837324
Argentina_DUP1_farm45_field598_corn_2017,2017,Argentina,corn,10.312187194824219,12.195129194523098,8.560468530654907,0,-6.158471288944485
Argentina_DUP1_farm45_field610_corn_2017,2017,Argentina,corn,10.134100914001465,11.312159892120881,8.560468530654907,0,-5.2755019865422685
Argentina_DUP1_farm45_field620_corn_2017,2017,Argentina,corn,9.302120208740234,8.368617990078638,8.560468530654907,0,-2.3319600845000252
Argentina_DUP1_farm45_field632_wheat_2017,2017,Argentina,wheat,7.123674392700195,6.403268054658756,3.9255750187031633,0,-4.450303558046207
Argentina_DUP1_farm45_field636_wheat_2017,2017,Argentina,wheat,7.385890483856201,7.245508085972116,3.9255750187031633,0,-5.292543589359567
Argentina_DUP1_farm45_field640_wheat_2017,2017,Argentina,wheat,6.747605800628662,5.498685062341877,3.9255750187031633,0,-3.5457205657293276
Argentina_DUP1_farm45_field646_wheat_2017,2017,Argentina,wheat,7.427591800689697,6.930600747613143,3.9255750187031633,0,-4.977636251000594
Argentina_DUP1_farm45_field654_wheat_2017,2017,Argentina,wheat,7.471680164337158,6.571981953209157,3.9255750187031633,0,-4.619017456596608
Argentina_DUP1_farm48_field658_wheat_2017,2017,Argentina,wheat,4.785524845123291,5.118895142824659,3.9255750187031633,0,-3.16593064621211
Brazil_DUP2_farm2_field13_soybean_2017,2017,Brazil,soybean,4.878890037536621,4.270569913657309,4.112637017244174,0,-0.6602496316748869
Brazil_DUP2_farm2_field14_wheat_2017,2017,Brazil,wheat,3.451143264770508,4.384166052552531,3.7840626069477628,0,-1.1672999884808757
Brazil_DUP2_farm2_field15_wheat_2017,2017,Brazil,wheat,3.5504167079925537,4.24001262637458,3.7840626069477628,0,-1.0231465623029248
Brazil_DUP2_farm2_field45_wheat_2017,2017,Brazil,wheat,3.5884721279144287,4.207916475353173,3.7840626069477628,0,-0.9910504112815177
Brazil_DUP2_farm4_field108_soybean_2017,2017,Brazil,soybean,3.768929958343506,3.3508400291281553,4.112637017244174,0,0.2594802528542668
Brazil_DUP2_farm4_field119_wheat_2017,2017,Brazil,wheat,3.3854188919067383,3.54846648354981,3.7840626069477628,0,-0.3316004194781548
Brazil_DUP2_farm4_field123_soybean_2017,2017,Brazil,soybean,4.4077959060668945,3.848956734145902,4.112637017244174,0,-0.23863645216348006
Brazil_DUP2_farm4_field127_wheat_2017,2017,Brazil,wheat,3.80185604095459,4.190427344815921,3.7840626069477628,0,-0.9735612807442662
Brazil_DUP2_farm4_field131_soybean_2017,2017,Brazil,soybean,4.456212043762207,3.829388401582834,4.112637017244174,0,-0.21906811960041184
Brazil_DUP2_farm4_field132_soybean_2017,2017,Brazil,soybean,3.9173684120178223,3.945989311591997,4.112637017244174,0,-0.335669029609575
Brazil_DUP2_farm4_field61_wheat_2017,2017,Brazil,wheat,4.563620090484619,4.371875724910607,3.7840626069477628,0,-1.1550096608389522
Brazil_DUP2_farm4_field90_wheat_2017,2017,Brazil,wheat,3.2578036785125732,3.5602376839089196,3.7840626069477628,0,-0.3433716198372645
Brazil_DUP2_farm4_field98_wheat_2017,2017,Brazil,wheat,3.966188430786133,3.5460986919072686,3.7840626069477628,0,-0.32923262783561347
Brazil_DUP2_farm6_field298_corn_2017,2017,Brazil,corn,7.405370712280273,7.986249069680853,6.554943333653843,0,-3.2298286480805114
Brazil_DUP2_farm6_field308_corn_2017,2017,Brazil,corn,7.7548828125,7.141116092711462,6.554943333653843,0,-2.3846956711111202
Brazil_DUP2_farm6_field313_soybean_2017,2017,Brazil,soybean,4.614875793457031,4.197737170169437,4.112637017244174,0,-0.5874168881870148
Brazil_DUP2_farm6_field323_soybean_2017,2017,Brazil,soybean,4.297325611114502,4.004987148647297,4.112637017244174,0,-0.39466686666487494
Brazil_DUP2_farm6_field343_soybean_2017,2017,Brazil,soybean,5.014899730682373,4.564151653924806,4.112637017244174,0,-0.9538313719423837
Brazil_DUP2_farm6_field352_soybean_2017,2017,Brazil,soybean,4.224902153015137,4.029892541219317,4.112637017244174,0,-0.4195722592368947
Brazil_DUP2_farm6_field355_wheat_2017,2017,Brazil,wheat,3.0669891834259033,3.4820545615957945,3.7840626069477628,1,-0.2651884975241394
Brazil_DUP2_farm6_field362_soybean_2017,2017,Brazil,soybean,4.743152141571045,4.325913912453501,4.112637017244174,0,-0.715593630471079
Brazil_DUP2_farm6_field366_soybean_2017,2017,Brazil,soybean,4.287249565124512,3.7906914400191902,4.112637017244174,0,-0.18037115803676818
Brazil_DUP2_farm6_field369_soybean_2017,2017,Brazil,soybean,4.866265773773193,4.485963711969305,4.112637017244174,0,-0.8756434299868827
Brazil_DUP2_farm6_field381_corn_2017,2017,Brazil,corn,8.421371459960938,7.764462176874995,6.554943333653843,0,-3.008041755274653
Brazil_DUP2_farm6_field384_soybean_2017,2017,Brazil,soybean,4.702749252319336,4.0667745193470894,4.112637017244174,0,-0.4564542373646674
Brazil_DUP2_farm6_field387_soybean_2017,2017,Brazil,soybean,3.9966087341308594,4.176903785139814,4.112637017244174,0,-0.5665835031573918
Brazil_DUP2_farm6_field393_corn_2017,2017,Brazil,corn,9.2298583984375,7.537357126518752,6.554943333653843,0,-2.7809367049184104
Brazil_DUP2_farm6_field400_corn_2017,2017,Brazil,corn,7.38048791885376,7.3511282087231375,6.554943333653843,0,-2.594707787122796
Brazil_DUP2_farm6_field437_corn_2017,2017,Brazil,corn,7.3931756019592285,7.102266136206909,6.554943333653843,0,-2.3458457146065674
Brazil_DUP2_farm6_field446_corn_2017,2017,Brazil,corn,7.504764556884766,7.393044276018297,6.554943333653843,0,-2.636623854417955
Brazil_DUP2_farm6_field453_wheat_2017,2017,Brazil,wheat,2.8432838916778564,3.4896641697401614,3.7840626069477628,1,-0.27279810566850626
Brazil_DUP2_farm6_field463_corn_2017,2017,Brazil,corn,7.731034755706787,6.930677311622601,6.554943333653843,0,-2.174256890022259
Brazil_DUP2_farm7_field478_soybean_2017,2017,Brazil,soybean,3.7376205921173096,3.6758598454928464,4.112637017244174,0,-0.06553956351042434
Brazil_DUP2_farm7_field480_soybean_2017,2017,Brazil,soybean,3.8509411811828613,3.818730787225907,4.112637017244174,0,-0.20841050524348503
Brazil_DUP2_farm7_field484_soybean_2017,2017,Brazil,soybean,3.841712236404419,3.6668097364970613,4.112637017244174,0,-0.05648945451463927
Brazil_DUP2_farm7_field488_soybean_2017,2017,Brazil,soybean,3.7681169509887695,3.705672545864954,4.112637017244174,0,-0.09535226388253193
Brazil_DUP2_farm9_field503_soybean_2017,2017,Brazil,soybean,4.658185958862305,3.8692667896343864,4.112637017244174,0,-0.25894650765196436
Brazil_DUP2_farm9_field532_soybean_2017,2017,Brazil,soybean,5.040933609008789,4.168750385867287,4.112637017244174,0,-0.5584301038848647
Brazil_DUP2_farm9_field540_wheat_2017,2017,Brazil,wheat,2.9090940952301025,3.3182474354970646,3.7840626069477628,1,-0.10138137142540948
Brazil_DUP2_farm9_field549_wheat_2017,2017,Brazil,wheat,2.8937792778015137,3.550724061977636,3.7840626069477628,1,-0.33385799790598103
Germany_DUP3_farm1_field19_rapeseed_2017,2017,Germany,rapeseed,5.857564926147461,4.380054526663841,4.378860003418392,0,-1.0023237756262433
Germany_DUP3_farm1_field20_rapeseed_2017,2017,Germany,rapeseed,4.807300567626953,4.217445871268846,4.378860003418392,0,-0.8397151202312485
Germany_DUP3_farm1_field21_rapeseed_2017,2017,Germany,rapeseed,6.709150314331055,3.8629282149981696,4.378860003418392,0,-0.48519746396057206
Germany_DUP3_farm1_field24_rapeseed_2017,2017,Germany,rapeseed,6.159890174865723,4.650365007200134,4.378860003418392,0,-1.2726342561625361
Germany_DUP3_farm1_field26_wheat_2017,2017,Germany,wheat,14.288717269897461,10.385977579551797,9.627055979182577,0,-1.912183023887735
Germany_DUP3_farm1_field27_rapeseed_2017,2017,Germany,rapeseed,5.87558650970459,4.196179826148758,4.378860003418392,0,-0.8184490751111606
Germany_DUP3_farm1_field28_wheat_2017,2017,Germany,wheat,14.135701179504395,10.472580473233311,9.627055979182577,0,-1.9987859175692488
Germany_DUP3_farm1_field29_rapeseed_2017,2017,Germany,rapeseed,4.906274318695068,4.097806198018661,4.378860003418392,0,-0.7200754469810637
Germany_DUP3_farm1_field30_wheat_2017,2017,Germany,wheat,11.840201377868652,10.685022077967725,9.627055979182577,0,-2.2112275223036626
Germany_DUP3_farm1_field31_wheat_2017,2017,Germany,wheat,12.19756031036377,9.142420064556319,9.627055979182577,0,-0.6686255088922568
Germany_DUP3_farm1_field32_wheat_2017,2017,Germany,wheat,15.226228713989258,9.36682967896723,9.627055979182577,0,-0.8930351233031679
Germany_DUP3_farm1_field34_wheat_2017,2017,Germany,wheat,14.349177360534668,11.122846670943591,9.627055979182577,0,-2.649052115279529
Germany_DUP3_farm1_field35_wheat_2017,2017,Germany,wheat,14.041878700256348,10.277843550338511,9.627055979182577,0,-1.8040489946744493
Germany_DUP3_farm1_field36_wheat_2017,2017,Germany,wheat,13.383131980895996,11.204815643131498,9.627055979182577,0,-2.731021087467436
Germany_DUP3_farm2_field176_rapeseed_2017,2017,Germany,rapeseed,5.2228264808654785,4.302081498663307,4.378860003418392,0,-0.9243507476257098
Germany_DUP3_farm2_field177_rapeseed_2017,2017,Germany,rapeseed,5.102828502655029,4.366422228100496,4.378860003418392,0,-0.9886914770628983
Germany_DUP3_farm2_field180_rapeseed_2017,2017,Germany,rapeseed,5.005784511566162,4.917954554880375,4.378860003418392,0,-1.5402238038427778
Germany_DUP3_farm2_field181_wheat_2017,2017,Germany,wheat,8.252382278442383,9.916056591169895,9.627055979182577,1,-1.4422620355058324
Germany_DUP3_farm2_field182_wheat_2017,2017,Germany,wheat,10.04084587097168,9.83003897808934,9.627055979182577,0,-1.3562444224252772
Germany_DUP3_farm2_field183_wheat_2017,2017,Germany,wheat,10.813366889953613,9.63634125896318,9.627055979182577,0,-1.1625467032991175
Germany_DUP3_farm2_field184_wheat_2017,2017,Germany,wheat,10.332728385925293,9.618810577498861,9.627055979182577,0,-1.145016021834799
Germany_DUP3_farm2_field185_wheat_2017,2017,Germany,wheat,10.109529495239258,9.010390748667865,9.627055979182577,0,-0.5365961930038026
Germany_DUP3_farm2_field186_wheat_2017,2017,Germany,wheat,10.186196327209473,9.790353534943021,9.627055979182577,0,-1.316558979278959
Germany_DUP3_farm2_field187_wheat_2017,2017,Germany,wheat,10.516670227050781,10.027073766864053,9.627055979182577,0,-1.5532792111999907
Germany_DUP3_farm2_field188_wheat_2017,2017,Germany,wheat,10.036564826965332,9.9416675786439,9.627055979182577,0,-1.4678730229798376
Germany_DUP3_farm2_field189_wheat_2017,2017,Germany,wheat,9.06041431427002,9.441133490089324,9.627055979182577,0,-0.9673389344252623
Germany_DUP3_farm2_field190_wheat_2017,2017,Germany,wheat,9.656827926635742,9.361695932661883,9.627055979182577,0,-0.8879013769978208
Germany_DUP3_farm2_field191_rapeseed_2017,2017,Germany,rapeseed,3.9271867275238037,4.551528585896225,4.378860003418392,0,-1.1737978348586275
Germany_DUP3_farm2_field192_wheat_2017,2017,Germany,wheat,10.088434219360352,10.896074717725597,9.627055979182577,0,-2.4222801620615346
Germany_DUP3_farm2_field193_wheat_2017,2017,Germany,wheat,9.512983322143555,10.164459764408097,9.627055979182577,0,-1.6906652087440346
Germany_DUP3_farm2_field195_wheat_2017,2017,Germany,wheat,9.748300552368164,10.085215142464506,9.627055979182577,0,-1.6114205868004436
Germany_DUP3_farm2_field196_wheat_2017,2017,Germany,wheat,8.474762916564941,10.081268656623587,9.627055979182577,0,-1.607474100959525
Germany_DUP3_farm2_field198_rapeseed_2017,2017,Germany,rapeseed,5.331684589385986,4.638727144693294,4.378860003418392,0,-1.2609963936556965
Germany_DUP3_farm3_field236_rapeseed_2017,2017,Germany,rapeseed,2.8401525020599365,3.994842023416309,4.378860003418392,1,-0.6171112723787116
Germany_DUP3_farm3_field237_rapeseed_2017,2017,Germany,rapeseed,2.280147075653076,3.8576590735960785,4.378860003418392,1,-0.47992832255848095
Germany_DUP3_farm3_field238_rapeseed_2017,2017,Germany,rapeseed,1.3418182134628296,3.6999497685499754,4.378860003418392,1,-0.3222190175123778
Germany_DUP3_farm4_field256_rapeseed_2017,2017,Germany,rapeseed,2.44274640083313,4.953548344768971,4.378860003418392,1,-1.5758175937313736
Germany_DUP3_farm4_field257_rapeseed_2017,2017,Germany,rapeseed,3.8047120571136475,4.451562636751779,4.378860003418392,0,-1.0738318857141818
Germany_DUP3_farm4_field258_wheat_2017,2017,Germany,wheat,6.991288661956787,11.243915844477355,9.627055979182577,1,-2.770121288813293
Germany_DUP3_farm4_field259_rapeseed_2017,2017,Germany,rapeseed,4.868704795837402,4.9476739126887725,4.378860003418392,0,-1.569943161651175
Germany_DUP3_farm5_field268_wheat_2017,2017,Germany,wheat,10.005956649780273,9.701786769634355,9.627055979182577,0,-1.2279922139702926
Germany_DUP3_farm5_field270_rapeseed_2017,2017,Germany,rapeseed,3.2183115482330322,4.094128750432187,4.378860003418392,1,-0.7163979993945895
Germany_DUP3_farm5_field271_rapeseed_2017,2017,Germany,rapeseed,1.0973284244537354,4.260927010658554,4.378860003418392,1,-0.8831962596209562
Germany_DUP3_farm6_field295_wheat_2017,2017,Germany,wheat,6.096597671508789,8.462409625647158,9.627055979182577,1,0.011384930016903994
Germany_DUP3_farm6_field296_rapeseed_2017,2017,Germany,rapeseed,4.916396617889404,3.776051446846367,4.378860003418392,0,-0.3983206958087693
Germany_DUP3_farm6_field297_rapeseed_2017,2017,Germany,rapeseed,3.6919548511505127,3.549698645805735,4.378860003418392,0,-0.17196789476813734
Germany_DUP3_farm6_field298_rapeseed_2017,2017,Germany,rapeseed,4.2288994789123535,3.9807727957904437,4.378860003418392,0,-0.6030420447528462
Argentina_DUP1_farm15_field125_soybean_2018,2018,Argentina,soybean,3.900073528289795,3.5381915601834297,3.5079098765443013,0,-1.123345378313923
Argentina_DUP1_farm15_field127_soybean_2018,2018,Argentina,soybean,4.087541103363037,4.013936172429254,3.5079098765443013,0,-1.5990899905597473
Argentina_DUP1_farm15_field128_soybean_2018,2018,Argentina,soybean,5.101473808288574,4.2050869559791195,3.5079098765443013,0,-1.7902407741096127
Argentina_DUP1_farm15_field131_soybean_2018,2018,Argentina,soybean,4.734755516052246,4.35075383588362,3.5079098765443013,0,-1.9359076540141134
Argentina_DUP1_farm17_field167_soybean_2018,2018,Argentina,soybean,3.0530412197113037,4.309241870901323,3.5079098765443013,0,-1.8943956890318159
Argentina_DUP1_farm17_field168_soybean_2018,2018,Argentina,soybean,1.223634123802185,3.0439235864629364,3.5079098765443013,1,-0.6290774045934295
Argentina_DUP1_farm18_field193_soybean_2018,2018,Argentina,soybean,2.5737016201019287,3.577177494042328,3.5079098765443013,0,-1.1623313121728214
Argentina_DUP1_farm38_field413_soybean_2018,2018,Argentina,soybean,4.414899826049805,4.249558337007881,3.5079098765443013,0,-1.8347121551383738
Argentina_DUP1_farm38_field414_soybean_2018,2018,Argentina,soybean,4.257079601287842,4.271619588366257,3.5079098765443013,0,-1.8567734064967505
Argentina_DUP1_farm3_field54_wheat_2018,2018,Argentina,wheat,7.190513610839844,5.3186499041883,4.2171952764193215,0,-3.2253606004086977
Argentina_DUP1_farm44_field445_soybean_2018,2018,Argentina,soybean,3.972003698348999,4.219414388208659,3.5079098765443013,0,-1.8045682063391526
Argentina_DUP1_farm44_field449_wheat_2018,2018,Argentina,wheat,3.2202141284942627,3.6472665820372394,4.2171952764193215,0,-1.553977278257637
Argentina_DUP1_farm44_field454_wheat_2018,2018,Argentina,wheat,4.5543060302734375,3.157177941991873,4.2171952764193215,0,-1.0638886382122705
Argentina_DUP1_farm44_field479_wheat_2018,2018,Argentina,wheat,1.2317588329315186,3.4791826546827513,4.2171952764193215,1,-1.385893350903149
Argentina_DUP1_farm44_field484_soybean_2018,2018,Argentina,soybean,4.172374248504639,3.3363617256580853,3.5079098765443013,0,-0.9215155437885785
Argentina_DUP1_farm44_field488_soybean_2018,2018,Argentina,soybean,3.0399794578552246,3.9242316315226686,3.5079098765443013,0,-1.5093854496531618
Argentina_DUP1_farm44_field491_soybean_2018,2018,Argentina,soybean,3.4587996006011963,3.824579250312564,3.5079098765443013,0,-1.4097330684430571
Argentina_DUP1_farm44_field503_soybean_2018,2018,Argentina,soybean,3.670666217803955,3.792942903349746,3.5079098765443013,0,-1.3780967214802393
Argentina_DUP1_farm44_field512_soybean_2018,2018,Argentina,soybean,2.2893216609954834,2.6690190065273187,3.5079098765443013,1,-0.2541728246578119
Argentina_DUP1_farm44_field515_soybean_2018,2018,Argentina,soybean,3.6586174964904785,3.4048437066364197,3.5079098765443013,0,-0.9899975247669128
Argentina_DUP1_farm44_field520_soybean_2018,2018,Argentina,soybean,3.189197540283203,2.1509267591794052,3.5079098765443013,0,0.2639194226901016
Argentina_DUP1_farm44_field522_corn_2018,2018,Argentina,corn,5.7757673263549805,7.620969443698561,8.605900450067205,1,-1.4578582338291763
Argentina_DUP1_farm44_field528_soybean_2018,2018,Argentina,soybean,3.4626564979553223,3.508297740018615,3.5079098765443013,0,-1.0934515581491082
Argentina_DUP1_farm44_field538_wheat_2018,2018,Argentina,wheat,3.266632556915283,3.1543398217178362,4.2171952764193215,0,-1.061050517938234
Argentina_DUP1_farm44_field547_soybean_2018,2018,Argentina,soybean,2.847217559814453,3.104961973815164,3.5079098765443013,0,-0.6901157919456571
Argentina_DUP1_farm44_field550_wheat_2018,2018,Argentina,wheat,2.441652774810791,3.3782607360520704,4.2171952764193215,0,-1.2849714322724681
Argentina_DUP1_farm44_field555_wheat_2018,2018,Argentina,wheat,2.957179546356201,2.8300965461797976,4.2171952764193215,0,-0.7368072424001952
Argentina_DUP1_farm44_field557_corn_2018,2018,Argentina,corn,4.47698974609375,6.143363594850502,8.605900450067205,1,0.01974761501888267
Argentina_DUP1_farm44_field560_wheat_2018,2018,Argentina,wheat,3.316664218902588,3.0739136979229933,4.2171952764193215,0,-0.980624394143391
Argentina_DUP1_farm44_field562_soybean_2018,2018,Argentina,soybean,2.408052921295166,1.887746079044961,3.5079098765443013,1,0.5271001028245459
Argentina_DUP1_farm44_field570_corn_2018,2018,Argentina,corn,6.332360744476318,7.8215844018611556,8.605900450067205,0,-1.6584731919917708
Argentina_DUP1_farm45_field626_corn_2018,2018,Argentina,corn,12.024344444274902,9.886721589622663,8.605900450067205,0,-3.7236103797532785
Argentina_DUP1_farm45_field638_corn_2018,2018,Argentina,corn,10.892257690429688,9.548968957286363,8.605900450067205,0,-3.3858577474169778
Argentina_DUP1_farm45_field642_corn_2018,2018,Argentina,corn,13.09671688079834,9.76555801914791,8.605900450067205,0,-3.6024468092785256
Argentina_DUP1_farm45_field652_corn_2018,2018,Argentina,corn,14.061551094055176,11.260436681261059,8.605900450067205,0,-5.097325471391674
Argentina_DUP1_farm54_field731_wheat_2018,2018,Argentina,wheat,1.962890625,2.4793776039283504,4.2171952764193215,1,-0.38608830014874806
Argentina_DUP1_farm54_field739_soybean_2018,2018,Argentina,soybean,3.4476916790008545,3.852650651054362,3.5079098765443013,0,-1.4378044691848553
Brazil_DUP2_farm2_field24_soybean_2018,2018,Brazil,soybean,5.455139636993408,4.1411071172226395,4.094488039811452,0,-0.5322871079910723
Brazil_DUP2_farm2_field29_soybean_2018,2018,Brazil,soybean,4.77943754196167,4.255948731614034,4.094488039811452,0,-0.6471287223824671
Brazil_DUP2_farm2_field6_soybean_2018,2018,Brazil,soybean,5.294377326965332,4.184614118465167,4.094488039811452,0,-0.5757941092336001
Brazil_DUP2_farm4_field100_corn_2018,2018,Brazil,corn,8.066573143005371,6.178845918904015,6.605703799620919,0,-1.3480998404128037
Brazil_DUP2_farm4_field109_soybean_2018,2018,Brazil,soybean,3.7206718921661377,3.954225949753797,4.094488039811452,0,-0.34540594052222984
Brazil_DUP2_farm4_field117_soybean_2018,2018,Brazil,soybean,3.9403276443481445,3.933837556431751,4.094488039811452,0,-0.3250175472001837
Brazil_DUP2_farm4_field130_corn_2018,2018,Brazil,corn,9.672872543334961,6.210973721382698,6.605703799620919,0,-1.3802276428914864
Brazil_DUP2_farm4_field134_corn_2018,2018,Brazil,corn,7.684322834014893,6.960499665253389,6.605703799620919,0,-2.1297535867621775
Brazil_DUP2_farm4_field59_corn_2018,2018,Brazil,corn,8.507025718688965,5.916523081038147,6.605703799620919,0,-1.0857770025469353
Brazil_DUP2_farm4_field69_corn_2018,2018,Brazil,corn,7.468730449676514,5.801493314248132,6.605703799620919,0,-0.9707472357569209
Brazil_DUP2_farm4_field70_soybean_2018,2018,Brazil,soybean,3.7544994354248047,4.253546363690884,4.094488039811452,0,-0.6447263544593165
Brazil_DUP2_farm4_field73_soybean_2018,2018,Brazil,soybean,3.584153652191162,4.244249102562768,4.094488039811452,1,-0.6354290933312008
Brazil_DUP2_farm4_field78_soybean_2018,2018,Brazil,soybean,4.282418727874756,4.028265972689316,4.094488039811452,0,-0.41944596345774876
Brazil_DUP2_farm5_field153_soybean_2018,2018,Brazil,soybean,4.145542144775391,4.176313026378831,4.094488039811452,0,-0.5674930171472639
Brazil_DUP2_farm5_field154_soybean_2018,2018,Brazil,soybean,4.283844470977783,4.145545789386344,4.094488039811452,0,-0.5367257801547769
Brazil_DUP2_farm5_field155_soybean_2018,2018,Brazil,soybean,4.918848037719727,4.331926565509813,4.094488039811452,0,-0.7231065562782462
Brazil_DUP2_farm5_field164_wheat_2018,2018,Brazil,wheat,5.133892059326172,3.4579353146686866,3.669722867268388,0,-0.4063195519581151
Brazil_DUP2_farm5_field196_soybean_2018,2018,Brazil,soybean,4.6974897384643555,4.296369344166074,4.094488039811452,0,-0.6875493349345065
Brazil_DUP2_farm5_field200_wheat_2018,2018,Brazil,wheat,4.544558048248291,3.2836706444977195,3.669722867268388,0,-0.23205488178714795
Brazil_DUP2_farm5_field206_soybean_2018,2018,Brazil,soybean,4.508299350738525,4.308830631630992,4.094488039811452,0,-0.7000106223994251
Brazil_DUP2_farm5_field207_wheat_2018,2018,Brazil,wheat,4.486903667449951,3.57865307786517,3.669722867268388,0,-0.5270373151545984
Brazil_DUP2_farm5_field216_soybean_2018,2018,Brazil,soybean,3.996788263320923,4.14161407126182,4.094488039811452,0,-0.5327940620302529
Brazil_DUP2_farm5_field218_soybean_2018,2018,Brazil,soybean,4.720359802246094,4.155860099831422,4.094488039811452,0,-0.5470400905998547
Brazil_DUP2_farm5_field241_soybean_2018,2018,Brazil,soybean,4.817685604095459,4.250537151414859,4.094488039811452,0,-0.6417171421832917
Brazil_DUP2_farm5_field245_wheat_2018,2018,Brazil,wheat,3.8929238319396973,3.2462664642129426,3.669722867268388,0,-0.19465070150237107
Brazil_DUP2_farm5_field256_soybean_2018,2018,Brazil,soybean,4.213713645935059,3.8841617593649502,4.094488039811452,0,-0.275341750133383
Brazil_DUP2_farm5_field269_soybean_2018,2018,Brazil,soybean,4.034878253936768,3.9224365859506136,4.094488039811452,0,-0.3136165767190464
Brazil_DUP2_farm5_field272_soybean_2018,2018,Brazil,soybean,4.4760637283325195,4.235230934472566,4.094488039811452,0,-0.6264109252409984
Brazil_DUP2_farm5_field276_soybean_2018,2018,Brazil,soybean,4.054502010345459,4.073454333631223,4.094488039811452,0,-0.4646343243996558
Brazil_DUP2_farm5_field277_wheat_2018,2018,Brazil,wheat,4.971075057983398,3.1796868149842843,3.669722867268388,0,-0.12807105227371274
Brazil_DUP2_farm5_field280_wheat_2018,2018,Brazil,wheat,4.274063587188721,3.4143923454582383,3.669722867268388,0,-0.3627765827476668
Brazil_DUP2_farm5_field282_wheat_2018,2018,Brazil,wheat,7.043081760406494,3.56561671594967,3.669722867268388,0,-0.5140009532390986
Brazil_DUP2_farm6_field292_wheat_2018,2018,Brazil,wheat,2.8290374279022217,3.0675427785649383,3.669722867268388,1,-0.015927015854366733
Brazil_DUP2_farm6_field294_wheat_2018,2018,Brazil,wheat,4.938895225524902,3.3184633039068894,3.669722867268388,0,-0.2668475411963178
Brazil_DUP2_farm6_field302_soybean_2018,2018,Brazil,soybean,4.501225471496582,4.076141106395166,4.094488039811452,0,-0.46732109716359904
Brazil_DUP2_farm6_field314_wheat_2018,2018,Brazil,wheat,4.747447490692139,3.3353469208266784,3.669722867268388,0,-0.28373115811610683
Brazil_DUP2_farm6_field317_soybean_2018,2018,Brazil,soybean,4.2405924797058105,4.011584168344294,4.094488039811452,0,-0.4027641591127269
Brazil_DUP2_farm6_field325_wheat_2018,2018,Brazil,wheat,2.8940229415893555,3.128566383626259,3.669722867268388,1,-0.07695062091568738
Brazil_DUP2_farm6_field328_wheat_2018,2018,Brazil,wheat,4.744672775268555,3.7655799913724706,3.669722867268388,0,-0.713964228661899
Brazil_DUP2_farm6_field336_soybean_2018,2018,Brazil,soybean,4.660524845123291,3.3903642320875997,4.094488039811452,0,0.21845577714396747
Brazil_DUP2_farm6_field337_wheat_2018,2018,Brazil,wheat,4.557914733886719,3.245972342811614,3.669722867268388,0,-0.1943565801010423
Brazil_DUP2_farm6_field338_wheat_2018,2018,Brazil,wheat,3.7553391456604004,3.1581766104068962,3.669722867268388,0,-0.10656084769632468
Brazil_DUP2_farm6_field340_soybean_2018,2018,Brazil,soybean,4.1799750328063965,3.832423217726824,4.094488039811452,0,-0.22360320849525683
Brazil_DUP2_farm6_field341_soybean_2018,2018,Brazil,soybean,4.515601634979248,4.184162424409109,4.094488039811452,0,-0.5753424151775421
Brazil_DUP2_farm6_field383_soybean_2018,2018,Brazil,soybean,4.268589973449707,4.065436482790966,4.094488039811452,0,-0.45661647355939916
Brazil_DUP2_farm6_field389_wheat_2018,2018,Brazil,wheat,1.7740647792816162,3.0383465090486905,3.669722867268388,1,0.01326925366188103
Brazil_DUP2_farm6_field394_soybean_2018,2018,Brazil,soybean,4.413631916046143,3.5330087521049425,4.094488039811452,0,0.07581125712662473
Brazil_DUP2_farm6_field404_wheat_2018,2018,Brazil,wheat,3.6524460315704346,3.4839037856862536,3.669722867268388,0,-0.43228802297568203
Brazil_DUP2_farm6_field405_wheat_2018,2018,Brazil,wheat,5.12394380569458,3.39222107594723,3.669722867268388,0,-0.34060531323665844
Brazil_DUP2_farm6_field413_soybean_2018,2018,Brazil,soybean,4.2945685386657715,3.3571523246054324,4.094488039811452,0,0.25166768462613476
Brazil_DUP2_farm6_field417_soybean_2018,2018,Brazil,soybean,3.5767807960510254,3.913584394500673,4.094488039811452,1,-0.304764385269106
Brazil_DUP2_farm6_field425_wheat_2018,2018,Brazil,wheat,5.392672061920166,3.7149497099291438,3.669722867268388,0,-0.6633339472185722
Brazil_DUP2_farm6_field427_soybean_2018,2018,Brazil,soybean,4.140359878540039,4.103491802292179,4.094488039811452,0,-0.49467179306061215
Brazil_DUP2_farm6_field431_wheat_2018,2018,Brazil,wheat,2.4940881729125977,3.0616786770443323,3.669722867268388,1,-0.01006291433376072
Brazil_DUP2_farm6_field434_soybean_2018,2018,Brazil,soybean,4.659298419952393,3.314688856968782,4.094488039811452,0,0.2941311522627852
Brazil_DUP2_farm6_field445_wheat_2018,2018,Brazil,wheat,4.153449058532715,3.2010321139349798,3.669722867268388,0,-0.14941635122440822
Brazil_DUP2_farm6_field457_soybean_2018,2018,Brazil,soybean,4.795234680175781,3.5458610936204313,4.094488039811452,0,0.06295891561113587
Brazil_DUP2_farm7_field477_soybean_2018,2018,Brazil,soybean,3.641101837158203,3.383123642830462,4.094488039811452,0,0.22569636640110513
Brazil_DUP2_farm7_field479_soybean_2018,2018,Brazil,soybean,2.7960479259490967,3.419166043036292,4.094488039811452,1,0.1896539661952752
Brazil_DUP2_farm7_field483_soybean_2018,2018,Brazil,soybean,3.681778907775879,3.450046320788715,4.094488039811452,0,0.1587736884428521
Brazil_DUP2_farm7_field485_soybean_2018,2018,Brazil,soybean,3.322072744369507,3.4115582186386355,4.094488039811452,1,0.1972617905929317
Brazil_DUP2_farm7_field489_soybean_2018,2018,Brazil,soybean,3.277639865875244,3.41593217138906,4.094488039811452,1,0.19288783784250718
Brazil_DUP2_farm9_field504_corn_2018,2018,Brazil,corn,6.818112373352051,6.091954937745487,6.605703799620919,0,-1.2612088592542756
Brazil_DUP2_farm9_field511_soybean_2018,2018,Brazil,soybean,5.366738319396973,4.226230651508944,4.094488039811452,0,-0.6174106422773766
Brazil_DUP2_farm9_field514_soybean_2018,2018,Brazil,soybean,4.365799427032471,4.043144106382718,4.094488039811452,0,-0.4343240971511504
Brazil_DUP2_farm9_field537_soybean_2018,2018,Brazil,soybean,5.001320838928223,4.046432518527301,4.094488039811452,0,-0.43761250929573414
Brazil_DUP2_farm9_field551_corn_2018,2018,Brazil,corn,4.725451946258545,5.8720468508413735,6.605703799620919,1,-1.0413007723501622
Germany_DUP3_farm2_field102_wheat_2018,2018,Germany,wheat,11.813826560974121,10.160776840569795,9.865716929869219,0,-1.554650436761202
Germany_DUP3_farm2_field107_wheat_2018,2018,Germany,wheat,11.397112846374512,9.94271535561928,9.865716929869219,0,-1.3365889518106862
Germany_DUP3_farm2_field110_wheat_2018,2018,Germany,wheat,11.642251968383789,10.159100385013916,9.865716929869219,0,-1.552973981205323
Germany_DUP3_farm2_field113_wheat_2018,2018,Germany,wheat,7.540491104125977,8.704827751205286,9.865716929869219,1,-0.0987013473966929
Germany_DUP3_farm2_field114_wheat_2018,2018,Germany,wheat,7.661855220794678,8.747153646041417,9.865716929869219,1,-0.14102724223282337
Germany_DUP3_farm2_field123_wheat_2018,2018,Germany,wheat,9.673528671264648,10.537716541322329,9.865716929869219,0,-1.9315901375137354
Germany_DUP3_farm2_field124_wheat_2018,2018,Germany,wheat,9.662778854370117,10.527530189874943,9.865716929869219,0,-1.9214037860663495
Germany_DUP3_farm2_field127_wheat_2018,2018,Germany,wheat,11.117989540100098,9.978728066980329,9.865716929869219,0,-1.3726016631717357
Germany_DUP3_farm2_field135_wheat_2018,2018,Germany,wheat,9.798103332519531,9.469880781730714,9.865716929869219,0,-0.8637543779221204
Germany_DUP3_farm2_field139_rapeseed_2018,2018,Germany,rapeseed,4.955556392669678,5.1557290089117265,4.5698865950107574,0,-1.6748663914190507
Germany_DUP3_farm2_field141_wheat_2018,2018,Germany,wheat,9.24760913848877,10.183463350171984,9.865716929869219,0,-1.5773369463633902
Germany_DUP3_farm2_field144_wheat_2018,2018,Germany,wheat,10.345836639404297,9.59900957304904,9.865716929869219,0,-0.9928831692404465
Germany_DUP3_farm2_field150_wheat_2018,2018,Germany,wheat,9.632355690002441,9.240083466485084,9.865716929869219,0,-0.6339570626764903
Germany_DUP3_farm2_field155_wheat_2018,2018,Germany,wheat,9.663426399230957,10.231397386075722,9.865716929869219,0,-1.6252709822671285
Germany_DUP3_farm2_field158_wheat_2018,2018,Germany,wheat,7.912439823150635,9.550860803295699,9.865716929869219,1,-0.9447343994871051
Germany_DUP3_farm2_field169_rapeseed_2018,2018,Germany,rapeseed,4.542415618896484,5.179912678006145,4.5698865950107574,0,-1.6990500605134695
Germany_DUP3_farm2_field171_wheat_2018,2018,Germany,wheat,8.653435707092285,9.541882214709004,9.865716929869219,0,-0.9357558109004103
Germany_DUP3_farm2_field172_wheat_2018,2018,Germany,wheat,8.650101661682129,9.655691686151473,9.865716929869219,0,-1.0495652823428792
Germany_DUP3_farm2_field68_rapeseed_2018,2018,Germany,rapeseed,3.9857633113861084,5.08096506356217,4.5698865950107574,0,-1.600102446069494
Germany_DUP3_farm2_field73_wheat_2018,2018,Germany,wheat,7.887262344360352,9.898362014675673,9.865716929869219,1,-1.2922356108670794
Germany_DUP3_farm2_field75_wheat_2018,2018,Germany,wheat,10.510272979736328,10.169214904470952,9.865716929869219,0,-1.5630885006623583
Germany_DUP3_farm2_field87_wheat_2018,2018,Germany,wheat,9.978490829467773,9.81412519656672,9.865716929869219,0,-1.2079987927581275
Germany_DUP3_farm2_field89_wheat_2018,2018,Germany,wheat,11.040947914123535,9.730270597417443,9.865716929869219,0,-1.1241441936088492
Germany_DUP3_farm2_field92_wheat_2018,2018,Germany,wheat,7.375543117523193,9.724075579046971,9.865716929869219,1,-1.117949175238378
Germany_DUP3_farm2_field93_wheat_2018,2018,Germany,wheat,7.375598907470703,9.724075579046971,9.865716929869219,1,-1.117949175238378
Germany_DUP3_farm2_field99_wheat_2018,2018,Germany,wheat,8.911568641662598,9.329372293186445,9.865716929869219,0,-0.7232458893778517
Germany_DUP3_farm3_field221_rapeseed_2018,2018,Germany,rapeseed,2.895533561706543,4.862506173927812,4.5698865950107574,1,-1.3816435564351366
Germany_DUP3_farm3_field222_rapeseed_2018,2018,Germany,rapeseed,3.624910593032837,4.169334740626243,4.5698865950107574,0,-0.6884721231335673
Germany_DUP3_farm3_field223_wheat_2018,2018,Germany,wheat,5.0959086418151855,9.472417790266707,9.865716929869219,1,-0.8662913864581139
Germany_DUP3_farm3_field240_rapeseed_2018,2018,Germany,rapeseed,3.135594606399536,3.9414351483888037,4.5698865950107574,1,-0.46057253089612793
Germany_DUP3_farm4_field241_wheat_2018,2018,Germany,wheat,8.694000244140625,9.951699742688975,9.865716929869219,0,-1.3455733388803814
Germany_DUP3_farm5_field272_rapeseed_2018,2018,Germany,rapeseed,4.329654693603516,4.664797671159852,4.5698865950107574,0,-1.1839350536671764
Germany_DUP3_farm5_field273_rapeseed_2018,2018,Germany,rapeseed,4.015759468078613,4.770708569321833,4.5698865950107574,0,-1.2898459518291574
Germany_DUP3_farm5_field274_wheat_2018,2018,Germany,wheat,8.667335510253906,9.546230266517274,9.865716929869219,0,-0.9401038627086802
Germany_DUP3_farm5_field275_rapeseed_2018,2018,Germany,rapeseed,4.393966197967529,5.274943732002673,4.5698865950107574,0,-1.7940811145099973
Germany_DUP3_farm6_field277_rapeseed_2018,2018,Germany,rapeseed,1.4998924732208252,3.7820829903885276,4.5698865950107574,1,-0.3012203728958518
Germany_DUP3_farm6_field278_rapeseed_2018,2018,Germany,rapeseed,3.4147183895111084,4.223408093812922,4.5698865950107574,1,-0.7425454763202461
Germany_DUP3_farm6_field279_wheat_2018,2018,Germany,wheat,5.197326183319092,8.757325532198495,9.865716929869219,1,-0.15119912838990146
Germany_DUP3_farm6_field299_rapeseed_2018,2018,Germany,rapeseed,3.7339799404144287,4.325388570579504,4.5698865950107574,0,-0.8445259530868281
Uruguay_DUP4_farm10_field364_soybean_2018,2018,Uruguay,soybean,1.4696505069732666,2.5757684893198305,3.029659517286789,1,-0.3794196791239077
Uruguay_DUP4_farm10_field365_soybean_2018,2018,Uruguay,soybean,0.9161267280578613,2.4981233283457582,3.029659517286789,1,-0.30177451814983547
Uruguay_DUP4_farm10_field368_soybean_2018,2018,Uruguay,soybean,1.9924685955047607,2.2558057660746056,3.029659517286789,1,-0.05945695587868283
Uruguay_DUP4_farm10_field369_soybean_2018,2018,Uruguay,soybean,1.1631176471710205,2.0741940395052554,3.029659517286789,1,0.12215477069066738
Uruguay_DUP4_farm10_field371_soybean_2018,2018,Uruguay,soybean,1.4367238283157349,2.2199398092315055,3.029659517286789,1,-0.023590999035582705
Uruguay_DUP4_farm10_field372_soybean_2018,2018,Uruguay,soybean,0.8646675944328308,2.1667118964803933,3.029659517286789,1,0.029636913715529456
Uruguay_DUP4_farm10_field374_soybean_2018,2018,Uruguay,soybean,1.4888660907745361,2.4468786557730056,3.029659517286789,1,-0.2505298455770828
Uruguay_DUP4_farm10_field375_soybean_2018,2018,Uruguay,soybean,0.9958848357200623,1.762486352271671,3.029659517286789,1,0.4338624579242518
Uruguay_DUP4_farm10_field378_soybean_2018,2018,Uruguay,soybean,0.893182098865509,2.4758536566904747,3.029659517286789,1,-0.279504846494552
Uruguay_DUP4_farm10_field379_soybean_2018,2018,Uruguay,soybean,1.7962547540664673,1.9917333272836015,3.029659517286789,1,0.20461548291232123
Uruguay_DUP4_farm10_field380_soybean_2018,2018,Uruguay,soybean,1.0647612810134888,2.426933198887997,3.029659517286789,1,-0.23058438869207443
Uruguay_DUP4_farm10_field382_soybean_2018,2018,Uruguay,soybean,1.5896437168121338,2.5023029135643373,3.029659517286789,1,-0.30595410336841455
Uruguay_DUP4_farm10_field383_soybean_2018,2018,Uruguay,soybean,0.7377678155899048,1.9299725565024328,3.029659517286789,1,0.26637625369348994
Uruguay_DUP4_farm10_field384_soybean_2018,2018,Uruguay,soybean,1.1061877012252808,1.90042161927263,3.029659517286789,1,0.2959271909232928
Uruguay_DUP4_farm10_field385_soybean_2018,2018,Uruguay,soybean,1.9242231845855713,1.9533232792564093,3.029659517286789,1,0.2430255309395135
Uruguay_DUP4_farm10_field386_soybean_2018,2018,Uruguay,soybean,1.9034382104873657,2.1332386380539514,3.029659517286789,1,0.06311017214197134
Uruguay_DUP4_farm10_field387_soybean_2018,2018,Uruguay,soybean,1.1194114685058594,2.130092709282142,3.029659517286789,1,0.06625610091378098
Uruguay_DUP4_farm10_field388_soybean_2018,2018,Uruguay,soybean,1.3364392518997192,2.4563277958327583,3.029659517286789,1,-0.2599789856368355
Uruguay_DUP4_farm10_field389_soybean_2018,2018,Uruguay,soybean,1.3533564805984497,2.0769858340128278,3.029659517286789,1,0.119362976183095
Uruguay_DUP4_farm10_field390_soybean_2018,2018,Uruguay,soybean,3.5092477798461914,2.990897926636967,3.029659517286789,0,-0.7945491164410443
Uruguay_DUP4_farm10_field391_soybean_2018,2018,Uruguay,soybean,1.507399559020996,3.1442982501869294,3.029659517286789,1,-0.9479494399910067
Uruguay_DUP4_farm10_field392_soybean_2018,2018,Uruguay,soybean,2.4311797618865967,3.1754790374335697,3.029659517286789,0,-0.979130227237647
Uruguay_DUP4_farm10_field393_soybean_2018,2018,Uruguay,soybean,1.0719428062438965,2.631696323133818,3.029659517286789,1,-0.4353475129378954
Uruguay_DUP4_farm10_field394_soybean_2018,2018,Uruguay,soybean,1.339213252067566,2.34828342316772,3.029659517286789,1,-0.1519346129717971
Uruguay_DUP4_farm10_field396_soybean_2018,2018,Uruguay,soybean,3.5840401649475098,3.151291822945044,3.029659517286789,0,-0.9549430127491214
Uruguay_DUP4_farm10_field397_soybean_2018,2018,Uruguay,soybean,1.5945593118667603,3.3988730688430575,3.029659517286789,1,-1.2025242586471347
Uruguay_DUP4_farm10_field398_soybean_2018,2018,Uruguay,soybean,0.9986316561698914,2.3375302322920204,3.029659517286789,1,-0.14118142209609763
Uruguay_DUP4_farm10_field399_soybean_2018,2018,Uruguay,soybean,1.3458727598190308,2.2751296182208307,3.029659517286789,1,-0.07878080802490794
Uruguay_DUP4_farm10_field400_soybean_2018,2018,Uruguay,soybean,1.4940292835235596,2.762406494465302,3.029659517286789,1,-0.5660576842693792
Uruguay_DUP4_farm10_field401_soybean_2018,2018,Uruguay,soybean,1.8865536451339722,2.045978090934497,3.029659517286789,1,0.15037071926142564
Uruguay_DUP4_farm10_field402_soybean_2018,2018,Uruguay,soybean,1.6694858074188232,2.259729921447695,3.029659517286789,1,-0.06338111125177237
Uruguay_DUP4_farm10_field403_soybean_2018,2018,Uruguay,soybean,1.040474772453308,2.6635080248030825,3.029659517286789,1,-0.4671592146071597
Uruguay_DUP4_farm10_field404_soybean_2018,2018,Uruguay,soybean,0.9787667393684387,2.881007591445079,3.029659517286789,1,-0.6846587812491562
Uruguay_DUP4_farm10_field405_soybean_2018,2018,Uruguay,soybean,1.1269198656082153,2.6997921203213875,3.029659517286789,1,-0.5034433101254647
Uruguay_DUP4_farm10_field406_soybean_2018,2018,Uruguay,soybean,1.3525235652923584,3.2171318159168276,3.029659517286789,1,-1.0207830057209049
Uruguay_DUP4_farm10_field407_soybean_2018,2018,Uruguay,soybean,1.5801929235458374,2.59576116845859,3.029659517286789,1,-0.3994123582626674
Uruguay_DUP4_farm10_field408_soybean_2018,2018,Uruguay,soybean,1.6810129880905151,2.6705914481435293,3.029659517286789,1,-0.47424263794760657
Uruguay_DUP4_farm10_field409_soybean_2018,2018,Uruguay,soybean,1.8256875276565552,2.8961479660420855,3.029659517286789,1,-0.6997991558461627
Uruguay_DUP4_farm10_field410_soybean_2018,2018,Uruguay,soybean,1.51240074634552,2.9189705723216663,3.029659517286789,1,-0.7226217621257436
Uruguay_DUP4_farm10_field411_soybean_2018,2018,Uruguay,soybean,2.5807313919067383,2.5412307194468533,3.029659517286789,0,-0.34488190925093054
Uruguay_DUP4_farm10_field412_soybean_2018,2018,Uruguay,soybean,1.473449468612671,2.469536496869387,3.029659517286789,1,-0.2731876866734644
Uruguay_DUP4_farm10_field413_soybean_2018,2018,Uruguay,soybean,1.3091028928756714,2.1399574071217407,3.029659517286789,1,0.05639140307418211
Uruguay_DUP4_farm10_field414_soybean_2018,2018,Uruguay,soybean,2.005251884460449,2.526522431187935,3.029659517286789,1,-0.3301736209920123
Uruguay_DUP4_farm10_field415_soybean_2018,2018,Uruguay,soybean,3.0556697845458984,2.0807288531843056,3.029659517286789,0,0.1156199570116172
Uruguay_DUP4_farm10_field416_soybean_2018,2018,Uruguay,soybean,1.698593258857727,2.0742234007571354,3.029659517286789,1,0.12212540943878736
Uruguay_DUP4_farm10_field417_soybean_2018,2018,Uruguay,soybean,0.6710728406906128,2.109765756709237,3.029659517286789,1,0.08658305348668582
Uruguay_DUP4_farm10_field418_soybean_2018,2018,Uruguay,soybean,1.3720719814300537,2.4994756034990604,3.029659517286789,1,-0.30312679330313763
Uruguay_DUP4_farm10_field419_soybean_2018,2018,Uruguay,soybean,1.1247838735580444,2.4931478493541332,3.029659517286789,1,-0.2967990391582105
Uruguay_DUP4_farm10_field420_soybean_2018,2018,Uruguay,soybean,2.0662953853607178,2.3852889151498133,3.029659517286789,1,-0.18894010495389058
Uruguay_DUP4_farm10_field421_soybean_2018,2018,Uruguay,soybean,1.3511348962783813,2.6391175973253582,3.029659517286789,1,-0.44276878712943546
Uruguay_DUP4_farm10_field423_soybean_2018,2018,Uruguay,soybean,0.8953635096549988,2.1389046020267193,3.029659517286789,1,0.05744420816920348
Uruguay_DUP4_farm10_field424_soybean_2018,2018,Uruguay,soybean,1.3271102905273438,2.152291020953942,3.029659517286789,1,0.04405778924198067
Uruguay_DUP4_farm10_field425_soybean_2018,2018,Uruguay,soybean,0.7332263588905334,1.954071423949194,3.029659517286789,1,0.24227738624672868
Uruguay_DUP4_farm10_field426_soybean_2018,2018,Uruguay,soybean,1.5512008666992188,2.1702352157197673,3.029659517286789,1,0.026113594476155466
Uruguay_DUP4_farm10_field428_soybean_2018,2018,Uruguay,soybean,0.5303843021392822,2.8015375837087495,3.029659517286789,1,-0.6051887735128267
Uruguay_DUP4_farm10_field429_soybean_2018,2018,Uruguay,soybean,0.7120528221130371,2.184451251470226,3.029659517286789,1,0.011897558725696644
Uruguay_DUP4_farm10_field430_soybean_2018,2018,Uruguay,soybean,1.473268985748291,2.2245462328277577,3.029659517286789,1,-0.02819742263183489
Uruguay_DUP4_farm10_field431_soybean_2018,2018,Uruguay,soybean,1.746283769607544,2.0215154826670876,3.029659517286789,1,0.17483332752883518
Uruguay_DUP4_farm10_field432_soybean_2018,2018,Uruguay,soybean,1.114410161972046,2.5259515813693216,3.029659517286789,1,-0.32960277117339887
Uruguay_DUP4_farm10_field433_soybean_2018,2018,Uruguay,soybean,1.2335832118988037,2.769723364038744,3.029659517286789,1,-0.5733745538428212
Uruguay_DUP4_farm10_field434_soybean_2018,2018,Uruguay,soybean,0.9401230812072754,1.9631452429362066,3.029659517286789,1,0.23320356725971614
Uruguay_DUP4_farm10_field435_soybean_2018,2018,Uruguay,soybean,0.8434292078018188,2.491249126379096,3.029659517286789,1,-0.29490031618317314
Uruguay_DUP4_farm10_field436_soybean_2018,2018,Uruguay,soybean,1.048107385635376,2.049037839290664,3.029659517286789,1,0.1473109709052589
Uruguay_DUP4_farm10_field437_soybean_2018,2018,Uruguay,soybean,3.446382761001587,2.1069573823632126,3.029659517286789,0,0.08939142783271015
Uruguay_DUP4_farm10_field438_soybean_2018,2018,Uruguay,soybean,1.6951959133148193,2.0734621087307312,3.029659517286789,1,0.12288670146519154
Uruguay_DUP4_farm10_field439_soybean_2018,2018,Uruguay,soybean,1.7029715776443481,2.0465744820744107,3.029659517286789,1,0.14977432812151203
Uruguay_DUP4_farm10_field440_soybean_2018,2018,Uruguay,soybean,0.5063343048095703,2.660236344581232,3.029659517286789,1,-0.46388753438530905
Uruguay_DUP4_farm10_field441_soybean_2018,2018,Uruguay,soybean,0.8292347192764282,2.23320001865776,3.029659517286789,1,-0.03685120846183709
Uruguay_DUP4_farm10_field442_soybean_2018,2018,Uruguay,soybean,1.4061193466186523,2.451521797256196,3.029659517286789,1,-0.255172987060273
Uruguay_DUP4_farm10_field443_soybean_2018,2018,Uruguay,soybean,1.1408456563949585,2.3493788249288308,3.029659517286789,1,-0.153030014732908
Uruguay_DUP4_farm10_field444_soybean_2018,2018,Uruguay,soybean,1.0819084644317627,2.050875905270679,3.029659517286789,1,0.1454729049252439
Uruguay_DUP4_farm10_field445_soybean_2018,2018,Uruguay,soybean,1.1087545156478882,2.112676191315559,3.029659517286789,1,0.08367261888036381
Uruguay_DUP4_farm10_field446_soybean_2018,2018,Uruguay,soybean,1.5359864234924316,2.0179149361523807,3.029659517286789,1,0.17843387404354205
Uruguay_DUP4_farm10_field447_soybean_2018,2018,Uruguay,soybean,1.7503814697265625,1.9760749505420556,3.029659517286789,1,0.22027385965386714
Uruguay_DUP4_farm10_field448_soybean_2018,2018,Uruguay,soybean,2.49609375,2.660907862985365,3.029659517286789,0,-0.4645590527894421
Uruguay_DUP4_farm10_field450_soybean_2018,2018,Uruguay,soybean,2.4449782371520996,3.3779248049415624,3.029659517286789,0,-1.1815759947456397
Uruguay_DUP4_farm10_field451_soybean_2018,2018,Uruguay,soybean,2.359250545501709,3.506523304862516,3.029659517286789,0,-1.3101744946665934
Uruguay_DUP4_farm10_field452_soybean_2018,2018,Uruguay,soybean,1.984431266784668,3.45250423055271,3.029659517286789,1,-1.2561554203567873
Uruguay_DUP4_farm10_field453_soybean_2018,2018,Uruguay,soybean,0.4928164482116699,2.433492169216562,3.029659517286789,1,-0.2371433590206391
Uruguay_DUP4_farm10_field454_soybean_2018,2018,Uruguay,soybean,1.909615159034729,3.464974630091511,3.029659517286789,1,-1.2686258198955884
Uruguay_DUP4_farm10_field455_soybean_2018,2018,Uruguay,soybean,2.1973204612731934,2.2504064755818196,3.029659517286789,0,-0.05405766538589685
Uruguay_DUP4_farm10_field456_soybean_2018,2018,Uruguay,soybean,0.8330739736557007,2.206863495314718,3.029659517286789,1,-0.010514685118795164
Uruguay_DUP4_farm10_field457_soybean_2018,2018,Uruguay,soybean,0.36484286189079285,2.0988762183825016,3.029659517286789,1,0.09747259181342116
Uruguay_DUP4_farm10_field458_soybean_2018,2018,Uruguay,soybean,1.497491717338562,2.1871545563381423,3.029659517286789,1,0.009194253857780499
Uruguay_DUP4_farm10_field459_soybean_2018,2018,Uruguay,soybean,0.9040318131446838,2.290659468314647,3.029659517286789,1,-0.09431065811872408
Uruguay_DUP4_farm10_field460_soybean_2018,2018,Uruguay,soybean,1.3275463581085205,2.164918154939774,3.029659517286789,1,0.03143065525614874
Uruguay_DUP4_farm10_field461_soybean_2018,2018,Uruguay,soybean,1.1287587881088257,2.0930272909428185,3.029659517286789,1,0.10332151925310429
Uruguay_DUP4_farm10_field462_soybean_2018,2018,Uruguay,soybean,1.7733575105667114,3.483251012929359,3.029659517286789,1,-1.2869022027334363
Uruguay_DUP4_farm10_field463_soybean_2018,2018,Uruguay,soybean,0.8389256000518799,2.250193926238204,3.029659517286789,1,-0.05384511604228104
Uruguay_DUP4_farm10_field464_soybean_2018,2018,Uruguay,soybean,1.0487947463989258,2.0383349881462687,3.029659517286789,1,0.15801382204965408
Uruguay_DUP4_farm10_field465_soybean_2018,2018,Uruguay,soybean,1.1567164659500122,2.4523559419683902,3.029659517286789,1,-0.2560071317724675
Uruguay_DUP4_farm10_field467_soybean_2018,2018,Uruguay,soybean,2.1153945922851562,3.13856696574928,3.029659517286789,1,-0.9422181555533573
Uruguay_DUP4_farm10_field468_soybean_2018,2018,Uruguay,soybean,3.566887378692627,3.0472285400748613,3.029659517286789,0,-0.8508797298789386
Uruguay_DUP4_farm10_field469_soybean_2018,2018,Uruguay,soybean,0.622735321521759,2.0333451658282273,3.029659517286789,1,0.16300364436769543
Uruguay_DUP4_farm10_field470_soybean_2018,2018,Uruguay,soybean,1.1978962421417236,2.834293834534304,3.029659517286789,1,-0.6379450243383813
Uruguay_DUP4_farm10_field471_soybean_2018,2018,Uruguay,soybean,1.6808934211730957,2.3214958906127268,3.029659517286789,1,-0.125147080416804
Uruguay_DUP4_farm10_field472_soybean_2018,2018,Uruguay,soybean,2.0284948348999023,2.3020717638759987,3.029659517286789,1,-0.10572295368007589
Uruguay_DUP4_farm10_field473_soybean_2018,2018,Uruguay,soybean,1.8574634790420532,3.0659402067068244,3.029659517286789,1,-0.8695913965109017
Uruguay_DUP4_farm10_field474_soybean_2018,2018,Uruguay,soybean,2.268859624862671,2.840607722860944,3.029659517286789,0,-0.6442589126650211
Uruguay_DUP4_farm10_field477_soybean_2018,2018,Uruguay,soybean,0.4187958836555481,2.2815743687292627,3.029659517286789,1,-0.0852255585333399
Uruguay_DUP4_farm10_field478_soybean_2018,2018,Uruguay,soybean,0.48138704895973206,2.808935044265894,3.029659517286789,1,-0.6125862340699713
Uruguay_DUP4_farm10_field479_soybean_2018,2018,Uruguay,soybean,0.6870454549789429,2.465118189477019,3.029659517286789,1,-0.2687693792810961
Uruguay_DUP4_farm10_field480_soybean_2018,2018,Uruguay,soybean,0.6809248924255371,1.8460812460498583,3.029659517286789,1,0.3502675641460644
Uruguay_DUP4_farm10_field482_soybean_2018,2018,Uruguay,soybean,0.8167766332626343,2.9876026360253154,3.029659517286789,1,-0.7912538258293926
Uruguay_DUP4_farm10_field483_soybean_2018,2018,Uruguay,soybean,0.7279146909713745,2.4088354847847406,3.029659517286789,1,-0.21248667458881787
Uruguay_DUP4_farm10_field484_soybean_2018,2018,Uruguay,soybean,0.6426303386688232,2.4491792756699855,3.029659517286789,1,-0.25283046547406274
Uruguay_DUP4_farm2_field30_soybean_2018,2018,Uruguay,soybean,2.0178170204162598,2.1047391077211293,3.029659517286789,1,0.0916097024747935
Uruguay_DUP4_farm2_field31_soybean_2018,2018,Uruguay,soybean,2.0568480491638184,2.7855519807394473,3.029659517286789,1,-0.5892031705435246
Uruguay_DUP4_farm2_field32_soybean_2018,2018,Uruguay,soybean,0.8470730185508728,3.519827565329482,3.029659517286789,1,-1.3234787551335594
Uruguay_DUP4_farm2_field33_soybean_2018,2018,Uruguay,soybean,1.3993847370147705,2.3669976102676173,3.029659517286789,1,-0.17064880007169458
Uruguay_DUP4_farm2_field35_soybean_2018,2018,Uruguay,soybean,2.6731863021850586,3.0849384997971585,3.029659517286789,0,-0.8885896896012357
Uruguay_DUP4_farm2_field36_soybean_2018,2018,Uruguay,soybean,2.0424749851226807,2.388642570916874,3.029659517286789,1,-0.1922937607209514
Uruguay_DUP4_farm2_field37_soybean_2018,2018,Uruguay,soybean,2.537604808807373,3.5880944959095715,3.029659517286789,0,-1.3917456857136488
Uruguay_DUP4_farm2_field38_soybean_2018,2018,Uruguay,soybean,2.1192855834960938,3.279249312862047,3.029659517286789,1,-1.0829005026661243
Uruguay_DUP4_farm2_field39_soybean_2018,2018,Uruguay,soybean,4.97405481338501,3.420128627623563,3.029659517286789,0,-1.2237798174276402
Uruguay_DUP4_farm2_field40_soybean_2018,2018,Uruguay,soybean,1.387189269065857,3.4612238911689905,3.029659517286789,1,-1.2648750809730678
Uruguay_DUP4_farm2_field41_soybean_2018,2018,Uruguay,soybean,1.6066265106201172,3.4699693279123704,3.029659517286789,1,-1.2736205177164477
Uruguay_DUP4_farm2_field42_soybean_2018,2018,Uruguay,soybean,1.4089760780334473,3.4889576219020477,3.029659517286789,1,-1.292608811706125
Uruguay_DUP4_farm2_field43_soybean_2018,2018,Uruguay,soybean,0.9427213072776794,2.1349135713290366,3.029659517286789,1,0.06143523886688618
Uruguay_DUP4_farm2_field44_soybean_2018,2018,Uruguay,soybean,1.1545205116271973,2.9586261170156005,3.029659517286789,1,-0.7622773068196778
Uruguay_DUP4_farm2_field45_soybean_2018,2018,Uruguay,soybean,1.4927074909210205,2.294679792257842,3.029659517286789,1,-0.09833098206191915
Uruguay_DUP4_farm2_field48_soybean_2018,2018,Uruguay,soybean,4.011366844177246,2.246078689043588,3.029659517286789,0,-0.04972987884766544
Uruguay_DUP4_farm2_field49_soybean_2018,2018,Uruguay,soybean,3.1869349479675293,2.2810841165093203,3.029659517286789,0,-0.08473530631339754
Uruguay_DUP4_farm2_field50_soybean_2018,2018,Uruguay,soybean,2.4949824810028076,2.639493310489422,3.029659517286789,0,-0.4431445002934993
Uruguay_DUP4_farm2_field51_soybean_2018,2018,Uruguay,soybean,1.3362756967544556,1.9792575847672291,3.029659517286789,1,0.21709122542869363
Uruguay_DUP4_farm2_field52_soybean_2018,2018,Uruguay,soybean,2.1035056114196777,2.0994559770156944,3.029659517286789,1,0.09689283318022834
Uruguay_DUP4_farm4_field103_soybean_2018,2018,Uruguay,soybean,0.8594005703926086,2.199116491084591,3.029659517286789,1,-0.002767680888668078
Uruguay_DUP4_farm4_field104_soybean_2018,2018,Uruguay,soybean,0.5068167448043823,2.155708627620902,3.029659517286789,1,0.04064018257502067
Uruguay_DUP4_farm4_field106_soybean_2018,2018,Uruguay,soybean,1.0942317247390747,2.228990641895245,3.029659517286789,1,-0.03264183169932222
Uruguay_DUP4_farm4_field108_soybean_2018,2018,Uruguay,soybean,1.5913324356079102,2.125663710151246,3.029659517286789,1,0.07068510004467665
Uruguay_DUP4_farm4_field110_soybean_2018,2018,Uruguay,soybean,1.5798174142837524,1.9493932267261749,3.029659517286789,1,0.24695558346974789
Uruguay_DUP4_farm4_field112_soybean_2018,2018,Uruguay,soybean,1.366152048110962,2.131147510482644,3.029659517286789,1,0.0652012997132787
Uruguay_DUP4_farm4_field114_soybean_2018,2018,Uruguay,soybean,1.6969934701919556,2.094927552983799,3.029659517286789,1,0.1014212572121238
Uruguay_DUP4_farm4_field116_soybean_2018,2018,Uruguay,soybean,1.1032682657241821,1.8754347526388941,3.029659517286789,1,0.3209140575570286
Uruguay_DUP4_farm4_field117_soybean_2018,2018,Uruguay,soybean,1.3852356672286987,2.579448458013955,3.029659517286789,1,-0.3830996478180322
Uruguay_DUP4_farm4_field118_soybean_2018,2018,Uruguay,soybean,1.2456755638122559,2.4151301496542565,3.029659517286789,1,-0.21878133945833378
Uruguay_DUP4_farm4_field119_soybean_2018,2018,Uruguay,soybean,1.316332459449768,2.4453682307213347,3.029659517286789,1,-0.24901942052541193
Uruguay_DUP4_farm4_field121_soybean_2018,2018,Uruguay,soybean,0.9711331725120544,2.2005938128090667,3.029659517286789,1,-0.004245002613143978
Uruguay_DUP4_farm4_field124_soybean_2018,2018,Uruguay,soybean,2.1739346981048584,2.307302373440838,3.029659517286789,1,-0.11095356324491545
Uruguay_DUP4_farm4_field126_soybean_2018,2018,Uruguay,soybean,2.0706400871276855,2.343029820174346,3.029659517286789,1,-0.14668100997842304
Uruguay_DUP4_farm4_field127_soybean_2018,2018,Uruguay,soybean,2.17620849609375,2.119912146896091,3.029659517286789,1,0.07643666329983168
Uruguay_DUP4_farm4_field128_soybean_2018,2018,Uruguay,soybean,1.3835545778274536,2.2701068831438675,3.029659517286789,1,-0.07375807294794479
Uruguay_DUP4_farm4_field130_soybean_2018,2018,Uruguay,soybean,1.2850332260131836,1.8646574156808977,3.029659517286789,1,0.33169139451502505
Uruguay_DUP4_farm4_field131_soybean_2018,2018,Uruguay,soybean,1.9248149394989014,2.2041675043466373,3.029659517286789,1,-0.007818694150714567
Uruguay_DUP4_farm4_field132_soybean_2018,2018,Uruguay,soybean,1.5064284801483154,2.0340073205452534,3.029659517286789,1,0.1623414896506694
Uruguay_DUP4_farm4_field134_soybean_2018,2018,Uruguay,soybean,1.612906575202942,2.0948868451601843,3.029659517286789,1,0.10146196503573846
Uruguay_DUP4_farm4_field135_soybean_2018,2018,Uruguay,soybean,1.0516643524169922,2.2636354348035668,3.029659517286789,1,-0.06728662460764401
Uruguay_DUP4_farm4_field136_soybean_2018,2018,Uruguay,soybean,2.0383124351501465,2.0234776546617708,3.029659517286789,1,0.172871155534152
Uruguay_DUP4_farm4_field137_soybean_2018,2018,Uruguay,soybean,1.997859239578247,2.545460285469205,3.029659517286789,1,-0.34911147527328223
Uruguay_DUP4_farm4_field138_soybean_2018,2018,Uruguay,soybean,2.394808053970337,2.057958949832425,3.029659517286789,0,0.13838986036349787
Uruguay_DUP4_farm4_field139_soybean_2018,2018,Uruguay,soybean,2.243678092956543,1.9371274595433376,3.029659517286789,0,0.2592213506525851
Uruguay_DUP4_farm4_field140_soybean_2018,2018,Uruguay,soybean,1.8910560607910156,2.157813859425472,3.029659517286789,1,0.03853495077045066
Uruguay_DUP4_farm4_field141_soybean_2018,2018,Uruguay,soybean,1.761260986328125,2.138725387852378,3.029659517286789,1,0.05762342234354456
Uruguay_DUP4_farm4_field143_soybean_2018,2018,Uruguay,soybean,0.9559074640274048,2.0867939418516395,3.029659517286789,1,0.1095548683442833
Uruguay_DUP4_farm4_field144_soybean_2018,2018,Uruguay,soybean,0.7427573204040527,2.0884264558655037,3.029659517286789,1,0.10792235433041908
Uruguay_DUP4_farm4_field145_soybean_2018,2018,Uruguay,soybean,0.6671935319900513,2.114150822472369,3.029659517286789,1,0.08219798772355391
Uruguay_DUP4_farm4_field146_soybean_2018,2018,Uruguay,soybean,0.854717493057251,2.4465517542313826,3.029659517286789,1,-0.25020294403545984
Uruguay_DUP4_farm7_field185_soybean_2018,2018,Uruguay,soybean,3.513538360595703,1.9985321206805697,3.029659517286789,0,0.19781668951535303
Uruguay_DUP4_farm7_field186_soybean_2018,2018,Uruguay,soybean,4.6075897216796875,2.4839708557118345,3.029659517286789,0,-0.28762204551591175
Uruguay_DUP4_farm7_field187_soybean_2018,2018,Uruguay,soybean,1.2098259925842285,2.4071742579166315,3.029659517286789,1,-0.21082544772070877
Uruguay_DUP4_farm7_field188_soybean_2018,2018,Uruguay,soybean,4.035690784454346,1.7391235674647663,3.029659517286789,0,0.4572252427311565
Uruguay_DUP4_farm7_field189_soybean_2018,2018,Uruguay,soybean,1.6689718961715698,2.3491205346309902,3.029659517286789,1,-0.15277172443506748
Uruguay_DUP4_farm7_field190_soybean_2018,2018,Uruguay,soybean,1.6221749782562256,2.096030068378819,3.029659517286789,1,0.10031874181710387
Uruguay_DUP4_farm7_field191_soybean_2018,2018,Uruguay,soybean,2.7964413166046143,2.856250064956363,3.029659517286789,0,-0.6599012547604404
Uruguay_DUP4_farm7_field192_soybean_2018,2018,Uruguay,soybean,1.4842650890350342,2.4501250685801126,3.029659517286789,1,-0.2537762583841898
Uruguay_DUP4_farm7_field193_soybean_2018,2018,Uruguay,soybean,3.867628335952759,2.1795359864109747,3.029659517286789,0,0.016812823784948083
Uruguay_DUP4_farm7_field194_soybean_2018,2018,Uruguay,soybean,1.3293033838272095,2.1043620378428427,3.029659517286789,1,0.09198677235308006
Uruguay_DUP4_farm7_field197_soybean_2018,2018,Uruguay,soybean,2.2386724948883057,2.6339007701044266,3.029659517286789,0,-0.4375519599085038
Uruguay_DUP4_farm7_field198_soybean_2018,2018,Uruguay,soybean,1.6572648286819458,2.7624136214832067,3.029659517286789,1,-0.5660648112872839
Uruguay_DUP4_farm7_field199_soybean_2018,2018,Uruguay,soybean,2.712717056274414,2.4789668399838902,3.029659517286789,0,-0.28261802978796746
Uruguay_DUP4_farm7_field200_soybean_2018,2018,Uruguay,soybean,2.1160500049591064,2.652712826186076,3.029659517286789,1,-0.4563640159901534
Uruguay_DUP4_farm7_field201_soybean_2018,2018,Uruguay,soybean,1.834276556968689,2.6940855044345304,3.029659517286789,1,-0.49773669423860767
Uruguay_DUP4_farm7_field202_soybean_2018,2018,Uruguay,soybean,1.9077701568603516,2.7051838602392966,3.029659517286789,1,-0.5088350500433738
Uruguay_DUP4_farm7_field203_soybean_2018,2018,Uruguay,soybean,5.356112957000732,2.173722212640481,3.029659517286789,0,0.02262659755544183
Uruguay_DUP4_farm7_field204_soybean_2018,2018,Uruguay,soybean,1.3491686582565308,2.0436620276117674,3.029659517286789,1,0.15268678258415536
Uruguay_DUP4_farm7_field205_soybean_2018,2018,Uruguay,soybean,1.1371465921401978,2.100594810144597,3.029659517286789,1,0.09575400005132595
Uruguay_DUP4_farm7_field206_soybean_2018,2018,Uruguay,soybean,1.7839241027832031,2.0667167427881785,3.029659517286789,1,0.12963206740774424
Uruguay_DUP4_farm7_field207_soybean_2018,2018,Uruguay,soybean,1.8242532014846802,3.1839867339168557,3.029659517286789,1,-0.987637923720933
Uruguay_DUP4_farm7_field208_soybean_2018,2018,Uruguay,soybean,1.3808342218399048,2.2295475150968675,3.029659517286789,1,-0.03319870490094479
Uruguay_DUP4_farm7_field209_soybean_2018,2018,Uruguay,soybean,1.529417634010315,2.442043511423489,3.029659517286789,1,-0.2456947012275661
Uruguay_DUP4_farm7_field210_soybean_2018,2018,Uruguay,soybean,1.7316771745681763,2.175878502450647,3.029659517286789,1,0.020470307745275917
Uruguay_DUP4_farm7_field211_soybean_2018,2018,Uruguay,soybean,1.0793153047561646,2.115654533490603,3.029659517286789,1,0.08069427670531981
Uruguay_DUP4_farm7_field212_soybean_2018,2018,Uruguay,soybean,1.7255641222000122,2.0572834516851164,3.029659517286789,1,0.13906535851080637
Uruguay_DUP4_farm7_field213_soybean_2018,2018,Uruguay,soybean,1.3029836416244507,2.1203339556030762,3.029659517286789,1,0.07601485459284651
Uruguay_DUP4_farm7_field216_soybean_2018,2018,Uruguay,soybean,1.0417062044143677,2.106106065073778,3.029659517286789,1,0.09024274512214481
Uruguay_DUP4_farm7_field217_soybean_2018,2018,Uruguay,soybean,0.8240219950675964,2.031273164771319,3.029659517286789,1,0.16507564542460385
Uruguay_DUP4_farm7_field218_soybean_2018,2018,Uruguay,soybean,0.6391227841377258,1.9164984563740768,3.029659517286789,1,0.279850353821846
Uruguay_DUP4_farm7_field219_soybean_2018,2018,Uruguay,soybean,2.2567059993743896,1.9981335587129596,3.029659517286789,0,0.19821525148296315
Uruguay_DUP4_farm7_field221_soybean_2018,2018,Uruguay,soybean,0.8474383354187012,2.620190619244146,3.029659517286789,1,-0.42384180904822344
Uruguay_DUP4_farm9_field266_soybean_2018,2018,Uruguay,soybean,1.7508411407470703,1.977760601394773,3.029659517286789,1,0.2185882088011497
Uruguay_DUP4_farm9_field267_soybean_2018,2018,Uruguay,soybean,2.1374104022979736,2.8007644795895548,3.029659517286789,1,-0.604415669393632
Uruguay_DUP4_farm9_field268_soybean_2018,2018,Uruguay,soybean,2.4390859603881836,2.866104065682278,3.029659517286789,0,-0.6697552554863551
Uruguay_DUP4_farm9_field269_soybean_2018,2018,Uruguay,soybean,1.309033751487732,3.332598587187227,3.029659517286789,1,-1.136249776991304
Uruguay_DUP4_farm9_field270_soybean_2018,2018,Uruguay,soybean,3.5044057369232178,2.8147917409240844,3.029659517286789,0,-0.6184429307281616
Uruguay_DUP4_farm9_field271_soybean_2018,2018,Uruguay,soybean,1.4167546033859253,2.59545740515178,3.029659517286789,1,-0.39910859495585704
Uruguay_DUP4_farm9_field272_soybean_2018,2018,Uruguay,soybean,1.8264541625976562,2.8675547584913628,3.029659517286789,1,-0.67120594829544
Uruguay_DUP4_farm9_field274_soybean_2018,2018,Uruguay,soybean,2.25248646736145,2.8187769950540407,3.029659517286789,0,-0.6224281848581179
Uruguay_DUP4_farm9_field276_soybean_2018,2018,Uruguay,soybean,1.9421370029449463,2.6130783263918866,3.029659517286789,1,-0.4167295161959639
Uruguay_DUP4_farm9_field278_soybean_2018,2018,Uruguay,soybean,1.5765554904937744,2.376146819799604,3.029659517286789,1,-0.1797980096036813
Uruguay_DUP4_farm9_field279_soybean_2018,2018,Uruguay,soybean,1.7351405620574951,2.7852176817296757,3.029659517286789,1,-0.5888688715337529
Uruguay_DUP4_farm9_field280_soybean_2018,2018,Uruguay,soybean,2.0824711322784424,2.811129473812758,3.029659517286789,1,-0.6147806636168354
Uruguay_DUP4_farm9_field281_soybean_2018,2018,Uruguay,soybean,1.9643234014511108,3.5083543340038656,3.029659517286789,1,-1.3120055238079429
Uruguay_DUP4_farm9_field282_soybean_2018,2018,Uruguay,soybean,2.2147390842437744,3.561676475143371,3.029659517286789,0,-1.3653276649474484
Uruguay_DUP4_farm9_field283_soybean_2018,2018,Uruguay,soybean,1.9983041286468506,3.5175832222148444,3.029659517286789,1,-1.3212344120189217
Uruguay_DUP4_farm9_field284_soybean_2018,2018,Uruguay,soybean,2.087367057800293,2.10035382416854,3.029659517286789,1,0.09599498602738255
Uruguay_DUP4_farm9_field285_soybean_2018,2018,Uruguay,soybean,2.1038248538970947,2.2714783127334734,3.029659517286789,1,-0.07512950253755069
Uruguay_DUP4_farm9_field286_soybean_2018,2018,Uruguay,soybean,2.3177733421325684,2.83086697518312,3.029659517286789,0,-0.6345181649871972
Uruguay_DUP4_farm9_field287_soybean_2018,2018,Uruguay,soybean,2.1983728408813477,3.211639103711402,3.029659517286789,0,-1.0152902935154793
Uruguay_DUP4_farm9_field288_soybean_2018,2018,Uruguay,soybean,2.7589340209960938,2.755843871695333,3.029659517286789,0,-0.5594950614994101
Uruguay_DUP4_farm9_field289_soybean_2018,2018,Uruguay,soybean,1.2113174200057983,2.4438025260583336,3.029659517286789,1,-0.24745371586241083
Argentina_DUP1_farm15_field133_soybean_2019,2019,Argentina,soybean,4.533023357391357,3.6082943144074466,3.443006363179949,0,-1.281275624298193
Argentina_DUP1_farm15_field134_soybean_2019,2019,Argentina,soybean,4.712563514709473,3.6121451529910895,3.443006363179949,0,-1.285126462881836
Argentina_DUP1_farm15_field135_soybean_2019,2019,Argentina,soybean,3.92604660987854,3.9409678627328604,3.443006363179949,0,-1.6139491726236068
Argentina_DUP1_farm15_field136_soybean_2019,2019,Argentina,soybean,3.9629569053649902,3.3558569099759423,3.443006363179949,0,-1.0288382198666888
Argentina_DUP1_farm15_field137_soybean_2019,2019,Argentina,soybean,4.124248027801514,3.0964329635719374,3.443006363179949,0,-0.7694142734626839
Argentina_DUP1_farm17_field169_soybean_2019,2019,Argentina,soybean,4.524634838104248,3.8320180448898595,3.443006363179949,0,-1.504999354780606
Argentina_DUP1_farm17_field170_soybean_2019,2019,Argentina,soybean,3.9727466106414795,3.166693966785104,3.443006363179949,0,-0.8396752766758504
Argentina_DUP1_farm17_field173_soybean_2019,2019,Argentina,soybean,4.767601013183594,3.8615430098407173,3.443006363179949,0,-1.5345243197314637
Argentina_DUP1_farm17_field177_soybean_2019,2019,Argentina,soybean,5.033425807952881,3.1648930733033827,3.443006363179949,0,-0.8378743831941291
Argentina_DUP1_farm17_field182_soybean_2019,2019,Argentina,soybean,4.038310527801514,3.8074157560367397,3.443006363179949,0,-1.480397065927486
Argentina_DUP1_farm17_field186_soybean_2019,2019,Argentina,soybean,4.064451217651367,3.639196203225374,3.443006363179949,0,-1.3121775131161204
Argentina_DUP1_farm17_field191_soybean_2019,2019,Argentina,soybean,4.892439842224121,4.106633968019723,3.443006363179949,0,-1.779615277910469
Argentina_DUP1_farm23_field218_soybean_2019,2019,Argentina,soybean,2.855816602706909,3.77177208303127,3.443006363179949,0,-1.4447533929220167
Argentina_DUP1_farm23_field233_soybean_2019,2019,Argentina,soybean,3.784775495529175,3.3328746729932424,3.443006363179949,0,-1.0058559828839888
Argentina_DUP1_farm43_field443_corn_2019,2019,Argentina,corn,14.885344505310059,8.740095168688516,8.563998227478356,0,-2.639295322039346
Argentina_DUP1_farm44_field455_soybean_2019,2019,Argentina,soybean,4.69218635559082,4.182785700901439,3.443006363179949,0,-1.8557670107921855
Argentina_DUP1_farm44_field463_soybean_2019,2019,Argentina,soybean,4.202212333679199,4.434566998878126,3.443006363179949,0,-2.1075483087688727
Argentina_DUP1_farm44_field469_soybean_2019,2019,Argentina,soybean,4.797499656677246,4.258479629677386,3.443006363179949,0,-1.9314609395681326
Argentina_DUP1_farm44_field470_soybean_2019,2019,Argentina,soybean,4.156064033508301,4.308488091118135,3.443006363179949,0,-1.9814694010088814
Argentina_DUP1_farm44_field472_soybean_2019,2019,Argentina,soybean,4.043828010559082,4.340055066811056,3.443006363179949,0,-2.0130363767018022
Argentina_DUP1_farm44_field481_soybean_2019,2019,Argentina,soybean,4.2340006828308105,4.374530086698762,3.443006363179949,0,-2.0475113965895084
Argentina_DUP1_farm44_field502_soybean_2019,2019,Argentina,soybean,3.5367519855499268,4.334803547037313,3.443006363179949,0,-2.0077848569280596
Argentina_DUP1_farm44_field504_soybean_2019,2019,Argentina,soybean,4.64241361618042,4.363014375071959,3.443006363179949,0,-2.0359956849627054
Argentina_DUP1_farm44_field508_soybean_2019,2019,Argentina,soybean,3.796565532684326,4.173627311269133,3.443006363179949,0,-1.8466086211598793
Argentina_DUP1_farm44_field510_soybean_2019,2019,Argentina,soybean,3.9510750770568848,4.312790739111184,3.443006363179949,0,-1.9857720490019308
Argentina_DUP1_farm44_field536_soybean_2019,2019,Argentina,soybean,4.50089168548584,4.122372133865319,3.443006363179949,0,-1.7953534437560656
Argentina_DUP1_farm44_field541_soybean_2019,2019,Argentina,soybean,3.032177209854126,4.306307434060741,3.443006363179949,0,-1.979288743951487
Argentina_DUP1_farm44_field549_soybean_2019,2019,Argentina,soybean,4.364538669586182,4.460204309232756,3.443006363179949,0,-2.1331856191235024
Argentina_DUP1_farm44_field567_soybean_2019,2019,Argentina,soybean,4.319566249847412,4.200067525929527,3.443006363179949,0,-1.8730488358202737
Argentina_DUP1_farm44_field569_corn_2019,2019,Argentina,corn,11.599839210510254,9.368236812076146,8.563998227478356,0,-3.2674369654269766
Argentina_DUP1_farm44_field571_soybean_2019,2019,Argentina,soybean,2.877171039581299,4.3410491838251035,3.443006363179949,0,-2.01403049371585
Argentina_DUP1_farm45_field583_wheat_2019,2019,Argentina,wheat,6.431111812591553,6.028479231998679,4.061617747694254,0,-4.068070139095542
Argentina_DUP1_farm45_field588_wheat_2019,2019,Argentina,wheat,6.080214023590088,5.5449199840812415,4.061617747694254,0,-3.5845108911781045
Argentina_DUP1_farm45_field601_wheat_2019,2019,Argentina,wheat,6.201404571533203,5.604357638711297,4.061617747694254,0,-3.6439485458081604
Argentina_DUP1_farm45_field615_wheat_2019,2019,Argentina,wheat,5.770498275756836,4.812148503227622,4.061617747694254,0,-2.851739410324485
Argentina_DUP1_farm54_field734_corn_2019,2019,Argentina,corn,11.490662574768066,8.181405634207529,8.563998227478356,0,-2.0806057875583592
Argentina_DUP1_farm54_field737_soybean_2019,2019,Argentina,soybean,2.594745397567749,2.912254325605267,3.443006363179949,0,-0.5852356354960135
Argentina_DUP1_farm9_field88_wheat_2019,2019,Argentina,wheat,6.662379741668701,4.521268640405285,4.061617747694254,0,-2.5608595475021483
Brazil_DUP2_farm2_field18_soybean_2019,2019,Brazil,soybean,3.74405837059021,3.969966397136852,4.253176537079689,1,-0.12677763447205725
Brazil_DUP2_farm2_field25_corn_2019,2019,Brazil,corn,7.2953948974609375,7.176794587705814,6.644953894971022,0,-2.43585840377637
Brazil_DUP2_farm2_field35_soybean_2019,2019,Brazil,soybean,3.445600748062134,3.9364116471433537,4.253176537079689,1,-0.09322288447855875
Brazil_DUP2_farm2_field39_corn_2019,2019,Brazil,corn,8.958821296691895,7.297048940580641,6.644953894971022,0,-2.5561127566511974
Brazil_DUP2_farm2_field41_soybean_2019,2019,Brazil,soybean,3.871553659439087,4.151804187629967,4.253176537079689,0,-0.308615424965172
Brazil_DUP2_farm2_field43_corn_2019,2019,Brazil,corn,7.238475799560547,7.1582442494939125,6.644953894971022,0,-2.4173080655644688
Brazil_DUP2_farm2_field5_soybean_2019,2019,Brazil,soybean,3.187739372253418,3.8057272624143925,4.253176537079689,1,0.0374615002504024
Brazil_DUP2_farm2_field8_corn_2019,2019,Brazil,corn,7.070390701293945,7.172168550030497,6.644953894971022,0,-2.431232366101053
Brazil_DUP2_farm4_field105_soybean_2019,2019,Brazil,soybean,3.6059067249298096,4.322203491725253,4.253176537079689,1,-0.4790147290604585
Brazil_DUP2_farm4_field116_wheat_2019,2019,Brazil,wheat,3.567073106765747,3.9792645648901313,3.784846787982517,0,-0.9173998550360052
Brazil_DUP2_farm4_field60_wheat_2019,2019,Brazil,wheat,4.3005595207214355,4.2830875370795365,3.784846787982517,0,-1.2212228272254104
Brazil_DUP2_farm4_field72_wheat_2019,2019,Brazil,wheat,3.220424175262451,3.9144829361857765,3.784846787982517,0,-0.8526182263316504
Brazil_DUP2_farm4_field75_wheat_2019,2019,Brazil,wheat,2.6822128295898438,3.1981362910916245,3.784846787982517,1,-0.13627158123749838
Brazil_DUP2_farm4_field76_wheat_2019,2019,Brazil,wheat,3.214493989944458,3.770255050965687,3.784846787982517,0,-0.7083903411115609
Brazil_DUP2_farm4_field82_soybean_2019,2019,Brazil,soybean,3.4304964542388916,4.490010706832886,4.253176537079689,1,-0.6468219441680914
Brazil_DUP2_farm4_field86_soybean_2019,2019,Brazil,soybean,3.397012948989868,4.341277972812667,4.253176537079689,1,-0.4980892101478718
Brazil_DUP2_farm4_field88_soybean_2019,2019,Brazil,soybean,2.7837440967559814,4.267492590812105,4.253176537079689,1,-0.42430382814730994
Brazil_DUP2_farm4_field93_wheat_2019,2019,Brazil,wheat,3.552446126937866,3.7823467987341686,3.784846787982517,0,-0.7204820888800425
Brazil_DUP2_farm4_field95_soybean_2019,2019,Brazil,soybean,2.6613800525665283,4.373302319098174,4.253176537079689,1,-0.5301135564333794
Brazil_DUP2_farm4_field99_soybean_2019,2019,Brazil,soybean,2.7837300300598145,4.281904321497927,4.253176537079689,1,-0.43871555883313196
Brazil_DUP2_farm5_field147_corn_2019,2019,Brazil,corn,6.883048057556152,6.258106225482337,6.644953894971022,0,-1.5171700415528937
Brazil_DUP2_farm5_field150_soybean_2019,2019,Brazil,soybean,3.679835081100464,4.556399875151974,4.253176537079689,1,-0.7132111124871789
Brazil_DUP2_farm5_field167_wheat_2019,2019,Brazil,wheat,3.5153419971466064,4.18258705667723,3.784846787982517,0,-1.1207223468231038
Brazil_DUP2_farm5_field175_soybean_2019,2019,Brazil,soybean,2.9326059818267822,4.477712313591063,4.253176537079689,1,-0.6345235509262679
Brazil_DUP2_farm5_field177_soybean_2019,2019,Brazil,soybean,3.472752332687378,3.9519856654167786,4.253176537079689,1,-0.10879690275198373
Brazil_DUP2_farm5_field183_wheat_2019,2019,Brazil,wheat,3.6881608963012695,4.2172856507436185,3.784846787982517,0,-1.1554209408894924
Brazil_DUP2_farm5_field184_soybean_2019,2019,Brazil,soybean,2.2968311309814453,3.7394899655680707,4.253176537079689,1,0.10369879709672425
Brazil_DUP2_farm5_field186_corn_2019,2019,Brazil,corn,5.948436737060547,6.402114806051738,6.644953894971022,0,-1.6611786221222946
Brazil_DUP2_farm5_field189_soybean_2019,2019,Brazil,soybean,3.1261260509490967,4.046810128215762,4.253176537079689,1,-0.20362136555096733
Brazil_DUP2_farm5_field192_soybean_2019,2019,Brazil,soybean,3.6509933471679688,4.663575888629166,4.253176537079689,1,-0.8203871259643707
Brazil_DUP2_farm5_field195_corn_2019,2019,Brazil,corn,7.561824798583984,6.620365360545564,6.644953894971022,0,-1.87942917661612
Brazil_DUP2_farm5_field198_wheat_2019,2019,Brazil,wheat,2.922711133956909,3.6331349934716894,3.784846787982517,1,-0.5712702836175634
Brazil_DUP2_farm5_field212_wheat_2019,2019,Brazil,wheat,2.916748046875,3.5560674954716065,3.784846787982517,1,-0.49420278561748043
Brazil_DUP2_farm5_field220_soybean_2019,2019,Brazil,soybean,2.7782371044158936,3.716792432805348,4.253176537079689,1,0.12639632985944704
Brazil_DUP2_farm5_field222_wheat_2019,2019,Brazil,wheat,3.0183374881744385,3.5615668604950135,3.784846787982517,1,-0.4997021506408874
Brazil_DUP2_farm5_field228_soybean_2019,2019,Brazil,soybean,2.9502627849578857,4.49037573950566,4.253176537079689,1,-0.6471869768408647
Brazil_DUP2_farm5_field231_wheat_2019,2019,Brazil,wheat,3.8251779079437256,4.314079868859034,3.784846787982517,0,-1.252215159004908
Brazil_DUP2_farm5_field255_soybean_2019,2019,Brazil,soybean,2.6488635540008545,3.742712131531476,4.253176537079689,1,0.10047663113331895
Brazil_DUP2_farm5_field258_corn_2019,2019,Brazil,corn,6.085999011993408,6.641440352290716,6.644953894971022,0,-1.9005041683612722
Brazil_DUP2_farm5_field275_corn_2019,2019,Brazil,corn,8.016576766967773,7.769098514900182,6.644953894971022,0,-3.028162330970738
Brazil_DUP2_farm6_field287_wheat_2019,2019,Brazil,wheat,3.302617073059082,3.7698716803941092,3.784846787982517,0,-0.7080069705399832
Brazil_DUP2_farm6_field295_corn_2019,2019,Brazil,corn,5.638669013977051,5.791921729129744,6.644953894971022,0,-1.0509855452002999
Brazil_DUP2_farm6_field304_soybean_2019,2019,Brazil,soybean,2.8104407787323,4.5224947776028035,4.253176537079689,1,-0.6793060149380086
Brazil_DUP2_farm6_field318_soybean_2019,2019,Brazil,soybean,3.2935357093811035,4.545349491843798,4.253176537079689,1,-0.7021607291790035
Brazil_DUP2_farm6_field329_soybean_2019,2019,Brazil,soybean,3.988605260848999,4.7000243491485145,4.253176537079689,0,-0.8568355864837196
Brazil_DUP2_farm6_field331_wheat_2019,2019,Brazil,wheat,4.073089122772217,3.5689036175586097,3.784846787982517,0,-0.5070389077044837
Brazil_DUP2_farm6_field335_wheat_2019,2019,Brazil,wheat,3.8059654235839844,3.8018971622955875,3.784846787982517,0,-0.7400324524414614
Brazil_DUP2_farm6_field346_soybean_2019,2019,Brazil,soybean,3.898216485977173,4.673226542264728,4.253176537079689,0,-0.830037779599933
Brazil_DUP2_farm6_field347_corn_2019,2019,Brazil,corn,6.527939319610596,6.320676995796379,6.644953894971022,0,-1.5797408118669356
Brazil_DUP2_farm6_field349_wheat_2019,2019,Brazil,wheat,4.300729751586914,3.913066092545272,3.784846787982517,0,-0.851201382691146
Brazil_DUP2_farm6_field363_wheat_2019,2019,Brazil,wheat,3.753354787826538,3.8350280886662698,3.784846787982517,0,-0.7731633788121437
Brazil_DUP2_farm6_field373_corn_2019,2019,Brazil,corn,7.1012959480285645,5.960972654944679,6.644953894971022,0,-1.2200364710152352
Brazil_DUP2_farm6_field382_wheat_2019,2019,Brazil,wheat,3.7733302116394043,3.935856485213187,3.784846787982517,0,-0.8739917753590611
Brazil_DUP2_farm6_field392_soybean_2019,2019,Brazil,soybean,3.5063679218292236,4.584872420631642,4.253176537079689,1,-0.7416836579668473
Brazil_DUP2_farm6_field398_soybean_2019,2019,Brazil,soybean,4.125811576843262,4.524466085917305,4.253176537079689,0,-0.6812773232525098
Brazil_DUP2_farm6_field408_corn_2019,2019,Brazil,corn,6.854948043823242,6.297494501290793,6.644953894971022,0,-1.5565583173613495
Brazil_DUP2_farm6_field414_soybean_2019,2019,Brazil,soybean,3.609548330307007,4.625849803200639,4.253176537079689,1,-0.7826610405358441
Brazil_DUP2_farm6_field430_wheat_2019,2019,Brazil,wheat,3.478109121322632,3.8108046455638367,3.784846787982517,0,-0.7489399357097106
Brazil_DUP2_farm6_field444_soybean_2019,2019,Brazil,soybean,2.5147814750671387,4.574365787325125,4.253176537079689,1,-0.7311770246603304
Brazil_DUP2_farm6_field450_soybean_2019,2019,Brazil,soybean,3.5977067947387695,4.460680495453308,4.253176537079689,1,-0.6174917327885128
Brazil_DUP2_farm6_field451_soybean_2019,2019,Brazil,soybean,2.73765230178833,4.495498476837358,4.253176537079689,1,-0.6523097141725627
Brazil_DUP2_farm6_field461_wheat_2019,2019,Brazil,wheat,4.069079399108887,3.6477924472411716,3.784846787982517,0,-0.5859277373870455
Brazil_DUP2_farm7_field476_soybean_2019,2019,Brazil,soybean,1.9895975589752197,3.861130683992821,4.253176537079689,1,-0.0179419213280263
Brazil_DUP2_farm7_field481_soybean_2019,2019,Brazil,soybean,2.1961593627929688,3.8111673178665924,4.253176537079689,1,0.03202144479820257
Brazil_DUP2_farm7_field482_soybean_2019,2019,Brazil,soybean,2.4720380306243896,4.050441360739488,4.253176537079689,1,-0.20725259807469332
Brazil_DUP2_farm7_field486_soybean_2019,2019,Brazil,soybean,2.5930209159851074,4.038208190821724,4.253176537079689,1,-0.19501942815692885
Brazil_DUP2_farm7_field487_soybean_2019,2019,Brazil,soybean,2.331937789916992,3.832935455001146,4.253176537079689,1,0.010253307663648847
Brazil_DUP2_farm7_field490_soybean_2019,2019,Brazil,soybean,1.8985341787338257,4.005278607293133,4.253176537079689,1,-0.16208984462833786
Brazil_DUP2_farm9_field506_soybean_2019,2019,Brazil,soybean,3.4094583988189697,4.272234818533345,4.253176537079689,1,-0.42904605586855027
Brazil_DUP2_farm9_field516_wheat_2019,2019,Brazil,wheat,4.619450569152832,4.104425637573793,3.784846787982517,0,-1.0425609277196668
Brazil_DUP2_farm9_field531_wheat_2019,2019,Brazil,wheat,3.691922187805176,3.633174737263418,3.784846787982517,0,-0.5713100274092922
Brazil_DUP2_farm9_field538_soybean_2019,2019,Brazil,soybean,4.078145503997803,4.5485890956903505,4.253176537079689,0,-0.7054003330255556
Brazil_DUP2_farm9_field545_soybean_2019,2019,Brazil,soybean,3.7210769653320312,4.440352352589772,4.253176537079689,1,-0.5971635899249774
Germany_DUP3_farm1_field38_rapeseed_2019,2019,Germany,rapeseed,3.7963314056396484,4.903555624544673,4.668984382316984,0,-1.1947907376885936
Germany_DUP3_farm1_field39_wheat_2019,2019,Germany,wheat,8.287920951843262,9.633789156490598,9.822200794809872,1,-1.2187659249842504
Germany_DUP3_farm1_field40_wheat_2019,2019,Germany,wheat,8.212130546569824,9.842024209064467,9.822200794809872,1,-1.4270009775581194
Germany_DUP3_farm1_field41_wheat_2019,2019,Germany,wheat,9.494501113891602,9.81305636639378,9.822200794809872,0,-1.3980331348874326
Germany_DUP3_farm1_field42_wheat_2019,2019,Germany,wheat,10.541364669799805,10.567285499087763,9.822200794809872,0,-2.152262267581415
Germany_DUP3_farm1_field44_wheat_2019,2019,Germany,wheat,10.069598197937012,10.456088818704147,9.822200794809872,0,-2.0410655871977994
Germany_DUP3_farm1_field45_wheat_2019,2019,Germany,wheat,8.45172119140625,10.098192650995802,9.822200794809872,0,-1.6831694194894542
Germany_DUP3_farm1_field46_wheat_2019,2019,Germany,wheat,9.841507911682129,10.40039303590485,9.822200794809872,0,-1.985369804398502
Germany_DUP3_farm1_field47_wheat_2019,2019,Germany,wheat,8.80524730682373,9.854654928061297,9.822200794809872,0,-1.4396316965549492
Germany_DUP3_farm1_field48_wheat_2019,2019,Germany,wheat,9.572940826416016,10.241712941620568,9.822200794809872,0,-1.8266897101142199
Germany_DUP3_farm1_field49_wheat_2019,2019,Germany,wheat,7.282961368560791,9.302379836986791,9.822200794809872,1,-0.8873566054804432
Germany_DUP3_farm1_field50_rapeseed_2019,2019,Germany,rapeseed,3.894534111022949,5.114392415692988,4.668984382316984,0,-1.405627528836909
Germany_DUP3_farm1_field51_wheat_2019,2019,Germany,wheat,10.18377685546875,8.881951760179303,9.822200794809872,0,-0.4669285286729554
Germany_DUP3_farm1_field52_wheat_2019,2019,Germany,wheat,8.804000854492188,9.8607784545293,9.822200794809872,0,-1.4457552230229513
Germany_DUP3_farm1_field55_rapeseed_2019,2019,Germany,rapeseed,3.3237996101379395,4.663879366015647,4.668984382316984,1,-0.9551144791595676
Germany_DUP3_farm1_field56_wheat_2019,2019,Germany,wheat,9.61966323852539,10.519991347303966,9.822200794809872,0,-2.104968115797618
Germany_DUP3_farm1_field58_wheat_2019,2019,Germany,wheat,9.27385139465332,10.137539036085409,9.822200794809872,0,-1.7225158045790607
Germany_DUP3_farm1_field59_wheat_2019,2019,Germany,wheat,9.06311321258545,9.469998998753889,9.822200794809872,0,-1.0549757672475408
Germany_DUP3_farm1_field60_wheat_2019,2019,Germany,wheat,9.216819763183594,9.537487323621399,9.822200794809872,0,-1.1224640921150506
Germany_DUP3_farm1_field61_wheat_2019,2019,Germany,wheat,8.98876953125,9.247720361111899,9.822200794809872,0,-0.8326971296055508
Germany_DUP3_farm1_field62_wheat_2019,2019,Germany,wheat,8.745471000671387,10.107623295103776,9.822200794809872,0,-1.6926000635974283
Germany_DUP3_farm2_field100_wheat_2019,2019,Germany,wheat,11.034822463989258,9.943049077358822,9.822200794809872,0,-1.5280258458524738
Germany_DUP3_farm2_field103_wheat_2019,2019,Germany,wheat,9.184162139892578,9.002893136041225,9.822200794809872,0,-0.5878699045348768
Germany_DUP3_farm2_field105_wheat_2019,2019,Germany,wheat,10.804728507995605,9.376811426142156,9.822200794809872,0,-0.9617881946358082
Germany_DUP3_farm2_field111_wheat_2019,2019,Germany,wheat,9.187273025512695,9.195318856138494,9.822200794809872,0,-0.7802956246321457
Germany_DUP3_farm2_field118_wheat_2019,2019,Germany,wheat,10.211767196655273,9.3607519622659,9.822200794809872,0,-0.9457287307595514
Germany_DUP3_farm2_field121_wheat_2019,2019,Germany,wheat,9.701160430908203,9.609399764840079,9.822200794809872,0,-1.194376533333731
Germany_DUP3_farm2_field128_wheat_2019,2019,Germany,wheat,8.617136001586914,8.865398076980226,9.822200794809872,0,-0.4503748454738776
Germany_DUP3_farm2_field131_wheat_2019,2019,Germany,wheat,12.152915954589844,9.917107926391429,9.822200794809872,0,-1.502084694885081
Germany_DUP3_farm2_field133_wheat_2019,2019,Germany,wheat,11.12932014465332,10.131463226572633,9.822200794809872,0,-1.7164399950662848
Germany_DUP3_farm2_field136_wheat_2019,2019,Germany,wheat,9.668962478637695,9.64398720496847,9.822200794809872,0,-1.2289639734621218
Germany_DUP3_farm2_field140_wheat_2019,2019,Germany,wheat,11.686981201171875,10.590500279327934,9.822200794809872,0,-2.1754770478215857
Germany_DUP3_farm2_field145_wheat_2019,2019,Germany,wheat,8.337562561035156,8.79584041913832,9.822200794809872,1,-0.3808171876319726
Germany_DUP3_farm2_field148_wheat_2019,2019,Germany,wheat,9.216320037841797,9.25862246195153,9.822200794809872,0,-0.8435992304451823
Germany_DUP3_farm2_field152_wheat_2019,2019,Germany,wheat,9.041810989379883,9.15352135526684,9.822200794809872,0,-0.7384981237604915
Germany_DUP3_farm2_field162_wheat_2019,2019,Germany,wheat,8.995606422424316,9.314150499860432,9.822200794809872,0,-0.8991272683540839
Germany_DUP3_farm2_field165_wheat_2019,2019,Germany,wheat,9.81688117980957,9.802150245915927,9.822200794809872,0,-1.3871270144095789
Germany_DUP3_farm2_field170_wheat_2019,2019,Germany,wheat,12.04736042022705,10.168510049509207,9.822200794809872,0,-1.7534868180028589
Germany_DUP3_farm2_field69_wheat_2019,2019,Germany,wheat,11.88200855255127,10.656437771717968,9.822200794809872,0,-2.24141454021162
Germany_DUP3_farm2_field76_wheat_2019,2019,Germany,wheat,10.279345512390137,9.563943665361633,9.822200794809872,0,-1.1489204338552845
Germany_DUP3_farm2_field82_wheat_2019,2019,Germany,wheat,9.862096786499023,9.210382803637598,9.822200794809872,0,-0.7953595721312503
Germany_DUP3_farm2_field83_wheat_2019,2019,Germany,wheat,11.644803047180176,9.698607154050617,9.822200794809872,0,-1.2835839225442687
Germany_DUP3_farm2_field84_wheat_2019,2019,Germany,wheat,9.371912002563477,9.748500436209275,9.822200794809872,0,-1.3334772047029269
Germany_DUP3_farm2_field88_wheat_2019,2019,Germany,wheat,9.047853469848633,9.432927879056113,9.822200794809872,0,-1.0179046475497646
Germany_DUP3_farm2_field94_wheat_2019,2019,Germany,wheat,9.712442398071289,9.748357057779641,9.822200794809872,0,-1.333333826273293
Germany_DUP3_farm3_field224_rapeseed_2019,2019,Germany,rapeseed,2.449544668197632,4.67836478036894,4.668984382316984,1,-0.9695998935128611
Germany_DUP3_farm3_field226_rapeseed_2019,2019,Germany,rapeseed,1.305346965789795,4.797159724187546,4.668984382316984,1,-1.088394837331467
Germany_DUP3_farm3_field227_wheat_2019,2019,Germany,wheat,4.91508674621582,8.293417046354538,9.822200794809872,1,0.12160618515181021
Germany_DUP3_farm4_field244_wheat_2019,2019,Germany,wheat,7.964092254638672,10.09377269781995,9.822200794809872,1,-1.6787494663136027
Germany_DUP3_farm4_field245_rapeseed_2019,2019,Germany,rapeseed,3.7104928493499756,4.459707647427785,4.668984382316984,0,-0.7509427605717058
Germany_DUP3_farm4_field246_rapeseed_2019,2019,Germany,rapeseed,3.6490061283111572,4.728218235596571,4.668984382316984,1,-1.0194533487404915
Germany_DUP3_farm4_field247_rapeseed_2019,2019,Germany,rapeseed,4.07729959487915,4.396050784700607,4.668984382316984,0,-0.6872858978445282
Germany_DUP3_farm5_field261_rapeseed_2019,2019,Germany,rapeseed,3.1321351528167725,4.941831541152985,4.668984382316984,1,-1.233066654296906
Germany_DUP3_farm5_field262_rapeseed_2019,2019,Germany,rapeseed,3.497657060623169,4.472581271622354,4.668984382316984,1,-0.7638163847662747
Germany_DUP3_farm5_field263_rapeseed_2019,2019,Germany,rapeseed,2.7668957710266113,4.574049932038311,4.668984382316984,1,-0.8652850451822318
Germany_DUP3_farm5_field276_wheat_2019,2019,Germany,wheat,7.804530143737793,9.288979529891177,9.822200794809872,1,-0.8739562983848295
Germany_DUP3_farm6_field280_rapeseed_2019,2019,Germany,rapeseed,2.74130916595459,4.808603654320098,4.668984382316984,1,-1.099838767464019
Germany_DUP3_farm6_field281_rapeseed_2019,2019,Germany,rapeseed,3.674347162246704,5.134063003814371,4.668984382316984,1,-1.4252981169582921
Germany_DUP3_farm6_field282_wheat_2019,2019,Germany,wheat,5.941227436065674,8.823853356419873,9.822200794809872,1,-0.4088301249135249
Uruguay_DUP4_farm10_field290_soybean_2019,2019,Uruguay,soybean,4.082549571990967,2.373504158584703,2.1111956333948507,0,-1.2326585021897447
Uruguay_DUP4_farm10_field291_soybean_2019,2019,Uruguay,soybean,3.6286444664001465,2.036836260042868,2.1111956333948507,0,-0.8959906036479097
Uruguay_DUP4_farm10_field292_soybean_2019,2019,Uruguay,soybean,4.163275241851807,2.1345413892158644,2.1111956333948507,0,-0.993695732820906
Uruguay_DUP4_farm10_field296_soybean_2019,2019,Uruguay,soybean,3.50614070892334,1.7051140576646693,2.1111956333948507,0,-0.5642684012697108
Uruguay_DUP4_farm10_field297_soybean_2019,2019,Uruguay,soybean,2.1943323612213135,1.495443014108024,2.1111956333948507,0,-0.35459735771306544
Uruguay_DUP4_farm10_field298_soybean_2019,2019,Uruguay,soybean,3.2545080184936523,1.5439606416605336,2.1111956333948507,0,-0.4031149852655751
Uruguay_DUP4_farm10_field299_soybean_2019,2019,Uruguay,soybean,1.6587072610855103,1.5233298860771942,2.1111956333948507,0,-0.3824842296822357
Uruguay_DUP4_farm10_field300_soybean_2019,2019,Uruguay,soybean,2.138275623321533,2.730087146705742,2.1111956333948507,0,-1.5892414903107834
Uruguay_DUP4_farm10_field301_soybean_2019,2019,Uruguay,soybean,3.120407819747925,3.0904767640397837,2.1111956333948507,0,-1.9496311076448252
Uruguay_DUP4_farm10_field302_soybean_2019,2019,Uruguay,soybean,3.6885831356048584,1.968891106810185,2.1111956333948507,0,-0.8280454504152266
Uruguay_DUP4_farm10_field303_soybean_2019,2019,Uruguay,soybean,3.7261812686920166,2.5686749878592923,2.1111956333948507,0,-1.4278293314643338
Uruguay_DUP4_farm10_field305_soybean_2019,2019,Uruguay,soybean,3.713834285736084,1.868921945615105,2.1111956333948507,0,-0.7280762892201464
Uruguay_DUP4_farm10_field306_soybean_2019,2019,Uruguay,soybean,3.525247812271118,2.053743353202482,2.1111956333948507,0,-0.9128976968075233
Uruguay_DUP4_farm10_field307_soybean_2019,2019,Uruguay,soybean,3.0684432983398438,1.6766806676891852,2.1111956333948507,0,-0.5358350112942267
Uruguay_DUP4_farm10_field308_soybean_2019,2019,Uruguay,soybean,1.732975959777832,1.5122885253160483,2.1111956333948507,0,-0.3714428689210898
Uruguay_DUP4_farm10_field309_soybean_2019,2019,Uruguay,soybean,3.8736040592193604,2.2271367669610878,2.1111956333948507,0,-1.0862911105661293
Uruguay_DUP4_farm10_field310_soybean_2019,2019,Uruguay,soybean,2.4938011169433594,1.7471577682656396,2.1111956333948507,0,-0.6063121118706811
Uruguay_DUP4_farm10_field311_soybean_2019,2019,Uruguay,soybean,3.852038860321045,2.413066986539386,2.1111956333948507,0,-1.2722213301444274
Uruguay_DUP4_farm10_field312_soybean_2019,2019,Uruguay,soybean,4.091180801391602,2.009283727987581,2.1111956333948507,0,-0.8684380715926223
Uruguay_DUP4_farm10_field313_soybean_2019,2019,Uruguay,soybean,3.9436349868774414,2.616088426830226,2.1111956333948507,0,-1.4752427704352673
Uruguay_DUP4_farm10_field314_soybean_2019,2019,Uruguay,soybean,2.1780436038970947,2.009140713629476,2.1111956333948507,0,-0.8682950572345174
Uruguay_DUP4_farm10_field315_soybean_2019,2019,Uruguay,soybean,4.44348669052124,1.7683494744445023,2.1111956333948507,0,-0.6275038180495438
Uruguay_DUP4_farm10_field317_soybean_2019,2019,Uruguay,soybean,3.8928515911102295,1.811510102962717,2.1111956333948507,0,-0.6706644465677585
Uruguay_DUP4_farm10_field318_soybean_2019,2019,Uruguay,soybean,3.9589810371398926,2.233786101678127,2.1111956333948507,0,-1.0929404452831686
Uruguay_DUP4_farm10_field319_soybean_2019,2019,Uruguay,soybean,4.398415565490723,2.3771315003721325,2.1111956333948507,0,-1.236285843977174
Uruguay_DUP4_farm10_field320_soybean_2019,2019,Uruguay,soybean,4.270547389984131,2.0038744842772527,2.1111956333948507,0,-0.8630288278822942
Uruguay_DUP4_farm10_field322_soybean_2019,2019,Uruguay,soybean,4.01133394241333,1.7921610704038182,2.1111956333948507,0,-0.6513154140088597
Uruguay_DUP4_farm10_field323_soybean_2019,2019,Uruguay,soybean,3.092991590499878,1.863270326839154,2.1111956333948507,0,-0.7224246704441954
Uruguay_DUP4_farm10_field324_soybean_2019,2019,Uruguay,soybean,4.2536187171936035,1.9564423883924131,2.1111956333948507,0,-0.8155967319974546
Uruguay_DUP4_farm10_field326_soybean_2019,2019,Uruguay,soybean,4.024853229522705,2.3563741397919826,2.1111956333948507,0,-1.2155284833970241
Uruguay_DUP4_farm10_field327_soybean_2019,2019,Uruguay,soybean,3.781477689743042,2.137353989900905,2.1111956333948507,0,-0.9965083335059464
Uruguay_DUP4_farm10_field331_soybean_2019,2019,Uruguay,soybean,3.3279080390930176,2.0374524878376326,2.1111956333948507,0,-0.8966068314426741
Uruguay_DUP4_farm10_field334_soybean_2019,2019,Uruguay,soybean,3.4782726764678955,1.9231580095669152,2.1111956333948507,0,-0.7823123531719567
Uruguay_DUP4_farm10_field339_soybean_2019,2019,Uruguay,soybean,4.116392135620117,2.5389886451161447,2.1111956333948507,0,-1.3981429887211863
Uruguay_DUP4_farm10_field341_soybean_2019,2019,Uruguay,soybean,4.229065418243408,1.7800396578781692,2.1111956333948507,0,-0.6391940014832107
Uruguay_DUP4_farm10_field355_soybean_2019,2019,Uruguay,soybean,3.871948480606079,1.782494524201065,2.1111956333948507,0,-0.6416488678061065
Uruguay_DUP4_farm10_field381_soybean_2019,2019,Uruguay,soybean,2.8061270713806152,1.9064824245061338,2.1111956333948507,0,-0.7656367681111753
Uruguay_DUP4_farm10_field395_soybean_2019,2019,Uruguay,soybean,2.8000290393829346,1.8473726763575287,2.1111956333948507,0,-0.7065270199625702
Uruguay_DUP4_farm10_field561_soybean_2019,2019,Uruguay,soybean,3.0899553298950195,1.7823513060569707,2.1111956333948507,0,-0.6415056496620122
Uruguay_DUP4_farm10_field562_soybean_2019,2019,Uruguay,soybean,3.422498941421509,2.2610255452393093,2.1111956333948507,0,-1.1201798888443508
Uruguay_DUP4_farm10_field563_soybean_2019,2019,Uruguay,soybean,3.0708811283111572,1.99595575972183,2.1111956333948507,0,-0.8551101033268715
Uruguay_DUP4_farm10_field564_soybean_2019,2019,Uruguay,soybean,3.106036424636841,2.049959907325575,2.1111956333948507,0,-0.9091142509306165
Uruguay_DUP4_farm10_field566_soybean_2019,2019,Uruguay,soybean,3.392350435256958,2.67805871281727,2.1111956333948507,0,-1.5372130564223117
Uruguay_DUP4_farm10_field567_soybean_2019,2019,Uruguay,soybean,3.8009402751922607,2.300411382468552,2.1111956333948507,0,-1.1595657260735934
Uruguay_DUP4_farm10_field568_soybean_2019,2019,Uruguay,soybean,2.836843967437744,1.9017259626746061,2.1111956333948507,0,-0.7608803062796476
Uruguay_DUP4_farm10_field569_soybean_2019,2019,Uruguay,soybean,2.9233009815216064,1.8474233816425165,2.1111956333948507,0,-0.706577725247558
Uruguay_DUP4_farm10_field570_soybean_2019,2019,Uruguay,soybean,3.698925256729126,2.4319793529260947,2.1111956333948507,0,-1.2911336965311362
Uruguay_DUP4_farm10_field572_soybean_2019,2019,Uruguay,soybean,3.1449480056762695,1.5435346481674233,2.1111956333948507,0,-0.40268899177246475
Uruguay_DUP4_farm1_field1_soybean_2019,2019,Uruguay,soybean,2.5400755405426025,2.345387861797422,2.1111956333948507,0,-1.2045422054024635
Uruguay_DUP4_farm1_field2_soybean_2019,2019,Uruguay,soybean,2.112488269805908,2.168890653522726,2.1111956333948507,0,-1.0280449971277674
Uruguay_DUP4_farm1_field3_soybean_2019,2019,Uruguay,soybean,2.351896286010742,2.349205560946098,2.1111956333948507,0,-1.2083599045511395
Uruguay_DUP4_farm1_field4_soybean_2019,2019,Uruguay,soybean,2.832613229751587,2.105285624592406,2.1111956333948507,0,-0.9644399681974476
Uruguay_DUP4_farm2_field26_soybean_2019,2019,Uruguay,soybean,2.9249823093414307,1.9669526006544957,2.1111956333948507,0,-0.8261069442595372
Uruguay_DUP4_farm2_field47_soybean_2019,2019,Uruguay,soybean,3.5015130043029785,2.330703932954698,2.1111956333948507,0,-1.1898582765597396
Uruguay_DUP4_farm2_field53_soybean_2019,2019,Uruguay,soybean,3.7204818725585938,2.20945255686238,2.1111956333948507,0,-1.0686069004674215
Uruguay_DUP4_farm2_field54_soybean_2019,2019,Uruguay,soybean,3.783782958984375,2.2903290975964588,2.1111956333948507,0,-1.1494834412015003
Uruguay_DUP4_farm2_field55_soybean_2019,2019,Uruguay,soybean,3.306467294692993,2.2024843943497103,2.1111956333948507,0,-1.0616387379547518
Uruguay_DUP4_farm2_field56_soybean_2019,2019,Uruguay,soybean,2.3298590183258057,1.832749215394481,2.1111956333948507,0,-0.6919035589995226
Uruguay_DUP4_farm2_field57_soybean_2019,2019,Uruguay,soybean,3.3203492164611816,1.7570223261304536,2.1111956333948507,0,-0.6161766697354951
Uruguay_DUP4_farm2_field58_soybean_2019,2019,Uruguay,soybean,3.644150495529175,2.2674062527064756,2.1111956333948507,0,-1.126560596311517
Uruguay_DUP4_farm2_field59_soybean_2019,2019,Uruguay,soybean,2.3345770835876465,2.73138616262134,2.1111956333948507,0,-1.5905405062263815
Uruguay_DUP4_farm2_field5_soybean_2019,2019,Uruguay,soybean,2.999135732650757,1.7922301922337145,2.1111956333948507,0,-0.651384535838756
Uruguay_DUP4_farm2_field6_soybean_2019,2019,Uruguay,soybean,4.307119846343994,3.080045591636932,2.1111956333948507,0,-1.9391999352419735
Uruguay_DUP4_farm2_field8_soybean_2019,2019,Uruguay,soybean,3.0108213424682617,2.0339555821833804,2.1111956333948507,0,-0.8931099257884219
Uruguay_DUP4_farm3_field69_soybean_2019,2019,Uruguay,soybean,3.530750274658203,3.19281966460151,2.1111956333948507,0,-2.0519740082065514
Uruguay_DUP4_farm3_field70_soybean_2019,2019,Uruguay,soybean,3.797386646270752,1.718172131449245,2.1111956333948507,0,-0.5773264750542866
Uruguay_DUP4_farm3_field71_soybean_2019,2019,Uruguay,soybean,2.0725479125976562,1.6521974801126607,2.1111956333948507,0,-0.5113518237177022
Uruguay_DUP4_farm3_field73_soybean_2019,2019,Uruguay,soybean,3.78401780128479,1.7740241758006123,2.1111956333948507,0,-0.6331785194056538
Uruguay_DUP4_farm4_field107_soybean_2019,2019,Uruguay,soybean,2.461135149002075,1.5620397509640847,2.1111956333948507,0,-0.42119409456912615
Uruguay_DUP4_farm4_field111_soybean_2019,2019,Uruguay,soybean,1.5436902046203613,1.5280616652990484,2.1111956333948507,0,-0.3872160089040899
Uruguay_DUP4_farm4_field113_soybean_2019,2019,Uruguay,soybean,3.8680670261383057,1.9383762881533873,2.1111956333948507,0,-0.7975306317584288
Uruguay_DUP4_farm4_field115_soybean_2019,2019,Uruguay,soybean,3.5226223468780518,2.1285800927312737,2.1111956333948507,0,-0.9877344363363152
Uruguay_DUP4_farm4_field120_soybean_2019,2019,Uruguay,soybean,3.1058461666107178,1.6853870524235937,2.1111956333948507,0,-0.5445413960286352
Uruguay_DUP4_farm4_field122_soybean_2019,2019,Uruguay,soybean,2.2885732650756836,1.5635028576326364,2.1111956333948507,0,-0.4226572012376779
Uruguay_DUP4_farm4_field123_soybean_2019,2019,Uruguay,soybean,3.6124894618988037,1.828815621886707,2.1111956333948507,0,-0.6879699654917486
Uruguay_DUP4_farm4_field129_soybean_2019,2019,Uruguay,soybean,4.022403717041016,1.712521397487195,2.1111956333948507,0,-0.5716757410922364
Uruguay_DUP4_farm4_field133_soybean_2019,2019,Uruguay,soybean,2.932626247406006,1.7295233536089092,2.1111956333948507,0,-0.5886776972139507
Uruguay_DUP4_farm4_field147_soybean_2019,2019,Uruguay,soybean,4.205835819244385,1.7038728691564646,2.1111956333948507,0,-0.5630272127615061
Uruguay_DUP4_farm4_field159_soybean_2019,2019,Uruguay,soybean,4.6957926750183105,2.634891021945969,2.1111956333948507,0,-1.4940453655510106
Uruguay_DUP4_farm4_field162_soybean_2019,2019,Uruguay,soybean,3.6859729290008545,1.7197340105619174,2.1111956333948507,0,-0.5788883541669589
Uruguay_DUP4_farm4_field163_soybean_2019,2019,Uruguay,soybean,3.1600124835968018,1.9486339728768978,2.1111956333948507,0,-0.8077883164819393
Uruguay_DUP4_farm4_field164_soybean_2019,2019,Uruguay,soybean,4.004178047180176,2.0563451662393963,2.1111956333948507,0,-0.9154995098444378
Uruguay_DUP4_farm4_field165_soybean_2019,2019,Uruguay,soybean,1.452063798904419,1.5270712408583358,2.1111956333948507,0,-0.3862255844633773
Uruguay_DUP4_farm4_field166_soybean_2019,2019,Uruguay,soybean,3.933269739151001,2.457406650034068,2.1111956333948507,0,-1.3165609936391096
Uruguay_DUP4_farm4_field168_soybean_2019,2019,Uruguay,soybean,3.5983407497406006,1.6707262299653722,2.1111956333948507,0,-0.5298805735704137
Uruguay_DUP4_farm4_field169_soybean_2019,2019,Uruguay,soybean,4.395891189575195,1.676670198914163,2.1111956333948507,0,-0.5358245425192045
Uruguay_DUP4_farm4_field74_soybean_2019,2019,Uruguay,soybean,1.8798058032989502,1.8442800839972808,2.1111956333948507,0,-0.7034344276023223
Uruguay_DUP4_farm4_field75_soybean_2019,2019,Uruguay,soybean,4.676286220550537,2.5851100382803307,2.1111956333948507,0,-1.4442643818853722
Uruguay_DUP4_farm4_field76_soybean_2019,2019,Uruguay,soybean,3.76745867729187,2.093021694416838,2.1111956333948507,0,-0.9521760380218796
Uruguay_DUP4_farm4_field77_soybean_2019,2019,Uruguay,soybean,3.9755635261535645,1.9453330809083795,2.1111956333948507,0,-0.804487424513421
Uruguay_DUP4_farm4_field78_soybean_2019,2019,Uruguay,soybean,4.19328498840332,2.0320503120145736,2.1111956333948507,0,-0.8912046556196151
Uruguay_DUP4_farm4_field79_soybean_2019,2019,Uruguay,soybean,3.88887095451355,2.3129100188192955,2.1111956333948507,0,-1.172064362424337
Uruguay_DUP4_farm4_field80_soybean_2019,2019,Uruguay,soybean,3.9741175174713135,2.4540687342237053,2.1111956333948507,0,-1.3132230778287468
Uruguay_DUP4_farm4_field81_soybean_2019,2019,Uruguay,soybean,3.986018419265747,2.563432867900188,2.1111956333948507,0,-1.4225872115052294
Uruguay_DUP4_farm4_field82_soybean_2019,2019,Uruguay,soybean,3.6697795391082764,2.1451586193387566,2.1111956333948507,0,-1.0043129629437981
Uruguay_DUP4_farm4_field83_soybean_2019,2019,Uruguay,soybean,4.046384811401367,2.2422725179000675,2.1111956333948507,0,-1.101426861505109
Uruguay_DUP4_farm5_field171_soybean_2019,2019,Uruguay,soybean,2.184025526046753,1.8336692364052602,2.1111956333948507,0,-0.6928235800103018
Uruguay_DUP4_farm5_field173_soybean_2019,2019,Uruguay,soybean,2.6117820739746094,3.1797170230386254,2.1111956333948507,0,-2.038871366643667
Uruguay_DUP4_farm6_field174_soybean_2019,2019,Uruguay,soybean,2.2168068885803223,1.9138419973781309,2.1111956333948507,0,-0.7729963409831724
Uruguay_DUP4_farm7_field175_soybean_2019,2019,Uruguay,soybean,2.660769462585449,1.7487992696238732,2.1111956333948507,0,-0.6079536132289147
Uruguay_DUP4_farm7_field222_soybean_2019,2019,Uruguay,soybean,3.362981081008911,1.7860675992112698,2.1111956333948507,0,-0.6452219428163113
Uruguay_DUP4_farm7_field223_soybean_2019,2019,Uruguay,soybean,3.789900779724121,2.0931517907445136,2.1111956333948507,0,-0.9523061343495551
Uruguay_DUP4_farm7_field224_soybean_2019,2019,Uruguay,soybean,3.400581121444702,1.7362495922679542,2.1111956333948507,0,-0.5954039358729957
Uruguay_DUP4_farm7_field225_soybean_2019,2019,Uruguay,soybean,4.352810859680176,2.0612349938881738,2.1111956333948507,0,-0.9203893374932153
Uruguay_DUP4_farm7_field226_soybean_2019,2019,Uruguay,soybean,3.109001398086548,1.853096272718006,2.1111956333948507,0,-0.7122506163230475
Uruguay_DUP4_farm7_field228_soybean_2019,2019,Uruguay,soybean,3.153386116027832,2.2600801736894724,2.1111956333948507,0,-1.119234517294514
Uruguay_DUP4_farm7_field229_soybean_2019,2019,Uruguay,soybean,3.2079055309295654,1.8260361103638623,2.1111956333948507,0,-0.6851904539689038
Uruguay_DUP4_farm7_field230_soybean_2019,2019,Uruguay,soybean,2.0014703273773193,1.5107951256742482,2.1111956333948507,0,-0.36994946927928973
Uruguay_DUP4_farm7_field231_soybean_2019,2019,Uruguay,soybean,2.718848943710327,1.581348620314234,2.1111956333948507,0,-0.44050296391927546
Uruguay_DUP4_farm7_field232_soybean_2019,2019,Uruguay,soybean,2.5719974040985107,1.9177549376091352,2.1111956333948507,0,-0.7769092812141767
Uruguay_DUP4_farm7_field233_soybean_2019,2019,Uruguay,soybean,3.741726875305176,2.028617890918651,2.1111956333948507,0,-0.8877722345236925
Uruguay_DUP4_farm8_field234_soybean_2019,2019,Uruguay,soybean,4.967931747436523,3.589118641649501,2.1111956333948507,0,-2.4482729852545426
Uruguay_DUP4_farm8_field236_soybean_2019,2019,Uruguay,soybean,3.987804651260376,2.67736811739967,2.1111956333948507,0,-1.5365224610047115
Uruguay_DUP4_farm8_field238_soybean_2019,2019,Uruguay,soybean,2.487940788269043,1.624162224890192,2.1111956333948507,0,-0.4833165684952334
Uruguay_DUP4_farm8_field239_soybean_2019,2019,Uruguay,soybean,2.7771239280700684,1.9274333253311466,2.1111956333948507,0,-0.7865876689361881
Uruguay_DUP4_farm8_field240_soybean_2019,2019,Uruguay,soybean,2.7015137672424316,1.7177297658053718,2.1111956333948507,0,-0.5768841094104133
Uruguay_DUP4_farm8_field241_soybean_2019,2019,Uruguay,soybean,2.5047574043273926,1.6322047479804418,2.1111956333948507,0,-0.4913590915854833
Uruguay_DUP4_farm8_field242_soybean_2019,2019,Uruguay,soybean,4.200459957122803,2.710042506303548,2.1111956333948507,0,-1.5691968499085895
Uruguay_DUP4_farm8_field243_soybean_2019,2019,Uruguay,soybean,3.3115487098693848,2.1389763129354242,2.1111956333948507,0,-0.9981306565404657
Uruguay_DUP4_farm8_field248_soybean_2019,2019,Uruguay,soybean,3.380899667739868,2.0086655569258887,2.1111956333948507,0,-0.8678199005309302
Uruguay_DUP4_farm8_field249_soybean_2019,2019,Uruguay,soybean,3.2589285373687744,2.625203494428467,2.1111956333948507,0,-1.4843578380335085
Uruguay_DUP4_farm8_field250_soybean_2019,2019,Uruguay,soybean,2.309929370880127,1.656287957915074,2.1111956333948507,0,-0.5154423015201155
Uruguay_DUP4_farm8_field251_soybean_2019,2019,Uruguay,soybean,4.096746444702148,2.452847543838618,2.1111956333948507,0,-1.3120018874436594
Uruguay_DUP4_farm8_field252_soybean_2019,2019,Uruguay,soybean,2.2136690616607666,1.7953255836074546,2.1111956333948507,0,-0.6544799272124961
Uruguay_DUP4_farm8_field254_soybean_2019,2019,Uruguay,soybean,2.3891501426696777,1.6614299555565388,2.1111956333948507,0,-0.5205842991615803
Uruguay_DUP4_farm8_field255_soybean_2019,2019,Uruguay,soybean,2.034575939178467,1.6558556862290434,2.1111956333948507,0,-0.515010029834085
Uruguay_DUP4_farm8_field257_soybean_2019,2019,Uruguay,soybean,3.613403081893921,1.7226305393309318,2.1111956333948507,0,-0.5817848829359733
Uruguay_DUP4_farm8_field258_soybean_2019,2019,Uruguay,soybean,3.1082310676574707,1.919814437886409,2.1111956333948507,0,-0.7789687814914505
Uruguay_DUP4_farm8_field259_soybean_2019,2019,Uruguay,soybean,3.3141093254089355,1.7926007197450298,2.1111956333948507,0,-0.6517550633500713
Uruguay_DUP4_farm9_field260_soybean_2019,2019,Uruguay,soybean,2.3036320209503174,2.063977759062445,2.1111956333948507,0,-0.9231321026674864
Uruguay_DUP4_farm9_field261_soybean_2019,2019,Uruguay,soybean,2.639082193374634,2.1948651107374357,2.1111956333948507,0,-1.0540194543424772
Uruguay_DUP4_farm9_field262_soybean_2019,2019,Uruguay,soybean,2.4304380416870117,2.0517136233889612,2.1111956333948507,0,-0.9108679669940027
Uruguay_DUP4_farm9_field263_soybean_2019,2019,Uruguay,soybean,2.5387954711914062,2.016978052228725,2.1111956333948507,0,-0.8761323958337663
Uruguay_DUP4_farm9_field264_soybean_2019,2019,Uruguay,soybean,1.988826036453247,1.9223348916652967,2.1111956333948507,0,-0.7814892352703382
Uruguay_DUP4_farm9_field265_soybean_2019,2019,Uruguay,soybean,2.1042425632476807,1.8461676817494457,2.1111956333948507,0,-0.7053220253544872
Uruguay_DUP4_farm9_field277_soybean_2019,2019,Uruguay,soybean,2.2958898544311523,1.6334788230368158,2.1111956333948507,0,-0.4926331666418573
Argentina_DUP1_farm15_field138_soybean_2020,2020,Argentina,soybean,2.74133563041687,3.9897360513280145,3.472988488254966,0,-1.762339324719738
Argentina_DUP1_farm15_field139_soybean_2020,2020,Argentina,soybean,3.938364028930664,3.709454666840921,3.472988488254966,0,-1.4820579402326448
Argentina_DUP1_farm15_field140_soybean_2020,2020,Argentina,soybean,4.310444355010986,4.539325752805893,3.472988488254966,0,-2.3119290261976166
Argentina_DUP1_farm15_field141_soybean_2020,2020,Argentina,soybean,3.940514087677002,2.9266084642816015,3.472988488254966,0,-0.6992117376733251
Argentina_DUP1_farm15_field143_soybean_2020,2020,Argentina,soybean,4.408707141876221,4.066383433978248,3.472988488254966,0,-1.8389867073699717
Argentina_DUP1_farm15_field144_soybean_2020,2020,Argentina,soybean,3.5069212913513184,2.795906235917914,3.472988488254966,0,-0.5685095093096377
Argentina_DUP1_farm15_field145_soybean_2020,2020,Argentina,soybean,4.731839656829834,4.47278683279373,3.472988488254966,0,-2.2453901061854538
Argentina_DUP1_farm17_field174_soybean_2020,2020,Argentina,soybean,3.6182780265808105,3.751444283475242,3.472988488254966,0,-1.5240475568669658
Argentina_DUP1_farm17_field178_soybean_2020,2020,Argentina,soybean,3.3274824619293213,3.5997990579959858,3.472988488254966,0,-1.3724023313877094
Argentina_DUP1_farm17_field179_soybean_2020,2020,Argentina,soybean,3.779550552368164,3.7199660017899254,3.472988488254966,0,-1.492569275181649
Argentina_DUP1_farm17_field180_soybean_2020,2020,Argentina,soybean,3.387726068496704,3.7212917288255176,3.472988488254966,0,-1.4938950022172413
Argentina_DUP1_farm17_field181_soybean_2020,2020,Argentina,soybean,3.610352039337158,3.307561321621478,3.472988488254966,0,-1.0801645950132017
Argentina_DUP1_farm23_field226_soybean_2020,2020,Argentina,soybean,5.4216694831848145,4.562123796208853,3.472988488254966,0,-2.334727069600577
Argentina_DUP1_farm23_field227_soybean_2020,2020,Argentina,soybean,5.348356246948242,4.4597790041788,3.472988488254966,0,-2.2323822775705233
Argentina_DUP1_farm23_field229_soybean_2020,2020,Argentina,soybean,3.1852056980133057,3.8346796048965617,3.472988488254966,0,-1.6072828782882853
Argentina_DUP1_farm27_field289_soybean_2020,2020,Argentina,soybean,3.834390878677368,4.247864821828536,3.472988488254966,0,-2.0204680952202594
Argentina_DUP1_farm27_field290_soybean_2020,2020,Argentina,soybean,4.182098865509033,4.428102239182605,3.472988488254966,0,-2.200705512574329
Argentina_DUP1_farm27_field291_soybean_2020,2020,Argentina,soybean,4.310147285461426,3.5539978454993153,3.472988488254966,0,-1.326601118891039
Argentina_DUP1_farm27_field292_soybean_2020,2020,Argentina,soybean,4.491723537445068,3.665005398078556,3.472988488254966,0,-1.4376086714702798
Argentina_DUP1_farm27_field293_soybean_2020,2020,Argentina,soybean,3.0765111446380615,3.665490850565429,3.472988488254966,0,-1.4380941239571525
Argentina_DUP1_farm27_field294_soybean_2020,2020,Argentina,soybean,4.229416370391846,4.2851190948601605,3.472988488254966,0,-2.057722368251884
Argentina_DUP1_farm27_field295_soybean_2020,2020,Argentina,soybean,3.6645750999450684,3.8209040026396646,3.472988488254966,0,-1.5935072760313882
Argentina_DUP1_farm27_field297_soybean_2020,2020,Argentina,soybean,3.6583564281463623,3.9170584550418863,3.472988488254966,0,-1.68966172843361
Argentina_DUP1_farm27_field301_soybean_2020,2020,Argentina,soybean,4.45192289352417,3.9156584822018248,3.472988488254966,0,-1.6882617555935484
Argentina_DUP1_farm27_field302_soybean_2020,2020,Argentina,soybean,4.0592145919799805,4.241905002841579,3.472988488254966,0,-2.014508276233302
Argentina_DUP1_farm27_field303_soybean_2020,2020,Argentina,soybean,3.6582345962524414,3.2835410768213635,3.472988488254966,0,-1.0561443502130872
Argentina_DUP1_farm27_field304_soybean_2020,2020,Argentina,soybean,3.9769608974456787,3.0285833708316185,3.472988488254966,0,-0.8011866442233422
Argentina_DUP1_farm27_field305_soybean_2020,2020,Argentina,soybean,3.8682501316070557,3.9048442775819634,3.472988488254966,0,-1.677447550973687
Argentina_DUP1_farm27_field306_soybean_2020,2020,Argentina,soybean,3.1472177505493164,3.817277609451769,3.472988488254966,0,-1.5898808828434925
Argentina_DUP1_farm27_field307_soybean_2020,2020,Argentina,soybean,3.866696357727051,3.7234283793056844,3.472988488254966,0,-1.496031652697408
Argentina_DUP1_farm27_field308_soybean_2020,2020,Argentina,soybean,3.5659828186035156,3.4216503287844384,3.472988488254966,0,-1.194253602176162
Argentina_DUP1_farm37_field403_soybean_2020,2020,Argentina,soybean,4.538146018981934,4.052131806934795,3.472988488254966,0,-1.8247350803265183
Argentina_DUP1_farm37_field404_soybean_2020,2020,Argentina,soybean,3.6617085933685303,3.609374750713836,3.472988488254966,0,-1.3819780241055595
Argentina_DUP1_farm37_field405_soybean_2020,2020,Argentina,soybean,2.857913017272949,3.658743975506491,3.472988488254966,0,-1.4313472488982146
Argentina_DUP1_farm37_field407_soybean_2020,2020,Argentina,soybean,3.229851007461548,4.347966454621943,3.472988488254966,0,-2.120569728013667
Argentina_DUP1_farm37_field408_soybean_2020,2020,Argentina,soybean,5.070003986358643,4.540248386969909,3.472988488254966,0,-2.3128516603616323
Argentina_DUP1_farm42_field434_wheat_2020,2020,Argentina,wheat,4.139078617095947,4.831330596674063,4.178183831618383,0,-2.465342103708365
Argentina_DUP1_farm44_field446_soybean_2020,2020,Argentina,soybean,4.603033542633057,4.120317752622281,3.472988488254966,0,-1.8929210260140046
Argentina_DUP1_farm44_field452_soybean_2020,2020,Argentina,soybean,3.424290418624878,4.145425619758025,3.472988488254966,0,-1.9180288931497484
Argentina_DUP1_farm44_field462_soybean_2020,2020,Argentina,soybean,4.6820969581604,4.502980412427914,3.472988488254966,0,-2.2755836858196377
Argentina_DUP1_farm44_field464_soybean_2020,2020,Argentina,soybean,5.097507476806641,3.965274937649307,3.472988488254966,0,-1.7378782110410307
Argentina_DUP1_farm44_field475_wheat_2020,2020,Argentina,wheat,3.583540916442871,3.670275338337321,4.178183831618383,0,-1.3042868453716228
Argentina_DUP1_farm44_field477_soybean_2020,2020,Argentina,soybean,4.168554306030273,3.53151496815759,3.472988488254966,0,-1.3041182415493138
Argentina_DUP1_farm44_field480_wheat_2020,2020,Argentina,wheat,0.7828608155250549,2.677193270731771,4.178183831618383,1,-0.3112047777660729
Argentina_DUP1_farm44_field489_wheat_2020,2020,Argentina,wheat,0.8494667410850525,2.771432254126225,4.178183831618383,1,-0.4054437611605266
Argentina_DUP1_farm44_field497_soybean_2020,2020,Argentina,soybean,3.1763975620269775,3.065202642791819,3.472988488254966,0,-0.8378059161835427
Argentina_DUP1_farm44_field500_soybean_2020,2020,Argentina,soybean,3.447204351425171,4.405083384475185,3.472988488254966,0,-2.177686657866909
Argentina_DUP1_farm44_field501_wheat_2020,2020,Argentina,wheat,1.950482964515686,2.6126497513903777,4.178183831618383,1,-0.24666125842467945
Argentina_DUP1_farm44_field513_soybean_2020,2020,Argentina,soybean,4.082491397857666,4.151690031158547,3.472988488254966,0,-1.9242933045502708
Argentina_DUP1_farm44_field516_wheat_2020,2020,Argentina,wheat,5.224541664123535,3.248407619818624,4.178183831618383,0,-0.8824191268529256
Argentina_DUP1_farm44_field517_soybean_2020,2020,Argentina,soybean,4.832461357116699,4.222649214597949,3.472988488254966,0,-1.9952524879896725
Argentina_DUP1_farm44_field518_soybean_2020,2020,Argentina,soybean,2.855581045150757,2.8057196914269777,3.472988488254966,0,-0.5783229648187014
Argentina_DUP1_farm44_field519_soybean_2020,2020,Argentina,soybean,3.964035749435425,4.114616117813201,3.472988488254966,0,-1.8872193912049244
Argentina_DUP1_farm44_field524_wheat_2020,2020,Argentina,wheat,2.7164113521575928,3.3960005337249055,4.178183831618383,0,-1.0300120407592073
Argentina_DUP1_farm44_field525_wheat_2020,2020,Argentina,wheat,1.486464262008667,2.5543883593609573,4.178183831618383,1,-0.18839986639525907
Argentina_DUP1_farm44_field529_corn_2020,2020,Argentina,corn,6.867866039276123,10.01245917089093,8.650114155887218,0,-3.8908888698350212
Argentina_DUP1_farm44_field533_soybean_2020,2020,Argentina,soybean,3.786871910095215,4.09368347382678,3.472988488254966,0,-1.8662867472185036
Argentina_DUP1_farm44_field535_wheat_2020,2020,Argentina,wheat,1.0537830591201782,3.9159824439170383,4.178183831618383,1,-1.54999395095134
Argentina_DUP1_farm44_field539_soybean_2020,2020,Argentina,soybean,2.537492513656616,3.8095861680010925,3.472988488254966,0,-1.5821894413928161
Argentina_DUP1_farm44_field543_soybean_2020,2020,Argentina,soybean,3.5159718990325928,4.204463938137281,3.472988488254966,0,-1.9770672115290049
Argentina_DUP1_farm44_field544_soybean_2020,2020,Argentina,soybean,4.7853193283081055,4.124874571887022,3.472988488254966,0,-1.897477845278746
Argentina_DUP1_farm44_field554_corn_2020,2020,Argentina,corn,2.801468849182129,7.1860394250671416,8.650114155887218,1,-1.0644691240112332
Argentina_DUP1_farm44_field556_soybean_2020,2020,Argentina,soybean,3.1433236598968506,4.133212598844822,3.472988488254966,0,-1.9058158722365457
Argentina_DUP1_farm44_field563_wheat_2020,2020,Argentina,wheat,1.651275634765625,2.188674035153084,4.178183831618383,1,0.17731445781261446
Argentina_DUP1_farm44_field564_wheat_2020,2020,Argentina,wheat,6.9663615226745605,3.1888526291213553,4.178183831618383,0,-0.822864136155657
Argentina_DUP1_farm44_field568_wheat_2020,2020,Argentina,wheat,2.18510365486145,3.3011969224342215,4.178183831618383,1,-0.9352084294685232
Argentina_DUP1_farm45_field574_corn_2020,2020,Argentina,corn,11.425339698791504,10.062276419307118,8.650114155887218,0,-3.9407061182512093
Argentina_DUP1_farm45_field576_wheat_2020,2020,Argentina,wheat,6.869609355926514,4.221227570131852,4.178183831618383,0,-1.8552390771661535
Argentina_DUP1_farm45_field578_wheat_2020,2020,Argentina,wheat,8.111632347106934,5.77195283904969,4.178183831618383,0,-3.4059643460839917
Argentina_DUP1_farm45_field580_wheat_2020,2020,Argentina,wheat,7.57679557800293,5.416144317427294,4.178183831618383,0,-3.050155824461596
Argentina_DUP1_farm45_field582_wheat_2020,2020,Argentina,wheat,7.429804801940918,5.354682228211246,4.178183831618383,0,-2.9886937352455476
Argentina_DUP1_farm45_field589_corn_2020,2020,Argentina,corn,12.453889846801758,11.119618217158365,8.650114155887218,0,-4.998047916102457
Argentina_DUP1_farm45_field592_corn_2020,2020,Argentina,corn,12.958222389221191,10.951982056703404,8.650114155887218,0,-4.8304117556474955
Argentina_DUP1_farm45_field593_corn_2020,2020,Argentina,corn,11.161738395690918,9.91472478903906,8.650114155887218,0,-3.793154487983151
Argentina_DUP1_farm45_field594_wheat_2020,2020,Argentina,wheat,5.21607780456543,4.953993031862477,4.178183831618383,0,-2.5880045388967785
Argentina_DUP1_farm45_field596_corn_2020,2020,Argentina,corn,12.130420684814453,11.238610126093974,8.650114155887218,0,-5.1170398250380655
Argentina_DUP1_farm45_field599_wheat_2020,2020,Argentina,wheat,6.77961540222168,5.388415566047647,4.178183831618383,0,-3.022427073081949
Argentina_DUP1_farm45_field604_corn_2020,2020,Argentina,corn,12.334731101989746,11.459007738579057,8.650114155887218,0,-5.337437437523149
Argentina_DUP1_farm45_field605_corn_2020,2020,Argentina,corn,9.48910140991211,10.844254026548931,8.650114155887218,0,-4.722683725493023
Argentina_DUP1_farm45_field607_wheat_2020,2020,Argentina,wheat,6.705805778503418,5.270716067971411,4.178183831618383,0,-2.9047275750057127
Argentina_DUP1_farm45_field614_corn_2020,2020,Argentina,corn,10.487276077270508,11.017930824255295,8.650114155887218,0,-4.8963605231993865
Argentina_DUP1_farm49_field659_corn_2020,2020,Argentina,corn,10.462861061096191,8.32197793874059,8.650114155887218,0,-2.2004076376846813
Argentina_DUP1_farm52_field686_soybean_2020,2020,Argentina,soybean,2.813114643096924,3.9719754978954827,3.472988488254966,0,-1.7445787712872063
Argentina_DUP1_farm52_field687_soybean_2020,2020,Argentina,soybean,2.688811779022217,2.9735500125728707,3.472988488254966,0,-0.7461532859645943
Argentina_DUP1_farm52_field688_soybean_2020,2020,Argentina,soybean,3.2182223796844482,4.411963301228573,3.472988488254966,0,-2.1845665746202965
Argentina_DUP1_farm52_field689_soybean_2020,2020,Argentina,soybean,2.933406352996826,3.7598393524527536,3.472988488254966,0,-1.5324426258444772
Argentina_DUP1_farm52_field691_soybean_2020,2020,Argentina,soybean,2.4716007709503174,2.986232871234907,3.472988488254966,0,-0.7588361446266307
Argentina_DUP1_farm52_field692_soybean_2020,2020,Argentina,soybean,3.96347975730896,3.6640289518163462,3.472988488254966,0,-1.4366322252080699
Argentina_DUP1_farm52_field704_soybean_2020,2020,Argentina,soybean,2.9498746395111084,2.7613609299642317,3.472988488254966,0,-0.5339642033559553
Argentina_DUP1_farm52_field708_soybean_2020,2020,Argentina,soybean,3.36759614944458,3.948020583425173,3.472988488254966,0,-1.7206238568168968
Argentina_DUP1_farm52_field709_soybean_2020,2020,Argentina,soybean,2.6702709197998047,3.331610388965878,3.472988488254966,0,-1.1042136623576018
Argentina_DUP1_farm52_field710_soybean_2020,2020,Argentina,soybean,2.7086095809936523,4.167540545252193,3.472988488254966,0,-1.940143818643917
Argentina_DUP1_farm54_field730_wheat_2020,2020,Argentina,wheat,1.1954669952392578,3.143312767795724,4.178183831618383,1,-0.777324274830026
Argentina_DUP1_farm54_field733_wheat_2020,2020,Argentina,wheat,2.2495839595794678,2.022719604551139,4.178183831618383,1,0.3432688884145594
Argentina_DUP1_farm54_field743_soybean_2020,2020,Argentina,soybean,4.636996269226074,4.42704858964053,3.472988488254966,0,-2.199651863032254
Argentina_DUP1_farm9_field89_wheat_2020,2020,Argentina,wheat,5.4089436531066895,3.8115736295144576,4.178183831618383,0,-1.4455851365487593
Argentina_DUP1_farm9_field90_wheat_2020,2020,Argentina,wheat,6.071316242218018,4.941979510967022,4.178183831618383,0,-2.575991018001324
Argentina_DUP1_farm9_field91_soybean_2020,2020,Argentina,soybean,2.7706398963928223,4.073960906541652,3.472988488254966,0,-1.8465641799333756
Brazil_DUP2_farm2_field16_soybean_2020,2020,Brazil,soybean,4.377521991729736,4.621710144418157,4.111614231115732,0,-1.0158034194883472
Brazil_DUP2_farm2_field20_wheat_2020,2020,Brazil,wheat,4.6233134269714355,3.903396232471464,3.773940976629866,0,-0.8466559961891154
Brazil_DUP2_farm2_field22_soybean_2020,2020,Brazil,soybean,4.403652191162109,4.502633296048679,4.111614231115732,0,-0.8967265711188697
Brazil_DUP2_farm2_field27_soybean_2020,2020,Brazil,soybean,4.355782508850098,4.581643694119188,4.111614231115732,0,-0.975736969189378
Brazil_DUP2_farm2_field30_wheat_2020,2020,Brazil,wheat,3.9985570907592773,4.008933773559072,3.773940976629866,0,-0.952193537276723
Brazil_DUP2_farm2_field32_wheat_2020,2020,Brazil,wheat,5.027770042419434,3.998742113884828,3.773940976629866,0,-0.942001877602479
Brazil_DUP2_farm2_field38_soybean_2020,2020,Brazil,soybean,4.140893936157227,4.559015759254784,4.111614231115732,0,-0.9531090343249744
Brazil_DUP2_farm2_field44_wheat_2020,2020,Brazil,wheat,4.408825397491455,3.9908435402001325,3.773940976629866,0,-0.9341033039177837
Brazil_DUP2_farm4_field101_wheat_2020,2020,Brazil,wheat,2.5832982063293457,3.416380113188362,3.773940976629866,1,-0.3596398769060132
Brazil_DUP2_farm4_field104_wheat_2020,2020,Brazil,wheat,3.498563766479492,3.8066010321236052,3.773940976629866,0,-0.7498607958412564
Brazil_DUP2_farm4_field115_wheat_2020,2020,Brazil,wheat,3.591207504272461,3.395002826686704,3.773940976629866,0,-0.338262590404355
Brazil_DUP2_farm4_field121_soybean_2020,2020,Brazil,soybean,4.2171807289123535,4.267279242564992,4.111614231115732,0,-0.6613725176351828
Brazil_DUP2_farm4_field122_wheat_2020,2020,Brazil,wheat,3.7642745971679688,3.9816839618570183,3.773940976629866,0,-0.9249437255746695
Brazil_DUP2_farm4_field137_soybean_2020,2020,Brazil,soybean,4.189049243927002,4.2886640771717,4.111614231115732,0,-0.6827573522418904
Brazil_DUP2_farm4_field66_soybean_2020,2020,Brazil,soybean,4.047950744628906,4.143789721640615,4.111614231115732,0,-0.5378829967108052
Brazil_DUP2_farm4_field67_soybean_2020,2020,Brazil,soybean,4.458172798156738,4.306901684466857,4.111614231115732,0,-0.7009949595370477
Brazil_DUP2_farm4_field68_wheat_2020,2020,Brazil,wheat,3.552032232284546,3.9277084769364166,3.773940976629866,0,-0.8709682406540677
Brazil_DUP2_farm4_field83_wheat_2020,2020,Brazil,wheat,3.2220044136047363,3.845492636170902,3.773940976629866,0,-0.7887523998885531
Brazil_DUP2_farm4_field92_soybean_2020,2020,Brazil,soybean,4.621199131011963,4.328232724796719,4.111614231115732,0,-0.7223259998669098
Brazil_DUP2_farm5_field140_corn_2020,2020,Brazil,corn,5.645220756530762,5.111724553806118,6.391150501039293,0,-0.39587648938351094
Brazil_DUP2_farm5_field182_wheat_2020,2020,Brazil,wheat,2.750033378601074,3.5513345805003076,3.773940976629866,1,-0.4945943442179588
Brazil_DUP2_farm5_field225_wheat_2020,2020,Brazil,wheat,2.7860212326049805,3.5106375113444295,3.773940976629866,1,-0.45389727506208066
Brazil_DUP2_farm5_field247_corn_2020,2020,Brazil,corn,8.977120399475098,6.688756103634311,6.391150501039293,0,-1.9729080392117035
Brazil_DUP2_farm5_field249_wheat_2020,2020,Brazil,wheat,3.225674867630005,3.547293371168987,3.773940976629866,0,-0.4905531348866381
Brazil_DUP2_farm5_field252_wheat_2020,2020,Brazil,wheat,4.266058921813965,4.003294668805127,3.773940976629866,0,-0.9465544325227784
Brazil_DUP2_farm5_field262_corn_2020,2020,Brazil,corn,5.332284450531006,5.192078572416609,6.391150501039293,0,-0.4762305079940017
Brazil_DUP2_farm5_field268_corn_2020,2020,Brazil,corn,6.1885271072387695,5.236485136499342,6.391150501039293,0,-0.5206370720767346
Brazil_DUP2_farm5_field273_corn_2020,2020,Brazil,corn,9.866704940795898,6.301050507076169,6.391150501039293,0,-1.5852024426535616
Brazil_DUP2_farm5_field274_soybean_2020,2020,Brazil,soybean,5.064452171325684,4.475213422225202,4.111614231115732,0,-0.869306697295392
Brazil_DUP2_farm6_field289_corn_2020,2020,Brazil,corn,8.922929763793945,6.668634076874339,6.391150501039293,0,-1.9527860124517318
Brazil_DUP2_farm6_field291_soybean_2020,2020,Brazil,soybean,4.750194072723389,4.284299347568919,4.111614231115732,0,-0.6783926226391097
Brazil_DUP2_farm6_field296_soybean_2020,2020,Brazil,soybean,4.263909339904785,4.254777966648431,4.111614231115732,0,-0.6488712417186218
Brazil_DUP2_farm6_field316_soybean_2020,2020,Brazil,soybean,3.987001419067383,4.1009259861047225,4.111614231115732,0,-0.4950192611749129
Brazil_DUP2_farm6_field324_corn_2020,2020,Brazil,corn,5.229081153869629,5.786925592671376,6.391150501039293,0,-1.071077528248769
Brazil_DUP2_farm6_field332_soybean_2020,2020,Brazil,soybean,4.528463840484619,4.085723502437334,4.111614231115732,0,-0.4798167775075246
Brazil_DUP2_farm6_field334_soybean_2020,2020,Brazil,soybean,3.682724714279175,4.117689634159435,4.111614231115732,0,-0.5117829092296251
Brazil_DUP2_farm6_field339_corn_2020,2020,Brazil,corn,11.386627197265625,7.061278908232561,6.391150501039293,0,-2.345430843809954
Brazil_DUP2_farm6_field372_corn_2020,2020,Brazil,corn,10.143900871276855,6.984501235369491,6.391150501039293,0,-2.268653170946884
Brazil_DUP2_farm6_field374_corn_2020,2020,Brazil,corn,11.590108871459961,7.320614323415618,6.391150501039293,0,-2.6047662589930107
Brazil_DUP2_farm6_field395_soybean_2020,2020,Brazil,soybean,4.75927734375,4.401194287678531,4.111614231115732,0,-0.7952875627487215
Brazil_DUP2_farm6_field397_corn_2020,2020,Brazil,corn,6.844395637512207,6.700413949331162,6.391150501039293,0,-1.9845658849085552
Brazil_DUP2_farm6_field402_corn_2020,2020,Brazil,corn,5.578191757202148,6.56157872359728,6.391150501039293,0,-1.8457306591746727
Brazil_DUP2_farm6_field403_soybean_2020,2020,Brazil,soybean,4.402918338775635,4.168287321211975,4.111614231115732,0,-0.5623805962821651
Brazil_DUP2_farm6_field410_corn_2020,2020,Brazil,corn,9.976926803588867,7.019168192788151,6.391150501039293,0,-2.3033201283655442
Brazil_DUP2_farm6_field432_corn_2020,2020,Brazil,corn,7.102114677429199,6.097005491522359,6.391150501039293,0,-1.381157427099752
Brazil_DUP2_farm6_field433_soybean_2020,2020,Brazil,soybean,4.422533988952637,4.131171157392072,4.111614231115732,0,-0.5252644324622624
Brazil_DUP2_farm6_field438_corn_2020,2020,Brazil,corn,11.214509963989258,7.015585321330635,6.391150501039293,0,-2.2997372569080277
Brazil_DUP2_farm6_field442_corn_2020,2020,Brazil,corn,5.412701606750488,5.980774296811172,6.391150501039293,0,-1.2649262323885653
Brazil_DUP2_farm6_field465_soybean_2020,2020,Brazil,soybean,3.869234561920166,4.197536744837109,4.111614231115732,0,-0.5916300199072992
Brazil_DUP2_farm6_field468_soybean_2020,2020,Brazil,soybean,4.734006404876709,4.402046305110543,4.111614231115732,0,-0.7961395801807338
Brazil_DUP2_farm6_field469_soybean_2020,2020,Brazil,soybean,4.096224308013916,4.228650759542721,4.111614231115732,0,-0.6227440346129116
Brazil_DUP2_farm9_field510_wheat_2020,2020,Brazil,wheat,3.1211400032043457,3.6765951992970676,3.773940976629866,0,-0.6198549630147188
Brazil_DUP2_farm9_field513_wheat_2020,2020,Brazil,wheat,3.3240480422973633,3.6665382465550054,3.773940976629866,0,-0.6097980102726566
Brazil_DUP2_farm9_field525_wheat_2020,2020,Brazil,wheat,3.2387492656707764,3.4915383253744783,3.773940976629866,0,-0.43479808909212947
Brazil_DUP2_farm9_field526_soybean_2020,2020,Brazil,soybean,4.212741851806641,4.510927326020855,4.111614231115732,0,-0.9050206010910458
Brazil_DUP2_farm9_field534_soybean_2020,2020,Brazil,soybean,4.1772661209106445,4.339423310584442,4.111614231115732,0,-0.7335165856546322
Brazil_DUP2_farm9_field541_wheat_2020,2020,Brazil,wheat,3.5857300758361816,3.711486411848369,3.773940976629866,0,-0.6547461755660202
Brazil_DUP2_farm9_field542_soybean_2020,2020,Brazil,soybean,4.4742631912231445,4.334886162434986,4.111614231115732,0,-0.7289794375051768
Brazil_DUP2_farm9_field550_soybean_2020,2020,Brazil,soybean,4.2704620361328125,4.425590385507437,4.111614231115732,0,-0.8196836605776276
Germany_DUP3_farm2_field101_wheat_2020,2020,Germany,wheat,9.733396530151367,8.709161799429243,9.701787299797184,0,-0.21693386363822675
Germany_DUP3_farm2_field109_wheat_2020,2020,Germany,wheat,11.934039115905762,10.079652564781806,9.701787299797184,0,-1.5874246289907905
Germany_DUP3_farm2_field115_rapeseed_2020,2020,Germany,rapeseed,5.2350592613220215,4.883450779071569,4.333005783886745,0,-1.4355569211156363
Germany_DUP3_farm2_field119_rapeseed_2020,2020,Germany,rapeseed,6.0080485343933105,4.75033194800928,4.333005783886745,0,-1.3024380900533474
Germany_DUP3_farm2_field122_wheat_2020,2020,Germany,wheat,12.715509414672852,8.785432044331834,9.701787299797184,0,-0.29320410854081835
Germany_DUP3_farm2_field125_rapeseed_2020,2020,Germany,rapeseed,7.517216682434082,4.730061545612939,4.333005783886745,0,-1.2821676876570063
Germany_DUP3_farm2_field134_wheat_2020,2020,Germany,wheat,9.923567771911621,9.827710651743478,9.701787299797184,0,-1.3354827159524625
Germany_DUP3_farm2_field153_rapeseed_2020,2020,Germany,rapeseed,5.796721458435059,4.221965795755171,4.333005783886745,0,-0.7740719377992384
Germany_DUP3_farm2_field156_rapeseed_2020,2020,Germany,rapeseed,7.011353015899658,4.862629280786687,4.333005783886745,0,-1.4147354228307547
Germany_DUP3_farm2_field163_wheat_2020,2020,Germany,wheat,9.16643238067627,9.23784122415632,9.701787299797184,0,-0.7456132883653037
Germany_DUP3_farm2_field166_wheat_2020,2020,Germany,wheat,10.155292510986328,9.482817818358495,9.701787299797184,0,-0.9905898825674786
Germany_DUP3_farm2_field173_rapeseed_2020,2020,Germany,rapeseed,6.68973970413208,5.044471969861327,4.333005783886745,0,-1.5965781119053943
Germany_DUP3_farm2_field70_wheat_2020,2020,Germany,wheat,10.264270782470703,9.803882725348913,9.701787299797184,0,-1.3116547895578972
Germany_DUP3_farm2_field71_wheat_2020,2020,Germany,wheat,11.123003959655762,9.54763369021651,9.701787299797184,0,-1.055405754425495
Germany_DUP3_farm2_field74_wheat_2020,2020,Germany,wheat,11.002937316894531,9.49367057765193,9.701787299797184,0,-1.0014426418609137
Germany_DUP3_farm2_field80_wheat_2020,2020,Germany,wheat,11.843796730041504,10.0426640075009,9.701787299797184,0,-1.5504360717098837
Germany_DUP3_farm2_field85_wheat_2020,2020,Germany,wheat,10.543076515197754,9.228677790523784,9.701787299797184,0,-0.7364498547327685
Germany_DUP3_farm2_field90_wheat_2020,2020,Germany,wheat,9.967060089111328,9.962123591055693,9.701787299797184,0,-1.4698956552646774
Germany_DUP3_farm2_field95_rapeseed_2020,2020,Germany,rapeseed,6.771395683288574,4.856195171620978,4.333005783886745,0,-1.4083013136650457
Germany_DUP3_farm3_field228_rapeseed_2020,2020,Germany,rapeseed,4.277958869934082,4.3345108766353055,4.333005783886745,0,-0.8866170186793729
Germany_DUP3_farm3_field229_rapeseed_2020,2020,Germany,rapeseed,3.156675100326538,3.7523466548764386,4.333005783886745,1,-0.304452796920506
Germany_DUP3_farm3_field230_rapeseed_2020,2020,Germany,rapeseed,3.5180726051330566,3.6168969035743803,4.333005783886745,0,-0.1690030456184477
Germany_DUP3_farm3_field232_wheat_2020,2020,Germany,wheat,6.63178825378418,9.256161464513136,9.701787299797184,1,-0.7639335287221201
Germany_DUP3_farm4_field249_rapeseed_2020,2020,Germany,rapeseed,4.941125869750977,4.579353186173405,4.333005783886745,0,-1.1314593282174723
Germany_DUP3_farm4_field250_rapeseed_2020,2020,Germany,rapeseed,5.15594482421875,4.363829611756902,4.333005783886745,0,-0.9159357538009694
Germany_DUP3_farm4_field252_wheat_2020,2020,Germany,wheat,8.948681831359863,9.717425896922046,9.701787299797184,0,-1.2251979611310304
Germany_DUP3_farm5_field264_rapeseed_2020,2020,Germany,rapeseed,3.5771031379699707,4.254314138866908,4.333005783886745,0,-0.8064202809109755
Germany_DUP3_farm5_field265_rapeseed_2020,2020,Germany,rapeseed,2.834543466567993,4.097416391425198,4.333005783886745,1,-0.6495225334692654
Germany_DUP3_farm5_field266_wheat_2020,2020,Germany,wheat,8.4000883102417,8.90063483729015,9.701787299797184,1,-0.4084069014991343
Germany_DUP3_farm6_field283_rapeseed_2020,2020,Germany,rapeseed,2.902054786682129,3.7680130797841596,4.333005783886745,1,-0.32011922182822694
Germany_DUP3_farm6_field284_rapeseed_2020,2020,Germany,rapeseed,3.4589855670928955,4.1101461534233295,4.333005783886745,0,-0.6622522954673968
Germany_DUP3_farm6_field286_wheat_2020,2020,Germany,wheat,7.132682800292969,8.783896341254746,9.701787299797184,1,-0.29166840546372974
Uruguay_DUP4_farm10_field328_soybean_2020,2020,Uruguay,soybean,3.276489019393921,2.5215089156900525,2.406872218146044,0,-1.1684856012140394
Uruguay_DUP4_farm10_field329_soybean_2020,2020,Uruguay,soybean,2.9296987056732178,2.241688428238614,2.406872218146044,0,-0.8886651137626007
Uruguay_DUP4_farm2_field9_soybean_2020,2020,Uruguay,soybean,1.4275484085083008,1.813656031752207,2.406872218146044,0,-0.4606327172761939
Uruguay_DUP4_farm7_field176_soybean_2020,2020,Uruguay,soybean,3.610421657562256,3.125242519299896,2.406872218146044,0,-1.772219204823883
Uruguay_DUP4_farm7_field177_soybean_2020,2020,Uruguay,soybean,2.7052714824676514,2.8400695158904594,2.406872218146044,0,-1.4870462014144463
Uruguay_DUP4_farm7_field178_soybean_2020,2020,Uruguay,soybean,1.852871060371399,2.3699873639473084,2.406872218146044,0,-1.0169640494712953
Uruguay_DUP4_farm7_field179_soybean_2020,2020,Uruguay,soybean,2.2249791622161865,2.7833768409057487,2.406872218146044,0,-1.4303535264297356
Uruguay_DUP4_farm7_field180_soybean_2020,2020,Uruguay,soybean,3.191859006881714,2.468809709435519,2.406872218146044,0,-1.115786394959506
Uruguay_DUP4_farm7_field181_soybean_2020,2020,Uruguay,soybean,3.053795099258423,2.4911925268354618,2.406872218146044,0,-1.1381692123594487
Uruguay_DUP4_farm7_field182_soybean_2020,2020,Uruguay,soybean,3.28501033782959,3.079271101333995,2.406872218146044,0,-1.7262477868579817
Uruguay_DUP4_farm7_field183_soybean_2020,2020,Uruguay,soybean,3.2739856243133545,3.0337888339752994,2.406872218146044,0,-1.6807655194992863
Uruguay_DUP4_farm7_field184_soybean_2020,2020,Uruguay,soybean,3.4928157329559326,3.189141923105803,2.406872218146044,0,-1.83611860862979
Argentina_DUP1_farm15_field147_soybean_2021,2021,Argentina,soybean,4.3418965339660645,3.772607857419383,3.537840245700464,0,-1.290148216916453
Argentina_DUP1_farm15_field148_soybean_2021,2021,Argentina,soybean,5.044288635253906,4.220070910118557,3.537840245700464,0,-1.7376112696156274
Argentina_DUP1_farm15_field149_soybean_2021,2021,Argentina,soybean,4.241621017456055,3.5178938466039487,3.537840245700464,0,-1.0354342061010189
Argentina_DUP1_farm15_field150_soybean_2021,2021,Argentina,soybean,5.143073081970215,3.8731891676648766,3.537840245700464,0,-1.3907295271619469
Argentina_DUP1_farm16_field158_soybean_2021,2021,Argentina,soybean,5.097338676452637,3.735922527408526,3.537840245700464,0,-1.2534628869055964
Argentina_DUP1_farm16_field159_soybean_2021,2021,Argentina,soybean,4.66832971572876,3.556273501335776,3.537840245700464,0,-1.0738138608328462
Argentina_DUP1_farm17_field164_soybean_2021,2021,Argentina,soybean,4.517200946807861,4.188422089469296,3.537840245700464,0,-1.7059624489663663
Argentina_DUP1_farm17_field165_soybean_2021,2021,Argentina,soybean,3.65232515335083,3.6684409269522327,3.537840245700464,0,-1.185981286449303
Argentina_DUP1_farm17_field166_soybean_2021,2021,Argentina,soybean,2.4157001972198486,3.638489470008065,3.537840245700464,1,-1.1560298295051354
Argentina_DUP1_farm17_field175_soybean_2021,2021,Argentina,soybean,4.791706562042236,3.558194192570024,3.537840245700464,0,-1.075734552067094
Argentina_DUP1_farm17_field176_soybean_2021,2021,Argentina,soybean,5.822430610656738,4.091598247367248,3.537840245700464,0,-1.609138606864318
Argentina_DUP1_farm17_field183_soybean_2021,2021,Argentina,soybean,2.280846118927002,3.779966194325763,3.537840245700464,1,-1.2975065538228332
Argentina_DUP1_farm17_field188_soybean_2021,2021,Argentina,soybean,2.6040573120117188,3.568382951160048,3.537840245700464,0,-1.085923310657118
Argentina_DUP1_farm17_field189_soybean_2021,2021,Argentina,soybean,1.8797327280044556,3.8488516130625485,3.537840245700464,1,-1.3663919725596188
Argentina_DUP1_farm17_field190_soybean_2021,2021,Argentina,soybean,4.151993751525879,4.436717633620857,3.537840245700464,0,-1.9542579931179271
Argentina_DUP1_farm19_field202_wheat_2021,2021,Argentina,wheat,6.798497200012207,5.415743686940989,3.8493293466476293,0,-4.073810770299754
Argentina_DUP1_farm19_field203_wheat_2021,2021,Argentina,wheat,7.293354511260986,4.216593282456412,3.8493293466476293,0,-2.874660365815176
Argentina_DUP1_farm19_field205_wheat_2021,2021,Argentina,wheat,6.1592888832092285,3.599531504662231,3.8493293466476293,0,-2.2575985880209952
Argentina_DUP1_farm1_field5_wheat_2021,2021,Argentina,wheat,6.084906101226807,5.296585485077191,3.8493293466476293,0,-3.9546525684359555
Argentina_DUP1_farm1_field6_wheat_2021,2021,Argentina,wheat,7.325508117675781,5.294427207325017,3.8493293466476293,0,-3.9524942906837817
Argentina_DUP1_farm21_field210_wheat_2021,2021,Argentina,wheat,4.259365081787109,3.503060325569015,3.8493293466476293,0,-2.161127408927779
Argentina_DUP1_farm23_field219_soybean_2021,2021,Argentina,soybean,2.836655616760254,3.075208490275493,3.537840245700464,0,-0.5927488497725633
Argentina_DUP1_farm23_field220_soybean_2021,2021,Argentina,soybean,2.2235465049743652,2.6027087145838252,3.537840245700464,1,-0.12024907408089547
Argentina_DUP1_farm23_field221_soybean_2021,2021,Argentina,soybean,1.5683501958847046,2.75609622511899,3.537840245700464,1,-0.2736365846160602
Argentina_DUP1_farm23_field223_soybean_2021,2021,Argentina,soybean,2.0238845348358154,2.9467369521600446,3.537840245700464,1,-0.46427731165711483
Argentina_DUP1_farm23_field230_soybean_2021,2021,Argentina,soybean,2.5585973262786865,3.818699407316144,3.537840245700464,0,-1.3362397668132142
Argentina_DUP1_farm23_field231_soybean_2021,2021,Argentina,soybean,4.768322944641113,2.8824409192114118,3.537840245700464,0,-0.399981278708482
Argentina_DUP1_farm23_field232_soybean_2021,2021,Argentina,soybean,3.2896652221679688,4.00811376365197,3.537840245700464,0,-1.5256541231490401
Argentina_DUP1_farm24_field236_wheat_2021,2021,Argentina,wheat,5.736676216125488,5.821978416561545,3.8493293466476293,0,-4.480045499920309
Argentina_DUP1_farm24_field237_wheat_2021,2021,Argentina,wheat,5.650633335113525,5.980474288169017,3.8493293466476293,0,-4.638541371527781
Argentina_DUP1_farm24_field238_corn_2021,2021,Argentina,corn,9.808682441711426,6.956630326611613,8.721685460851162,0,-1.0785711301394452
Argentina_DUP1_farm24_field239_corn_2021,2021,Argentina,corn,7.687638759613037,6.806833706146001,8.721685460851162,0,-0.9287745096738336
Argentina_DUP1_farm27_field271_soybean_2021,2021,Argentina,soybean,3.700870990753174,3.9393319158116924,3.537840245700464,0,-1.4568722753087626
Argentina_DUP1_farm27_field272_soybean_2021,2021,Argentina,soybean,2.6120121479034424,2.74191752124605,3.537840245700464,0,-0.25945788074312004
Argentina_DUP1_farm27_field273_soybean_2021,2021,Argentina,soybean,3.9569242000579834,2.871890805018674,3.537840245700464,0,-0.3894311645157442
Argentina_DUP1_farm27_field274_soybean_2021,2021,Argentina,soybean,3.1057066917419434,4.245949761079246,3.537840245700464,0,-1.7634901205763165
Argentina_DUP1_farm27_field275_soybean_2021,2021,Argentina,soybean,3.8535122871398926,3.3431603087258805,3.537840245700464,0,-0.8607006682229508
Argentina_DUP1_farm27_field277_soybean_2021,2021,Argentina,soybean,3.554532289505005,3.322330328262547,3.537840245700464,0,-0.8398706877596172
Argentina_DUP1_farm27_field278_soybean_2021,2021,Argentina,soybean,3.7834856510162354,3.423617646710675,3.537840245700464,0,-0.9411580062077451
Argentina_DUP1_farm27_field279_soybean_2021,2021,Argentina,soybean,4.855313301086426,4.180231532729088,3.537840245700464,0,-1.6977718922261587
Argentina_DUP1_farm27_field281_soybean_2021,2021,Argentina,soybean,3.162588596343994,3.0693518343946304,3.537840245700464,0,-0.5868921938917007
Argentina_DUP1_farm27_field282_soybean_2021,2021,Argentina,soybean,2.9482030868530273,3.065430860501544,3.537840245700464,0,-0.5829712199986141
Argentina_DUP1_farm27_field283_soybean_2021,2021,Argentina,soybean,2.373455286026001,3.572419288125474,3.537840245700464,1,-1.0899596476225444
Argentina_DUP1_farm27_field284_soybean_2021,2021,Argentina,soybean,3.082868814468384,3.133443385448454,3.537840245700464,0,-0.650983744945524
Argentina_DUP1_farm27_field285_soybean_2021,2021,Argentina,soybean,2.466569423675537,2.4736926945583195,3.537840245700464,1,0.00876694594461025
Argentina_DUP1_farm27_field309_soybean_2021,2021,Argentina,soybean,3.608588457107544,2.7444961959451293,3.537840245700464,0,-0.2620365554421995
Argentina_DUP1_farm27_field312_soybean_2021,2021,Argentina,soybean,3.5195648670196533,3.1342606483681195,3.537840245700464,0,-0.6518010078651897
Argentina_DUP1_farm28_field315_soybean_2021,2021,Argentina,soybean,4.604422092437744,4.166496059580985,3.537840245700464,0,-1.6840364190780552
Argentina_DUP1_farm28_field317_soybean_2021,2021,Argentina,soybean,4.655289649963379,4.174743190339835,3.537840245700464,0,-1.692283549836905
Argentina_DUP1_farm33_field342_wheat_2021,2021,Argentina,wheat,5.0389323234558105,5.197274717653155,3.8493293466476293,0,-3.855341801011919
Argentina_DUP1_farm36_field358_corn_2021,2021,Argentina,corn,7.103315353393555,7.732999255385003,8.721685460851162,0,-1.8549400589128355
Argentina_DUP1_farm36_field359_corn_2021,2021,Argentina,corn,6.916041374206543,8.139564860464084,8.721685460851162,0,-2.261505663991916
Argentina_DUP1_farm36_field360_corn_2021,2021,Argentina,corn,8.543993949890137,8.721711771522141,8.721685460851162,0,-2.8436525750499735
Argentina_DUP1_farm36_field361_corn_2021,2021,Argentina,corn,7.785053253173828,7.4423893727108865,8.721685460851162,0,-1.5643301762387187
Argentina_DUP1_farm36_field362_corn_2021,2021,Argentina,corn,8.640122413635254,8.365572415560498,8.721685460851162,0,-2.4875132190883305
Argentina_DUP1_farm36_field363_corn_2021,2021,Argentina,corn,6.72675085067749,7.589919948421071,8.721685460851162,0,-1.7118607519489029
Argentina_DUP1_farm36_field364_corn_2021,2021,Argentina,corn,8.059341430664062,7.115069169841791,8.721685460851162,0,-1.2370099733696236
Argentina_DUP1_farm36_field365_corn_2021,2021,Argentina,corn,8.071630477905273,8.095863562126496,8.721685460851162,0,-2.2178043656543283
Argentina_DUP1_farm36_field366_corn_2021,2021,Argentina,corn,8.301575660705566,7.7128050808644755,8.721685460851162,0,-1.8347458843923077
Argentina_DUP1_farm36_field367_corn_2021,2021,Argentina,corn,8.618362426757812,7.716587683137345,8.721685460851162,0,-1.8385284866651777
Argentina_DUP1_farm36_field368_corn_2021,2021,Argentina,corn,7.6666035652160645,9.044007791074298,8.721685460851162,0,-3.1659485946021304
Argentina_DUP1_farm37_field393_soybean_2021,2021,Argentina,soybean,3.39387583732605,2.5697685348652866,3.537840245700464,0,-0.08730889436235678
Argentina_DUP1_farm37_field394_soybean_2021,2021,Argentina,soybean,4.549707889556885,3.4531934789539314,3.537840245700464,0,-0.9707338384510016
Argentina_DUP1_farm37_field397_soybean_2021,2021,Argentina,soybean,3.066141128540039,3.116189885257314,3.537840245700464,0,-0.6337302447543842
Argentina_DUP1_farm37_field409_soybean_2021,2021,Argentina,soybean,2.0085299015045166,2.861610703667886,3.537840245700464,1,-0.37915106316495617
Argentina_DUP1_farm37_field410_soybean_2021,2021,Argentina,soybean,2.089451551437378,2.7315572234381325,3.537840245700464,1,-0.24909758293520268
Argentina_DUP1_farm37_field411_soybean_2021,2021,Argentina,soybean,1.6555449962615967,3.125284300750511,3.537840245700464,1,-0.6428246602475811
Argentina_DUP1_farm37_field412_soybean_2021,2021,Argentina,soybean,4.1647748947143555,2.8508121416581114,3.537840245700464,0,-0.3683525011551816
Argentina_DUP1_farm38_field415_soybean_2021,2021,Argentina,soybean,4.463087558746338,3.906722631316465,3.537840245700464,0,-1.4242629908135354
Argentina_DUP1_farm38_field416_soybean_2021,2021,Argentina,soybean,4.137072563171387,3.8339811718876637,3.537840245700464,0,-1.351521531384734
Argentina_DUP1_farm42_field440_soybean_2021,2021,Argentina,soybean,3.405916452407837,3.728868608568707,3.537840245700464,0,-1.246408968065777
Argentina_DUP1_farm44_field444_soybean_2021,2021,Argentina,soybean,4.318761825561523,3.7650831751838925,3.537840245700464,0,-1.2826235346809627
Argentina_DUP1_farm44_field450_corn_2021,2021,Argentina,corn,7.9806389808654785,6.909165318703019,8.721685460851162,0,-1.0311061222308515
Argentina_DUP1_farm44_field451_soybean_2021,2021,Argentina,soybean,2.909590482711792,3.709589866477165,3.537840245700464,0,-1.2271302259742352
Argentina_DUP1_farm44_field456_soybean_2021,2021,Argentina,soybean,3.061272144317627,2.9985571037003895,3.537840245700464,0,-0.5160974631974597
Argentina_DUP1_farm44_field457_wheat_2021,2021,Argentina,wheat,2.371809244155884,1.4542987097003377,3.8493293466476293,0,-0.11236579305910221
Argentina_DUP1_farm44_field459_wheat_2021,2021,Argentina,wheat,2.128990888595581,1.5745318727429662,3.8493293466476293,0,-0.23259895610173076
Argentina_DUP1_farm44_field461_wheat_2021,2021,Argentina,wheat,3.349882125854492,1.4492532009702108,3.8493293466476293,0,-0.10732028432897533
Argentina_DUP1_farm44_field468_wheat_2021,2021,Argentina,wheat,2.342705488204956,2.6298172033805924,3.8493293466476293,0,-1.287884286739357
Argentina_DUP1_farm44_field473_corn_2021,2021,Argentina,corn,11.483881950378418,7.095515769319117,8.721685460851162,0,-1.2174565728469489
Argentina_DUP1_farm44_field478_soybean_2021,2021,Argentina,soybean,3.9368700981140137,3.5457986264708072,3.537840245700464,0,-1.0633389859678775
Argentina_DUP1_farm44_field483_wheat_2021,2021,Argentina,wheat,2.6724796295166016,1.390171486909404,3.8493293466476293,0,-0.04823857026816847
Argentina_DUP1_farm44_field485_soybean_2021,2021,Argentina,soybean,3.059870481491089,3.7651662683084286,3.537840245700464,0,-1.2827066278054988
Argentina_DUP1_farm44_field486_soybean_2021,2021,Argentina,soybean,3.377847909927368,3.2666511508345293,3.537840245700464,0,-0.7841915103315995
Argentina_DUP1_farm44_field487_soybean_2021,2021,Argentina,soybean,2.9008476734161377,2.3516853956202066,3.537840245700464,0,0.13077424488272316
Argentina_DUP1_farm44_field490_soybean_2021,2021,Argentina,soybean,5.276296138763428,2.355934313415583,3.537840245700464,0,0.12652532708734698
Argentina_DUP1_farm44_field492_wheat_2021,2021,Argentina,wheat,3.9170706272125244,2.5088613958898214,3.8493293466476293,0,-1.166928479248586
Argentina_DUP1_farm44_field493_wheat_2021,2021,Argentina,wheat,4.1610283851623535,1.3549148831012312,3.8493293466476293,0,-0.01298196645999572
Argentina_DUP1_farm44_field496_soybean_2021,2021,Argentina,soybean,1.9881240129470825,3.42763657905194,3.537840245700464,1,-0.9451769385490101
Argentina_DUP1_farm44_field505_soybean_2021,2021,Argentina,soybean,3.1494650840759277,2.864406123435443,3.537840245700464,0,-0.3819464829325132
Argentina_DUP1_farm44_field506_soybean_2021,2021,Argentina,soybean,2.557133436203003,2.2441521067929813,3.537840245700464,0,0.2383075337099485
Argentina_DUP1_farm44_field507_soybean_2021,2021,Argentina,soybean,3.5527827739715576,3.006843325338989,3.537840245700464,0,-0.5243836848360592
Argentina_DUP1_farm44_field526_wheat_2021,2021,Argentina,wheat,1.4923816919326782,2.542819983202269,3.8493293466476293,0,-1.2008870665610336
Argentina_DUP1_farm44_field527_soybean_2021,2021,Argentina,soybean,3.105116128921509,3.026926567961371,3.537840245700464,0,-0.544466927458441
Argentina_DUP1_farm44_field530_wheat_2021,2021,Argentina,wheat,2.8130476474761963,2.015552857263188,3.8493293466476293,0,-0.6736199406219525
Argentina_DUP1_farm44_field531_wheat_2021,2021,Argentina,wheat,4.1087965965271,2.0106363358551205,3.8493293466476293,0,-0.668703419213885
Argentina_DUP1_farm44_field534_wheat_2021,2021,Argentina,wheat,2.642627716064453,2.4441358080015396,3.8493293466476293,0,-1.1022028913603041
Argentina_DUP1_farm44_field537_soybean_2021,2021,Argentina,soybean,2.960891008377075,3.874874009457754,3.537840245700464,0,-1.392414368954824
Argentina_DUP1_farm44_field540_wheat_2021,2021,Argentina,wheat,3.4974591732025146,1.7447200774723015,3.8493293466476293,0,-0.402787160831066
Argentina_DUP1_farm44_field542_soybean_2021,2021,Argentina,soybean,2.376070499420166,2.948626987062353,3.537840245700464,1,-0.4661673465594234
Argentina_DUP1_farm44_field546_wheat_2021,2021,Argentina,wheat,2.527094841003418,1.7823239711191583,3.8493293466476293,0,-0.4403910544779228
Argentina_DUP1_farm44_field548_corn_2021,2021,Argentina,corn,8.205018043518066,9.491574327749715,8.721685460851162,0,-3.6135151312775475
Argentina_DUP1_farm44_field551_wheat_2021,2021,Argentina,wheat,3.9974985122680664,2.823967360658603,3.8493293466476293,0,-1.4820344440173676
Argentina_DUP1_farm44_field552_soybean_2021,2021,Argentina,soybean,2.2943174839019775,2.7281089771160607,3.537840245700464,1,-0.24564933661313093
Argentina_DUP1_farm44_field553_corn_2021,2021,Argentina,corn,3.8983561992645264,6.14470232514592,8.721685460851162,1,-0.26664312867375184
Argentina_DUP1_farm44_field559_wheat_2021,2021,Argentina,wheat,2.9885051250457764,1.757671071470556,3.8493293466476293,0,-0.4157381548293204
Argentina_DUP1_farm44_field561_soybean_2021,2021,Argentina,soybean,1.6891742944717407,2.446416269420645,3.537840245700464,1,0.036043371082284725
Argentina_DUP1_farm45_field573_wheat_2021,2021,Argentina,wheat,5.3833842277526855,5.307590248845701,3.8493293466476293,0,-3.965657332204465
Argentina_DUP1_farm45_field586_wheat_2021,2021,Argentina,wheat,7.167749881744385,5.410399298150148,3.8493293466476293,0,-4.068466381508912
Argentina_DUP1_farm45_field587_wheat_2021,2021,Argentina,wheat,5.11287260055542,6.033373709877285,3.8493293466476293,0,-4.691440793236049
Argentina_DUP1_farm45_field590_corn_2021,2021,Argentina,corn,12.658105850219727,12.054578864445078,8.721685460851162,0,-6.176519667972911
Argentina_DUP1_farm45_field591_wheat_2021,2021,Argentina,wheat,5.948451995849609,4.710609296380495,3.8493293466476293,0,-3.3686763797392594
Argentina_DUP1_farm45_field603_wheat_2021,2021,Argentina,wheat,7.786730766296387,4.589861314495803,3.8493293466476293,0,-3.247928397854567
Argentina_DUP1_farm45_field606_wheat_2021,2021,Argentina,wheat,7.629586219787598,4.158733820373878,3.8493293466476293,0,-2.8168009037326422
Argentina_DUP1_farm45_field611_wheat_2021,2021,Argentina,wheat,5.767754077911377,6.158152553342362,3.8493293466476293,0,-4.816219636701126
Argentina_DUP1_farm45_field617_corn_2021,2021,Argentina,corn,12.116186141967773,11.557768801868939,8.721685460851162,0,-5.679709605396771
Argentina_DUP1_farm45_field618_wheat_2021,2021,Argentina,wheat,6.5878376960754395,5.22528700927075,3.8493293466476293,0,-3.8833540926295145
Argentina_DUP1_farm45_field623_corn_2021,2021,Argentina,corn,10.388033866882324,9.431883853081187,8.721685460851162,0,-3.5538246566090193
Argentina_DUP1_farm46_field655_corn_2021,2021,Argentina,corn,14.473533630371094,9.662184231336253,8.721685460851162,0,-3.7841250348640854
Argentina_DUP1_farm49_field661_soybean_2021,2021,Argentina,soybean,5.219106674194336,3.7364207349827963,3.537840245700464,0,-1.2539610944798665
Argentina_DUP1_farm50_field666_wheat_2021,2021,Argentina,wheat,6.197607517242432,4.493899204835021,3.8493293466476293,0,-3.151966288193785
Argentina_DUP1_farm51_field675_wheat_2021,2021,Argentina,wheat,7.092201232910156,5.469846961987223,3.8493293466476293,0,-4.127914045345987
Argentina_DUP1_farm51_field676_wheat_2021,2021,Argentina,wheat,5.653107166290283,5.320559369355418,3.8493293466476293,0,-3.978626452714182
Argentina_DUP1_farm52_field711_soybean_2021,2021,Argentina,soybean,3.904634952545166,4.027659804455569,3.537840245700464,0,-1.545200163952639
Argentina_DUP1_farm52_field714_soybean_2021,2021,Argentina,soybean,2.7373156547546387,3.4273947066548893,3.537840245700464,0,-0.9449350661519595
Argentina_DUP1_farm52_field715_soybean_2021,2021,Argentina,soybean,2.6474688053131104,3.603974395456458,3.537840245700464,0,-1.121514754953528
Argentina_DUP1_farm52_field716_soybean_2021,2021,Argentina,soybean,3.6597132682800293,3.6731996781391487,3.537840245700464,0,-1.190740037636219
Argentina_DUP1_farm52_field717_soybean_2021,2021,Argentina,soybean,4.156802654266357,4.1464751024260655,3.537840245700464,0,-1.6640154619231358
Argentina_DUP1_farm52_field718_soybean_2021,2021,Argentina,soybean,3.7585549354553223,2.854690274941352,3.537840245700464,0,-0.3722306344384223
Argentina_DUP1_farm52_field719_soybean_2021,2021,Argentina,soybean,4.47911262512207,3.218406488880036,3.537840245700464,0,-0.7359468483771061
Argentina_DUP1_farm52_field720_soybean_2021,2021,Argentina,soybean,4.659884452819824,3.6263140345396523,3.537840245700464,0,-1.1438543940367225
Argentina_DUP1_farm52_field721_soybean_2021,2021,Argentina,soybean,3.798582077026367,2.6423484203542804,3.537840245700464,0,-0.15988877985135064
Argentina_DUP1_farm52_field722_soybean_2021,2021,Argentina,soybean,3.716474771499634,3.6496243523034875,3.537840245700464,0,-1.1671647118005577
Argentina_DUP1_farm52_field723_soybean_2021,2021,Argentina,soybean,4.393221855163574,3.7660243280260084,3.537840245700464,0,-1.2835646875230786
Argentina_DUP1_farm52_field724_soybean_2021,2021,Argentina,soybean,1.9303430318832397,2.608317024727652,3.537840245700464,1,-0.12585738422472215
Argentina_DUP1_farm52_field725_soybean_2021,2021,Argentina,soybean,4.425559997558594,3.625056669307264,3.537840245700464,0,-1.1425970288043343
Argentina_DUP1_farm52_field726_soybean_2021,2021,Argentina,soybean,3.026249647140503,3.6403210933713663,3.537840245700464,0,-1.1578614528684366
Argentina_DUP1_farm52_field727_soybean_2021,2021,Argentina,soybean,3.8810455799102783,4.071240343720594,3.537840245700464,0,-1.588780703217664
Argentina_DUP1_farm52_field728_soybean_2021,2021,Argentina,soybean,1.9181702136993408,2.5034152210558966,3.537840245700464,1,-0.020955580552966868
Argentina_DUP1_farm53_field729_corn_2021,2021,Argentina,corn,11.131715774536133,6.741818511100563,8.721685460851162,0,-0.8637593146283953
Argentina_DUP1_farm54_field735_soybean_2021,2021,Argentina,soybean,0.7536706924438477,2.116330408630523,3.537840245700464,1,0.366129231872407
Argentina_DUP1_farm54_field736_soybean_2021,2021,Argentina,soybean,1.5620555877685547,3.054066224664152,3.537840245700464,1,-0.5716065841612221
Argentina_DUP1_farm54_field741_wheat_2021,2021,Argentina,wheat,3.8300540447235107,2.3384335067734874,3.8493293466476293,0,-0.9965005901322519
Argentina_DUP1_farm54_field744_soybean_2021,2021,Argentina,soybean,1.0999441146850586,2.866135715680632,3.537840245700464,1,-0.3836760751777022
Argentina_DUP1_farm8_field87_corn_2021,2021,Argentina,corn,9.043926239013672,9.147900861082542,8.721685460851162,0,-3.2698416646103743
Argentina_DUP1_farm9_field92_soybean_2021,2021,Argentina,soybean,3.626100540161133,3.417997447617418,3.537840245700464,0,-0.9355378071144882
Brazil_DUP2_farm2_field11_soybean_2021,2021,Brazil,soybean,3.681398391723633,4.37785922004213,4.089145246433885,0,-0.7719524951123207
Brazil_DUP2_farm2_field12_soybean_2021,2021,Brazil,soybean,4.077727317810059,4.362006330940288,4.089145246433885,0,-0.7560996060104781
Brazil_DUP2_farm2_field23_soybean_2021,2021,Brazil,soybean,4.593156337738037,4.541273669680066,4.089145246433885,0,-0.9353669447502568
Brazil_DUP2_farm2_field9_soybean_2021,2021,Brazil,soybean,4.81839656829834,4.490772789799467,4.089145246433885,0,-0.8848660648696578
Brazil_DUP2_farm3_field52_wheat_2021,2021,Brazil,wheat,4.391141891479492,3.9570856781773234,3.6223198987068015,0,-0.9764518471531534
Brazil_DUP2_farm4_field106_soybean_2021,2021,Brazil,soybean,5.105606555938721,4.28929348251031,4.089145246433885,0,-0.6833867575805002
Brazil_DUP2_farm4_field110_soybean_2021,2021,Brazil,soybean,4.858290672302246,4.269087034355539,4.089145246433885,0,-0.6631803094257291
Brazil_DUP2_farm4_field128_soybean_2021,2021,Brazil,soybean,4.6399688720703125,4.1722459433152155,4.089145246433885,0,-0.5663392183854059
Brazil_DUP2_farm4_field133_soybean_2021,2021,Brazil,soybean,5.027663230895996,4.325413243120844,4.089145246433885,0,-0.7195065181910341
Brazil_DUP2_farm4_field62_soybean_2021,2021,Brazil,soybean,5.17777156829834,4.430552204895529,4.089145246433885,0,-0.824645479965719
Brazil_DUP2_farm4_field84_soybean_2021,2021,Brazil,soybean,4.544684886932373,4.254311507303985,4.089145246433885,0,-0.6484047823741754
Brazil_DUP2_farm5_field142_soybean_2021,2021,Brazil,soybean,3.8638365268707275,4.388739018231959,4.089145246433885,0,-0.7828322933021497
Brazil_DUP2_farm5_field158_wheat_2021,2021,Brazil,wheat,4.698777198791504,3.7031834823971215,3.6223198987068015,0,-0.7225496513729515
Brazil_DUP2_farm5_field166_wheat_2021,2021,Brazil,wheat,5.134653568267822,3.9890064050985083,3.6223198987068015,0,-1.0083725740743383
Brazil_DUP2_farm5_field168_soybean_2021,2021,Brazil,soybean,4.837453842163086,4.2678090221343625,4.089145246433885,0,-0.661902297204553
Brazil_DUP2_farm5_field178_wheat_2021,2021,Brazil,wheat,4.578473091125488,3.917674188374708,3.6223198987068015,0,-0.9370403573505381
Brazil_DUP2_farm5_field185_soybean_2021,2021,Brazil,soybean,3.7659876346588135,4.268483470826922,4.089145246433885,0,-0.6625767458971126
Brazil_DUP2_farm5_field193_wheat_2021,2021,Brazil,wheat,4.115423679351807,3.676413269430278,3.6223198987068015,0,-0.6957794384061078
Brazil_DUP2_farm5_field199_soybean_2021,2021,Brazil,soybean,4.450469970703125,4.289172009978404,4.089145246433885,0,-0.6832652850485941
Brazil_DUP2_farm5_field203_soybean_2021,2021,Brazil,soybean,3.7888429164886475,4.225921016571079,4.089145246433885,0,-0.6200142916412696
Brazil_DUP2_farm5_field210_wheat_2021,2021,Brazil,wheat,3.4726107120513916,3.8552751542501924,3.6223198987068015,0,-0.8746413232260224
Brazil_DUP2_farm5_field213_soybean_2021,2021,Brazil,soybean,4.965591907501221,4.429929822128901,4.089145246433885,0,-0.8240230971990918
Brazil_DUP2_farm5_field217_soybean_2021,2021,Brazil,soybean,3.8345117568969727,4.226173572829608,4.089145246433885,0,-0.6202668478997984
Brazil_DUP2_farm5_field221_wheat_2021,2021,Brazil,wheat,3.455690860748291,3.7771679885944023,3.6223198987068015,0,-0.7965341575702323
Brazil_DUP2_farm5_field224_soybean_2021,2021,Brazil,soybean,4.209628105163574,4.4486860993641155,4.089145246433885,0,-0.842779374434306
Brazil_DUP2_farm5_field227_soybean_2021,2021,Brazil,soybean,4.287929534912109,4.3692039714715785,4.089145246433885,0,-0.7632972465417689
Brazil_DUP2_farm5_field232_soybean_2021,2021,Brazil,soybean,4.208657264709473,4.4099836532795615,4.089145246433885,0,-0.804076928349752
Brazil_DUP2_farm5_field238_soybean_2021,2021,Brazil,soybean,4.45763635635376,4.3569696890859335,4.089145246433885,0,-0.751062964156124
Brazil_DUP2_farm5_field242_soybean_2021,2021,Brazil,soybean,4.9621262550354,4.542937791415173,4.089145246433885,0,-0.9370310664853632
Brazil_DUP2_farm5_field246_soybean_2021,2021,Brazil,soybean,3.754774332046509,4.247607868462523,4.089145246433885,0,-0.6417011435327131
Brazil_DUP2_farm5_field278_wheat_2021,2021,Brazil,wheat,3.4886765480041504,3.6161177583870896,3.6223198987068015,0,-0.6354839273629196
Brazil_DUP2_farm5_field279_wheat_2021,2021,Brazil,wheat,4.966060638427734,3.928569989328076,3.6223198987068015,0,-0.9479361583039059
Brazil_DUP2_farm6_field293_wheat_2021,2021,Brazil,wheat,5.280581951141357,3.864996526782072,3.6223198987068015,0,-0.8843626957579018
Brazil_DUP2_farm6_field299_soybean_2021,2021,Brazil,soybean,3.938308000564575,4.302429391783148,4.089145246433885,0,-0.6965226668533386
Brazil_DUP2_farm6_field301_wheat_2021,2021,Brazil,wheat,4.109171390533447,3.8318957924189023,3.6223198987068015,0,-0.8512619613947323
Brazil_DUP2_farm6_field312_wheat_2021,2021,Brazil,wheat,4.248431205749512,3.8602830085947075,3.6223198987068015,0,-0.8796491775705375
Brazil_DUP2_farm6_field321_wheat_2021,2021,Brazil,wheat,5.6568074226379395,3.938046810231801,3.6223198987068015,0,-0.9574129792076311
Brazil_DUP2_farm6_field356_wheat_2021,2021,Brazil,wheat,4.299647331237793,3.882763321145633,3.6223198987068015,0,-0.9021294901214629
Brazil_DUP2_farm6_field359_wheat_2021,2021,Brazil,wheat,6.547567367553711,3.9150228069925137,3.6223198987068015,0,-0.9343889759683437
Brazil_DUP2_farm6_field361_soybean_2021,2021,Brazil,soybean,4.1926679611206055,4.479735115642578,4.089145246433885,0,-0.8738283907127684
Brazil_DUP2_farm6_field365_wheat_2021,2021,Brazil,wheat,4.028285980224609,3.782939974550623,3.6223198987068015,0,-0.8023061435264531
Brazil_DUP2_farm6_field377_soybean_2021,2021,Brazil,soybean,4.079043388366699,4.412914282308679,4.089145246433885,0,-0.8070075573788698
Brazil_DUP2_farm6_field409_wheat_2021,2021,Brazil,wheat,4.242199420928955,3.8213858251877335,3.6223198987068015,0,-0.8407519941635635
Brazil_DUP2_farm6_field418_soybean_2021,2021,Brazil,soybean,3.981264591217041,4.561338354207377,4.089145246433885,0,-0.9554316292775678
Brazil_DUP2_farm6_field419_soybean_2021,2021,Brazil,soybean,4.081830978393555,4.329680422500424,4.089145246433885,0,-0.7237736975706142
Brazil_DUP2_farm6_field420_soybean_2021,2021,Brazil,soybean,3.419915199279785,4.3185793819297675,4.089145246433885,1,-0.712672656999958
Brazil_DUP2_farm6_field424_soybean_2021,2021,Brazil,soybean,4.107974052429199,4.361066698675114,4.089145246433885,0,-0.7551599737453047
Brazil_DUP2_farm6_field428_soybean_2021,2021,Brazil,soybean,3.911285877227783,4.429667392863398,4.089145246433885,0,-0.8237606679335885
Brazil_DUP2_farm6_field441_soybean_2021,2021,Brazil,soybean,3.830446481704712,4.391791422816365,4.089145246433885,0,-0.785884697886555
Brazil_DUP2_farm6_field449_wheat_2021,2021,Brazil,wheat,5.32174015045166,3.9525965945816814,3.6223198987068015,0,-0.9719627635575114
Brazil_DUP2_farm6_field455_soybean_2021,2021,Brazil,soybean,3.5795886516571045,4.491384060699676,4.089145246433885,1,-0.8854773357698669
Brazil_DUP2_farm6_field472_soybean_2021,2021,Brazil,soybean,3.885075092315674,4.3174618847991875,4.089145246433885,0,-0.7115551598693779
Brazil_DUP2_farm9_field522_soybean_2021,2021,Brazil,soybean,4.919950485229492,4.525744000174662,4.089145246433885,0,-0.919837275244852
Brazil_DUP2_farm9_field523_soybean_2021,2021,Brazil,soybean,5.127285480499268,4.262157050810513,4.089145246433885,0,-0.6562503258807038
Brazil_DUP2_farm9_field527_soybean_2021,2021,Brazil,soybean,4.678330898284912,4.187553440832222,4.089145246433885,0,-0.5816467159024121
Brazil_DUP2_farm9_field529_soybean_2021,2021,Brazil,soybean,5.01857328414917,4.453179062924626,4.089145246433885,0,-0.8472723379948164
Germany_DUP3_farm2_field116_wheat_2021,2021,Germany,wheat,9.134374618530273,10.426737025078198,9.89647314412807,0,-1.7592550304492924
Germany_DUP3_farm2_field117_rapeseed_2021,2021,Germany,rapeseed,5.972162246704102,5.25157755993722,4.415584270031221,0,-1.7380312838446907
Germany_DUP3_farm2_field120_wheat_2021,2021,Germany,wheat,9.153983116149902,10.470297115106165,9.89647314412807,0,-1.8028151204772591
Germany_DUP3_farm2_field126_wheat_2021,2021,Germany,wheat,9.350444793701172,10.41681723623215,9.89647314412807,0,-1.7493352416032444
Germany_DUP3_farm2_field129_wheat_2021,2021,Germany,wheat,9.400776863098145,10.145421509711383,9.89647314412807,0,-1.4779395150824772
Germany_DUP3_farm2_field132_rapeseed_2021,2021,Germany,rapeseed,6.180116653442383,5.271112502827737,4.415584270031221,0,-1.7575662267352077
Germany_DUP3_farm2_field137_rapeseed_2021,2021,Germany,rapeseed,5.5971198081970215,4.938253777918013,4.415584270031221,0,-1.4247075018254836
Germany_DUP3_farm2_field142_rapeseed_2021,2021,Germany,rapeseed,5.764045238494873,5.005956089575458,4.415584270031221,0,-1.492409813482928
Germany_DUP3_farm2_field146_rapeseed_2021,2021,Germany,rapeseed,5.823606967926025,4.886590910006211,4.415584270031221,0,-1.3730446339136813
Germany_DUP3_farm2_field149_rapeseed_2021,2021,Germany,rapeseed,5.6596550941467285,4.84804299275957,4.415584270031221,0,-1.3344967166670405
Germany_DUP3_farm2_field154_wheat_2021,2021,Germany,wheat,6.947483062744141,9.787026039095684,9.89647314412807,1,-1.1195440444667781
Germany_DUP3_farm2_field160_wheat_2021,2021,Germany,wheat,7.6142191886901855,10.885250142786882,9.89647314412807,1,-2.217768148157976
Germany_DUP3_farm2_field164_wheat_2021,2021,Germany,wheat,8.562088012695312,10.263472671811009,9.89647314412807,1,-1.5959906771821029
Germany_DUP3_farm2_field167_wheat_2021,2021,Germany,wheat,7.870834827423096,10.527491322863657,9.89647314412807,1,-1.8600093282347512
Germany_DUP3_farm2_field174_wheat_2021,2021,Germany,wheat,9.295303344726562,10.062066642411589,9.89647314412807,0,-1.3945846477826827
Germany_DUP3_farm2_field175_wheat_2021,2021,Germany,wheat,8.070727348327637,10.26556190011802,9.89647314412807,1,-1.5980799054891133
Germany_DUP3_farm2_field72_wheat_2021,2021,Germany,wheat,7.606135368347168,10.318340308338612,9.89647314412807,1,-1.6508583137097066
Germany_DUP3_farm2_field77_wheat_2021,2021,Germany,wheat,8.754390716552734,9.47237814688206,9.89647314412807,0,-0.8048961522531535
Germany_DUP3_farm2_field81_wheat_2021,2021,Germany,wheat,8.153142929077148,9.341391804731272,9.89647314412807,1,-0.6739098101023657
Germany_DUP3_farm2_field91_wheat_2021,2021,Germany,wheat,7.565212726593018,9.910270663130502,9.89647314412807,1,-1.2427886685015963
Germany_DUP3_farm2_field96_wheat_2021,2021,Germany,wheat,8.848493576049805,10.56454130011915,9.89647314412807,0,-1.8970593054902434
Germany_DUP3_farm6_field288_rapeseed_2021,2021,Germany,rapeseed,3.413684844970703,4.345837603946758,4.415584270031221,1,-0.8322913278542283
Germany_DUP3_farm6_field291_rapeseed_2021,2021,Germany,rapeseed,2.7118935585021973,4.6298187664711286,4.415584270031221,1,-1.116272490378599
Uruguay_DUP4_farm10_field330_soybean_2021,2021,Uruguay,soybean,1.5003668069839478,1.957849886204966,2.463357491084779,0,-0.6214106343052468
Uruguay_DUP4_farm10_field332_soybean_2021,2021,Uruguay,soybean,2.3273873329162598,2.425022455190284,2.463357491084779,0,-1.0885832032905647
Uruguay_DUP4_farm10_field333_soybean_2021,2021,Uruguay,soybean,2.409923791885376,1.8625856618788061,2.463357491084779,0,-0.5261464099790869
Uruguay_DUP4_farm10_field335_soybean_2021,2021,Uruguay,soybean,2.0964415073394775,2.2101857677081362,2.463357491084779,0,-0.873746515808417
Uruguay_DUP4_farm10_field336_soybean_2021,2021,Uruguay,soybean,2.2009482383728027,1.7768686234263231,2.463357491084779,0,-0.4404293715266039
Uruguay_DUP4_farm10_field337_soybean_2021,2021,Uruguay,soybean,2.2223963737487793,1.8049949364138538,2.463357491084779,0,-0.46855568451413454
Uruguay_DUP4_farm10_field338_soybean_2021,2021,Uruguay,soybean,1.9021694660186768,1.7926206734876398,2.463357491084779,0,-0.4561814215879205
Uruguay_DUP4_farm10_field342_soybean_2021,2021,Uruguay,soybean,0.9872077703475952,1.9508903010290715,2.463357491084779,1,-0.6144510491293522
Uruguay_DUP4_farm10_field343_soybean_2021,2021,Uruguay,soybean,0.37174633145332336,1.9479771023578933,2.463357491084779,1,-0.6115378504581741
Uruguay_DUP4_farm10_field345_soybean_2021,2021,Uruguay,soybean,0.6244512796401978,1.856857096260685,2.463357491084779,1,-0.5204178443609657
Uruguay_DUP4_farm10_field346_soybean_2021,2021,Uruguay,soybean,1.5300010442733765,2.019799583266469,2.463357491084779,0,-0.6833603313667496
Uruguay_DUP4_farm10_field348_soybean_2021,2021,Uruguay,soybean,2.039130210876465,1.8893270183589432,2.463357491084779,0,-0.552887766459224
Uruguay_DUP4_farm10_field349_soybean_2021,2021,Uruguay,soybean,3.8642489910125732,3.124760538751713,2.463357491084779,0,-1.7883212868519935
Uruguay_DUP4_farm10_field350_soybean_2021,2021,Uruguay,soybean,1.7333228588104248,2.2942001964870613,2.463357491084779,0,-0.9577609445873421
Uruguay_DUP4_farm10_field351_soybean_2021,2021,Uruguay,soybean,1.6989418268203735,1.8625411410142816,2.463357491084779,0,-0.5261018891145623
Uruguay_DUP4_farm10_field352_soybean_2021,2021,Uruguay,soybean,2.1372525691986084,2.005902602026623,2.463357491084779,0,-0.6694633501269038
Uruguay_DUP4_farm10_field353_soybean_2021,2021,Uruguay,soybean,1.6692596673965454,1.9301305566489206,2.463357491084779,0,-0.5936913047492014
Uruguay_DUP4_farm10_field354_soybean_2021,2021,Uruguay,soybean,1.6008977890014648,2.027807014834566,2.463357491084779,0,-0.6913677629348469
Uruguay_DUP4_farm10_field356_soybean_2021,2021,Uruguay,soybean,2.50512433052063,1.6585612755151593,2.463357491084779,0,-0.32212202361544007
Uruguay_DUP4_farm10_field357_soybean_2021,2021,Uruguay,soybean,2.5322141647338867,1.6275784455855318,2.463357491084779,0,-0.29113919368581254
Uruguay_DUP4_farm10_field358_soybean_2021,2021,Uruguay,soybean,2.3653085231781006,1.6893204037231375,2.463357491084779,0,-0.3528811518234183
Uruguay_DUP4_farm10_field359_soybean_2021,2021,Uruguay,soybean,2.199373483657837,2.4470823475051975,2.463357491084779,0,-1.1106430956054782
Uruguay_DUP4_farm10_field360_soybean_2021,2021,Uruguay,soybean,0.9380208849906921,1.9613519789943772,2.463357491084779,1,-0.624912727094658
Uruguay_DUP4_farm10_field361_soybean_2021,2021,Uruguay,soybean,2.166541814804077,2.177564396700489,2.463357491084779,0,-0.8411251448007699
Uruguay_DUP4_farm10_field363_soybean_2021,2021,Uruguay,soybean,1.1587367057800293,1.8357493236337568,2.463357491084779,1,-0.4993100717340375
Uruguay_DUP4_farm2_field10_soybean_2021,2021,Uruguay,soybean,2.5049731731414795,1.8104196842676443,2.463357491084779,0,-0.4739804323679251
Uruguay_DUP4_farm2_field11_soybean_2021,2021,Uruguay,soybean,2.6270647048950195,2.427840142156588,2.463357491084779,0,-1.0914008902568688
Uruguay_DUP4_farm2_field12_soybean_2021,2021,Uruguay,soybean,2.5545618534088135,1.7749276920158916,2.463357491084779,0,-0.4384884401161724
Uruguay_DUP4_farm2_field13_soybean_2021,2021,Uruguay,soybean,2.561089038848877,2.0959490789916613,2.463357491084779,0,-0.759509827091942
Uruguay_DUP4_farm2_field14_soybean_2021,2021,Uruguay,soybean,2.7905771732330322,2.947054071953973,2.463357491084779,0,-1.6106148200542538
Uruguay_DUP4_farm2_field16_soybean_2021,2021,Uruguay,soybean,2.2623517513275146,2.137848051164637,2.463357491084779,0,-0.8014087992649177
Uruguay_DUP4_farm2_field18_soybean_2021,2021,Uruguay,soybean,1.8573393821716309,2.426849603204263,2.463357491084779,0,-1.0904103513045436
Uruguay_DUP4_farm2_field19_soybean_2021,2021,Uruguay,soybean,3.256086826324463,1.5940559563009795,2.463357491084779,0,-0.2576167044012603
Uruguay_DUP4_farm2_field20_soybean_2021,2021,Uruguay,soybean,2.225886821746826,1.760683489188127,2.463357491084779,0,-0.42424423728840766
Uruguay_DUP4_farm2_field21_soybean_2021,2021,Uruguay,soybean,2.2036850452423096,1.937260885483272,2.463357491084779,0,-0.6008216335835528
Uruguay_DUP4_farm2_field22_soybean_2021,2021,Uruguay,soybean,2.123849630355835,2.8019114186529483,2.463357491084779,0,-1.465472166753229
Uruguay_DUP4_farm2_field23_soybean_2021,2021,Uruguay,soybean,1.8804655075073242,1.7126982734086345,2.463357491084779,0,-0.3762590215089152
Uruguay_DUP4_farm2_field24_soybean_2021,2021,Uruguay,soybean,2.5994958877563477,2.1342937967817397,2.463357491084779,0,-0.7978545448820205
Uruguay_DUP4_farm2_field27_soybean_2021,2021,Uruguay,soybean,1.9300817251205444,2.0866201646170444,2.463357491084779,0,-0.7501809127173251
Uruguay_DUP4_farm2_field28_soybean_2021,2021,Uruguay,soybean,3.532059669494629,2.047865137617404,2.463357491084779,0,-0.7114258857176847
Uruguay_DUP4_farm2_field29_soybean_2021,2021,Uruguay,soybean,2.0449016094207764,1.8100155954241037,2.463357491084779,0,-0.4735763435243845
Uruguay_DUP4_farm3_field63_soybean_2021,2021,Uruguay,soybean,2.579521656036377,2.7323758365874085,2.463357491084779,0,-1.3959365846876892
Uruguay_DUP4_farm3_field64_soybean_2021,2021,Uruguay,soybean,1.741552472114563,1.977341547488851,2.463357491084779,0,-0.6409022955891317
Uruguay_DUP4_farm3_field65_soybean_2021,2021,Uruguay,soybean,2.7726547718048096,2.8581870370131863,2.463357491084779,0,-1.521747785113467
Uruguay_DUP4_farm3_field66_soybean_2021,2021,Uruguay,soybean,2.457805871963501,2.4080428613730764,2.463357491084779,0,-1.0716036094733572
Uruguay_DUP4_farm3_field67_soybean_2021,2021,Uruguay,soybean,2.4805383682250977,2.396421121204203,2.463357491084779,0,-1.0599818693044836
Uruguay_DUP4_farm4_field101_soybean_2021,2021,Uruguay,soybean,1.4951773881912231,2.8998529740655936,2.463357491084779,0,-1.5634137221658744
Uruguay_DUP4_farm4_field102_soybean_2021,2021,Uruguay,soybean,1.437415361404419,1.9906881378801757,2.463357491084779,0,-0.6542488859804565
Uruguay_DUP4_farm4_field84_soybean_2021,2021,Uruguay,soybean,1.6399482488632202,1.8316957439052026,2.463357491084779,0,-0.4952564920054834
Uruguay_DUP4_farm4_field85_soybean_2021,2021,Uruguay,soybean,1.4826231002807617,2.0395890751478456,2.463357491084779,0,-0.7031498232481264
Uruguay_DUP4_farm4_field86_soybean_2021,2021,Uruguay,soybean,1.502111792564392,2.1052216428116934,2.463357491084779,0,-0.7687823909119742
Uruguay_DUP4_farm4_field87_soybean_2021,2021,Uruguay,soybean,1.0423465967178345,2.1152774694254375,2.463357491084779,1,-0.7788382175257182
Uruguay_DUP4_farm4_field88_soybean_2021,2021,Uruguay,soybean,1.6190932989120483,1.7252936071121896,2.463357491084779,0,-0.38885435521247036
Uruguay_DUP4_farm4_field89_soybean_2021,2021,Uruguay,soybean,1.9347290992736816,1.747698791943829,2.463357491084779,0,-0.4112595400441097
Uruguay_DUP4_farm4_field90_soybean_2021,2021,Uruguay,soybean,1.7584187984466553,2.6261308911275205,2.463357491084779,0,-1.2896916392278013
Uruguay_DUP4_farm4_field91_soybean_2021,2021,Uruguay,soybean,1.702459454536438,1.638719612451446,2.463357491084779,0,-0.3022803605517268
Uruguay_DUP4_farm4_field92_soybean_2021,2021,Uruguay,soybean,1.826322317123413,1.8585187550488769,2.463357491084779,0,-0.5220795031491576
Uruguay_DUP4_farm4_field94_soybean_2021,2021,Uruguay,soybean,2.57528018951416,2.0521362063304376,2.463357491084779,0,-0.7156969544307183
Uruguay_DUP4_farm4_field95_soybean_2021,2021,Uruguay,soybean,3.534101724624634,2.0995399725921247,2.463357491084779,0,-0.7631007206924054
Uruguay_DUP4_farm4_field96_soybean_2021,2021,Uruguay,soybean,2.4069812297821045,2.0032573959607674,2.463357491084779,0,-0.6668181440610481
Uruguay_DUP4_farm4_field97_soybean_2021,2021,Uruguay,soybean,1.2144668102264404,1.8778738531690653,2.463357491084779,1,-0.5414346012693461
Uruguay_DUP4_farm4_field98_soybean_2021,2021,Uruguay,soybean,1.243234634399414,1.7911830605222034,2.463357491084779,1,-0.4547438086224842
Uruguay_DUP4_farm4_field99_soybean_2021,2021,Uruguay,soybean,1.6825767755508423,1.7835803851041643,2.463357491084779,0,-0.44714113320444504
Uruguay_DUP4_farm8_field245_soybean_2021,2021,Uruguay,soybean,1.3890055418014526,2.491176400924393,2.463357491084779,0,-1.1547371490246738
Uruguay_DUP4_farm8_field246_soybean_2021,2021,Uruguay,soybean,1.2175450325012207,2.009184486241306,2.463357491084779,1,-0.672745234341587
Argentina_DUP1_farm13_field111_soybean_2022,2022,Argentina,soybean,5.216887474060059,4.254269185704665,3.4320986492018544,0,-1.8385689884848162
Argentina_DUP1_farm14_field113_soybean_2022,2022,Argentina,soybean,3.288707733154297,3.854458976735282,3.4320986492018544,0,-1.4387587795154335
Argentina_DUP1_farm14_field114_soybean_2022,2022,Argentina,soybean,4.077847957611084,3.9759596351910296,3.4320986492018544,0,-1.560259437971181
Argentina_DUP1_farm14_field115_soybean_2022,2022,Argentina,soybean,3.356135129928589,3.7497252892312356,3.4320986492018544,0,-1.334025092011387
Argentina_DUP1_farm15_field152_soybean_2022,2022,Argentina,soybean,5.379848003387451,3.878538997158314,3.4320986492018544,0,-1.4628387999384653
Argentina_DUP1_farm15_field154_soybean_2022,2022,Argentina,soybean,5.319962501525879,3.8895150650335877,3.4320986492018544,0,-1.473814867813739
Argentina_DUP1_farm16_field156_soybean_2022,2022,Argentina,soybean,4.360955715179443,3.654765922918761,3.4320986492018544,0,-1.2390657256989122
Argentina_DUP1_farm16_field161_soybean_2022,2022,Argentina,soybean,3.794905424118042,3.447284467296759,3.4320986492018544,0,-1.0315842700769102
Argentina_DUP1_farm16_field163_soybean_2022,2022,Argentina,soybean,3.348196506500244,3.927166404656437,3.4320986492018544,0,-1.5114662074365883
Argentina_DUP1_farm19_field194_soybean_2022,2022,Argentina,soybean,4.816800594329834,3.7656395422106126,3.4320986492018544,0,-1.349939344990764
Argentina_DUP1_farm19_field195_corn_2022,2022,Argentina,corn,12.227377891540527,10.725798425570204,8.68239225359524,0,-4.734342584505751
Argentina_DUP1_farm19_field196_soybean_2022,2022,Argentina,soybean,5.2486891746521,4.199754000217965,3.4320986492018544,0,-1.7840538029981161
Argentina_DUP1_farm19_field197_corn_2022,2022,Argentina,corn,12.48502254486084,10.137579524821334,8.68239225359524,0,-4.146123683756881
Argentina_DUP1_farm19_field198_corn_2022,2022,Argentina,corn,13.68151569366455,11.659185250312873,8.68239225359524,0,-5.6677294092484205
Argentina_DUP1_farm19_field199_corn_2022,2022,Argentina,corn,12.2650146484375,11.633270455439629,8.68239225359524,0,-5.641814614375176
Argentina_DUP1_farm19_field200_corn_2022,2022,Argentina,corn,11.798636436462402,11.792852887429104,8.68239225359524,0,-5.801397046364651
Argentina_DUP1_farm19_field201_corn_2022,2022,Argentina,corn,11.66103458404541,11.270771407715575,8.68239225359524,0,-5.279315566651122
Argentina_DUP1_farm1_field1_soybean_2022,2022,Argentina,soybean,0.9158626198768616,2.2453406254599084,3.4320986492018544,1,0.1703595717599402
Argentina_DUP1_farm1_field2_soybean_2022,2022,Argentina,soybean,0.9439824223518372,2.280275347040863,3.4320986492018544,1,0.13542485017898542
Argentina_DUP1_farm1_field3_soybean_2022,2022,Argentina,soybean,0.869719922542572,2.2466048408222896,3.4320986492018544,1,0.16909535639755902
Argentina_DUP1_farm26_field268_corn_2022,2022,Argentina,corn,7.810363292694092,10.96244621699931,8.68239225359524,0,-4.970990375934858
Argentina_DUP1_farm27_field296_soybean_2022,2022,Argentina,soybean,6.182585716247559,3.308345193195267,3.4320986492018544,0,-0.8926449959754184
Argentina_DUP1_farm27_field298_soybean_2022,2022,Argentina,soybean,5.990981578826904,2.9569691367923916,3.4320986492018544,0,-0.541268939572543
Argentina_DUP1_farm27_field299_soybean_2022,2022,Argentina,soybean,5.873492240905762,3.459443873298512,3.4320986492018544,0,-1.0437436760786634
Argentina_DUP1_farm27_field300_soybean_2022,2022,Argentina,soybean,5.580543518066406,3.3762227901561266,3.4320986492018544,0,-0.960522592936278
Argentina_DUP1_farm28_field318_corn_2022,2022,Argentina,corn,11.329017639160156,10.93852296644177,8.68239225359524,0,-4.947067125377317
Argentina_DUP1_farm28_field319_soybean_2022,2022,Argentina,soybean,3.290839433670044,3.9486957118793873,3.4320986492018544,0,-1.5329955146595386
Argentina_DUP1_farm2_field10_corn_2022,2022,Argentina,corn,7.988988399505615,10.807409556753438,8.68239225359524,0,-4.815953715688985
Argentina_DUP1_farm2_field12_corn_2022,2022,Argentina,corn,8.18518352508545,10.48130392391994,8.68239225359524,0,-4.489848082855487
Argentina_DUP1_farm2_field13_corn_2022,2022,Argentina,corn,11.762276649475098,8.68358050133687,8.68239225359524,0,-2.692124660272417
Argentina_DUP1_farm2_field14_corn_2022,2022,Argentina,corn,12.187551498413086,8.739235602334821,8.68239225359524,0,-2.747779761270368
Argentina_DUP1_farm2_field15_corn_2022,2022,Argentina,corn,12.835248947143555,9.048991386763582,8.68239225359524,0,-3.057535545699129
Argentina_DUP1_farm2_field16_corn_2022,2022,Argentina,corn,12.660287857055664,11.473015051182688,8.68239225359524,0,-5.4815592101182355
Argentina_DUP1_farm2_field18_corn_2022,2022,Argentina,corn,11.46400260925293,10.348966197322758,8.68239225359524,0,-4.357510356258305
Argentina_DUP1_farm2_field19_corn_2022,2022,Argentina,corn,10.738950729370117,10.755716130018822,8.68239225359524,0,-4.764260288954369
Argentina_DUP1_farm2_field20_corn_2022,2022,Argentina,corn,10.237871170043945,10.483143298372925,8.68239225359524,0,-4.491687457308472
Argentina_DUP1_farm2_field22_corn_2022,2022,Argentina,corn,10.829662322998047,10.539971240045723,8.68239225359524,0,-4.54851539898127
Argentina_DUP1_farm2_field23_corn_2022,2022,Argentina,corn,10.106180191040039,9.43601034080458,8.68239225359524,0,-3.4445544997401276
Argentina_DUP1_farm2_field24_corn_2022,2022,Argentina,corn,8.881999969482422,8.591871055441953,8.68239225359524,0,-2.6004152143774997
Argentina_DUP1_farm2_field8_corn_2022,2022,Argentina,corn,10.480332374572754,10.099613308118306,8.68239225359524,0,-4.108157467053853
Argentina_DUP1_farm2_field9_corn_2022,2022,Argentina,corn,10.767839431762695,10.101520454904904,8.68239225359524,0,-4.110064613840451
Argentina_DUP1_farm31_field334_soybean_2022,2022,Argentina,soybean,2.153590679168701,2.7140200240502383,3.4320986492018544,1,-0.2983198268303897
Argentina_DUP1_farm32_field335_soybean_2022,2022,Argentina,soybean,2.011998414993286,2.518853797360792,3.4320986492018544,1,-0.10315360014094344
Argentina_DUP1_farm32_field336_soybean_2022,2022,Argentina,soybean,4.169549942016602,3.735779223929005,3.4320986492018544,0,-1.3200790267091564
Argentina_DUP1_farm32_field337_soybean_2022,2022,Argentina,soybean,2.687927722930908,3.0155429167120777,3.4320986492018544,0,-0.5998427194922291
Argentina_DUP1_farm32_field338_soybean_2022,2022,Argentina,soybean,1.5561952590942383,3.0751141007559903,3.4320986492018544,1,-0.6594139035361417
Argentina_DUP1_farm32_field339_soybean_2022,2022,Argentina,soybean,2.7340404987335205,2.4398171356548386,3.4320986492018544,0,-0.024116938434989965
Argentina_DUP1_farm34_field343_soybean_2022,2022,Argentina,soybean,4.658246994018555,4.334484457533626,3.4320986492018544,0,-1.9187842603137772
Argentina_DUP1_farm34_field344_soybean_2022,2022,Argentina,soybean,3.6718931198120117,3.9151566559906876,3.4320986492018544,0,-1.499456458770839
Argentina_DUP1_farm35_field345_corn_2022,2022,Argentina,corn,6.367640018463135,8.341850416856605,8.68239225359524,0,-2.3503945757921523
Argentina_DUP1_farm35_field346_corn_2022,2022,Argentina,corn,9.250591278076172,9.131597672170095,8.68239225359524,0,-3.140141831105642
Argentina_DUP1_farm35_field347_soybean_2022,2022,Argentina,soybean,2.554513692855835,3.911527981438472,3.4320986492018544,0,-1.4958277842186232
Argentina_DUP1_farm35_field348_soybean_2022,2022,Argentina,soybean,2.086683511734009,3.182301807882578,3.4320986492018544,1,-0.7666016106627294
Argentina_DUP1_farm35_field349_corn_2022,2022,Argentina,corn,9.300451278686523,8.27070667739389,8.68239225359524,0,-2.279250836329438
Argentina_DUP1_farm35_field351_corn_2022,2022,Argentina,corn,6.181455135345459,8.38011261317475,8.68239225359524,0,-2.3886567721102976
Argentina_DUP1_farm35_field352_soybean_2022,2022,Argentina,soybean,2.0671913623809814,2.833646451934487,3.4320986492018544,1,-0.4179462547146384
Argentina_DUP1_farm35_field353_corn_2022,2022,Argentina,corn,8.541718482971191,8.251400402906865,8.68239225359524,0,-2.2599445618424125
Argentina_DUP1_farm35_field354_soybean_2022,2022,Argentina,soybean,4.82171630859375,2.6154696471429846,3.4320986492018544,0,-0.19976944992313594
Argentina_DUP1_farm35_field355_corn_2022,2022,Argentina,corn,6.763973712921143,6.6870938986733535,8.68239225359524,0,-0.6956380576089005
Argentina_DUP1_farm35_field356_corn_2022,2022,Argentina,corn,8.216141700744629,8.46128148200033,8.68239225359524,0,-2.469825640935878
Argentina_DUP1_farm35_field357_corn_2022,2022,Argentina,corn,5.9323649406433105,5.658852563956382,8.68239225359524,1,0.33260327710807136
Argentina_DUP1_farm36_field369_soybean_2022,2022,Argentina,soybean,2.8406505584716797,3.768569117403583,3.4320986492018544,0,-1.3528689201837345
Argentina_DUP1_farm36_field370_soybean_2022,2022,Argentina,soybean,2.9396049976348877,3.863570464459956,3.4320986492018544,0,-1.4478702672401074
Argentina_DUP1_farm36_field371_soybean_2022,2022,Argentina,soybean,2.6771605014801025,4.074057588636796,3.4320986492018544,0,-1.6583573914169474
Argentina_DUP1_farm36_field372_soybean_2022,2022,Argentina,soybean,1.9708061218261719,3.8296055036177354,3.4320986492018544,1,-1.4139053063978868
Argentina_DUP1_farm36_field373_soybean_2022,2022,Argentina,soybean,3.3891334533691406,3.7532463457604806,3.4320986492018544,0,-1.337546148540632
Argentina_DUP1_farm36_field374_soybean_2022,2022,Argentina,soybean,3.977745771408081,3.932650676774858,3.4320986492018544,0,-1.5169504795550095
Argentina_DUP1_farm36_field375_soybean_2022,2022,Argentina,soybean,4.037554740905762,3.7713025643830806,3.4320986492018544,0,-1.355602367163232
Argentina_DUP1_farm36_field376_soybean_2022,2022,Argentina,soybean,2.838423252105713,3.8768355187521886,3.4320986492018544,0,-1.46113532153234
Argentina_DUP1_farm36_field377_corn_2022,2022,Argentina,corn,7.984603404998779,8.151677511558107,8.68239225359524,0,-2.1602216704936543
Argentina_DUP1_farm36_field378_corn_2022,2022,Argentina,corn,6.806770324707031,9.462484880843798,8.68239225359524,0,-3.471029039779345
Argentina_DUP1_farm36_field379_corn_2022,2022,Argentina,corn,7.787301063537598,9.455097927376785,8.68239225359524,0,-3.4636420863123325
Argentina_DUP1_farm36_field380_corn_2022,2022,Argentina,corn,8.699197769165039,7.710890274487092,8.68239225359524,0,-1.7194344334226388
Argentina_DUP1_farm36_field382_corn_2022,2022,Argentina,corn,8.121542930603027,8.005814555266829,8.68239225359524,0,-2.014358714202376
Argentina_DUP1_farm36_field383_corn_2022,2022,Argentina,corn,7.699556350708008,8.209333864194594,8.68239225359524,0,-2.217878023130141
Argentina_DUP1_farm36_field384_corn_2022,2022,Argentina,corn,8.414031982421875,9.168419942362561,8.68239225359524,0,-3.1769641012981085
Argentina_DUP1_farm36_field385_corn_2022,2022,Argentina,corn,7.811202049255371,6.845406033860022,8.68239225359524,0,-0.853950192795569
Argentina_DUP1_farm36_field386_corn_2022,2022,Argentina,corn,7.735501766204834,7.941781932948675,8.68239225359524,0,-1.9503260918842225
Argentina_DUP1_farm36_field387_corn_2022,2022,Argentina,corn,7.764376640319824,6.925157985314793,8.68239225359524,0,-0.9337021442503399
Argentina_DUP1_farm36_field388_corn_2022,2022,Argentina,corn,4.582830905914307,6.791835610442219,8.68239225359524,1,-0.8003797693777663
Argentina_DUP1_farm36_field389_corn_2022,2022,Argentina,corn,7.743354797363281,7.1447526556790235,8.68239225359524,0,-1.1532968146145706
Argentina_DUP1_farm36_field390_corn_2022,2022,Argentina,corn,6.56842041015625,7.549733182046851,8.68239225359524,0,-1.5582773409823982
Argentina_DUP1_farm36_field391_soybean_2022,2022,Argentina,soybean,3.151064157485962,3.7376407787656816,3.4320986492018544,0,-1.321940581545833
Argentina_DUP1_farm36_field392_corn_2022,2022,Argentina,corn,6.945281505584717,7.8488379987203265,8.68239225359524,0,-1.8573821576558736
Argentina_DUP1_farm37_field398_soybean_2022,2022,Argentina,soybean,4.542495250701904,3.9480619899025187,3.4320986492018544,0,-1.53236179268267
Argentina_DUP1_farm37_field400_soybean_2022,2022,Argentina,soybean,4.620079040527344,3.831867431915265,3.4320986492018544,0,-1.4161672346954162
Argentina_DUP1_farm37_field401_soybean_2022,2022,Argentina,soybean,4.887261390686035,3.1039686519101988,3.4320986492018544,0,-0.6882684546903501
Argentina_DUP1_farm37_field402_soybean_2022,2022,Argentina,soybean,5.099033832550049,3.036827058612184,3.4320986492018544,0,-0.6211268613923355
Argentina_DUP1_farm38_field417_soybean_2022,2022,Argentina,soybean,3.0520758628845215,4.009362700385349,3.4320986492018544,0,-1.5936625031655005
Argentina_DUP1_farm39_field418_corn_2022,2022,Argentina,corn,9.591556549072266,8.7383025479827,8.68239225359524,0,-2.746846706918247
Argentina_DUP1_farm39_field419_wheat_2022,2022,Argentina,wheat,1.0908105373382568,1.9465149880002417,4.437543689388118,1,0.40783200258508545
Argentina_DUP1_farm39_field420_wheat_2022,2022,Argentina,wheat,2.7468459606170654,4.265563877605614,4.437543689388118,0,-1.911216887020287
Argentina_DUP1_farm39_field421_wheat_2022,2022,Argentina,wheat,3.028872489929199,3.5135484397068466,4.437543689388118,0,-1.1592014491215195
Argentina_DUP1_farm41_field432_corn_2022,2022,Argentina,corn,4.793820381164551,4.2205407561555734,8.68239225359524,1,1.7709150849088795
Argentina_DUP1_farm42_field439_soybean_2022,2022,Argentina,soybean,3.647127389907837,3.2484583857681524,3.4320986492018544,0,-0.8327581885483037
Argentina_DUP1_farm45_field581_corn_2022,2022,Argentina,corn,13.96937084197998,11.807180048742365,8.68239225359524,0,-5.8157242076779125
Argentina_DUP1_farm45_field585_corn_2022,2022,Argentina,corn,8.385948181152344,9.337545949437686,8.68239225359524,0,-3.3460901083732333
Argentina_DUP1_farm45_field597_corn_2022,2022,Argentina,corn,5.002594947814941,8.42858799751605,8.68239225359524,1,-2.4371321564515975
Argentina_DUP1_farm45_field600_corn_2022,2022,Argentina,corn,7.557699203491211,10.379343553293241,8.68239225359524,0,-4.387887712228788
Argentina_DUP1_farm45_field608_corn_2022,2022,Argentina,corn,4.894758224487305,8.922077498678833,8.68239225359524,1,-2.93062165761438
Argentina_DUP1_farm45_field616_corn_2022,2022,Argentina,corn,12.237333297729492,11.185077245240016,8.68239225359524,0,-5.1936214041755635
Argentina_DUP1_farm45_field619_corn_2022,2022,Argentina,corn,13.206543922424316,11.483930960503402,8.68239225359524,0,-5.492475119438949
Argentina_DUP1_farm45_field624_corn_2022,2022,Argentina,corn,7.008749961853027,8.718832305517155,8.68239225359524,0,-2.7273764644527025
Argentina_DUP1_farm45_field625_wheat_2022,2022,Argentina,wheat,3.3575379848480225,3.350480346747478,4.437543689388118,0,-0.9961333561621508
Argentina_DUP1_farm45_field627_wheat_2022,2022,Argentina,wheat,0.7884063124656677,2.431331154051732,4.437543689388118,1,-0.0769841634664048
Argentina_DUP1_farm45_field639_wheat_2022,2022,Argentina,wheat,1.2355324029922485,2.4134949306210354,4.437543689388118,1,-0.059147940035708224
Argentina_DUP1_farm45_field641_wheat_2022,2022,Argentina,wheat,1.128980278968811,2.4495881200697096,4.437543689388118,1,-0.09524112948438246
Argentina_DUP1_farm45_field644_wheat_2022,2022,Argentina,wheat,1.1512774229049683,2.38425721867526,4.437543689388118,1,-0.029910228089932822
Argentina_DUP1_farm45_field645_wheat_2022,2022,Argentina,wheat,1.5527241230010986,2.31906069378532,4.437543689388118,1,0.035286296800006944
Argentina_DUP1_farm45_field648_wheat_2022,2022,Argentina,wheat,3.1895670890808105,2.9553164281471043,4.437543689388118,0,-0.6009694375617771
Argentina_DUP1_farm46_field656_soybean_2022,2022,Argentina,soybean,4.665699481964111,4.117270515093449,3.4320986492018544,0,-1.7015703178736006
Argentina_DUP1_farm49_field662_corn_2022,2022,Argentina,corn,7.524405479431152,8.868836554733482,8.68239225359524,0,-2.8773807136690293
Argentina_DUP1_farm49_field663_corn_2022,2022,Argentina,corn,9.237224578857422,9.564989412996649,8.68239225359524,0,-3.573533571932196
Argentina_DUP1_farm51_field667_soybean_2022,2022,Argentina,soybean,2.705599546432495,3.295304401013395,3.4320986492018544,0,-0.8796042037935465
Argentina_DUP1_farm51_field668_soybean_2022,2022,Argentina,soybean,1.4079108238220215,3.0541948563173498,3.4320986492018544,1,-0.6384946590975011
Argentina_DUP1_farm51_field669_soybean_2022,2022,Argentina,soybean,1.6183972358703613,1.9719019531650188,3.4320986492018544,1,0.4437982440548298
Argentina_DUP1_farm51_field670_soybean_2022,2022,Argentina,soybean,3.330092430114746,3.5798271012236884,3.4320986492018544,0,-1.1641269040038398
Argentina_DUP1_farm51_field671_soybean_2022,2022,Argentina,soybean,1.088268756866455,2.1249427561603835,3.4320986492018544,1,0.2907574410594651
Argentina_DUP1_farm51_field672_soybean_2022,2022,Argentina,soybean,1.8815526962280273,3.340678537125302,3.4320986492018544,1,-0.9249783399054534
Argentina_DUP1_farm51_field673_soybean_2022,2022,Argentina,soybean,3.0642240047454834,3.119953221618606,3.4320986492018544,0,-0.7042530243987573
Argentina_DUP1_farm51_field674_soybean_2022,2022,Argentina,soybean,3.6357386112213135,2.7757679066779275,3.4320986492018544,0,-0.36006770945807887
Argentina_DUP1_farm51_field678_corn_2022,2022,Argentina,corn,4.933140754699707,6.805126139790336,8.68239225359524,1,-0.8136702987258833
Argentina_DUP1_farm51_field679_corn_2022,2022,Argentina,corn,6.004333019256592,4.2341375992211585,8.68239225359524,0,1.7573182418432944
Argentina_DUP1_farm51_field680_corn_2022,2022,Argentina,corn,9.317485809326172,10.87109694745763,8.68239225359524,0,-4.879641106393177
Argentina_DUP1_farm51_field682_corn_2022,2022,Argentina,corn,7.432716369628906,5.945084341350902,8.68239225359524,0,0.046371499713551145
Argentina_DUP1_farm51_field683_wheat_2022,2022,Argentina,wheat,1.9965876340866089,4.283444840926897,4.437543689388118,1,-1.92909785034157
Argentina_DUP1_farm51_field684_wheat_2022,2022,Argentina,wheat,2.1196327209472656,2.4883785558301375,4.437543689388118,1,-0.1340315652448103
Argentina_DUP1_farm51_field685_wheat_2022,2022,Argentina,wheat,1.9370661973953247,3.2421919425747205,4.437543689388118,1,-0.8878449519893934
Argentina_DUP1_farm52_field693_soybean_2022,2022,Argentina,soybean,5.28792667388916,3.9129784156462235,3.4320986492018544,0,-1.4972782184263749
Argentina_DUP1_farm52_field695_soybean_2022,2022,Argentina,soybean,5.256494998931885,3.736277121961042,3.4320986492018544,0,-1.3205769247411934
Argentina_DUP1_farm52_field696_soybean_2022,2022,Argentina,soybean,5.6151957511901855,3.770922285334717,3.4320986492018544,0,-1.3552220881148682
Argentina_DUP1_farm52_field697_soybean_2022,2022,Argentina,soybean,4.865903377532959,3.7629032950684183,3.4320986492018544,0,-1.3472030978485696
Argentina_DUP1_farm52_field698_soybean_2022,2022,Argentina,soybean,4.746811866760254,3.8646890515467165,3.4320986492018544,0,-1.4489888543268679
Argentina_DUP1_farm52_field699_soybean_2022,2022,Argentina,soybean,6.131265163421631,3.94212682369196,3.4320986492018544,0,-1.5264266264721114
Argentina_DUP1_farm52_field700_soybean_2022,2022,Argentina,soybean,6.117766857147217,4.061039014424905,3.4320986492018544,0,-1.6453388172050563
Argentina_DUP1_farm52_field701_soybean_2022,2022,Argentina,soybean,5.706071376800537,3.9441211501891074,3.4320986492018544,0,-1.5284209529692587
Argentina_DUP1_farm52_field702_soybean_2022,2022,Argentina,soybean,5.583632469177246,3.8348721411464624,3.4320986492018544,0,-1.4191719439266137
Argentina_DUP1_farm52_field703_soybean_2022,2022,Argentina,soybean,5.420976638793945,3.7749823017134934,3.4320986492018544,0,-1.3592821044936447
Argentina_DUP1_farm52_field706_soybean_2022,2022,Argentina,soybean,5.757415771484375,3.860454567399068,3.4320986492018544,0,-1.4447543701792194
Argentina_DUP1_farm52_field707_soybean_2022,2022,Argentina,soybean,5.770185470581055,4.091171808780682,3.4320986492018544,0,-1.675471611560833
Argentina_DUP1_farm57_field753_soybean_2022,2022,Argentina,soybean,2.242797613143921,2.595004279557407,3.4320986492018544,1,-0.17930408233755823
Brazil_DUP2_farm2_field36_soybean_2022,2022,Brazil,soybean,4.307104110717773,4.19387831002206,4.146551329817548,0,-0.5820141246888082
Brazil_DUP2_farm3_field51_wheat_2022,2022,Brazil,wheat,3.688725233078003,4.089034964264088,3.780609502897158,0,-1.0865978495485118
Brazil_DUP2_farm4_field102_soybean_2022,2022,Brazil,soybean,3.9519989490509033,4.24817657437758,4.146551329817548,0,-0.6363123890443281
Brazil_DUP2_farm4_field118_soybean_2022,2022,Brazil,soybean,3.843188762664795,4.542132299607495,4.146551329817548,0,-0.9302681142742428
Brazil_DUP2_farm4_field126_wheat_2022,2022,Brazil,wheat,3.669809341430664,4.227281350191144,3.780609502897158,0,-1.224844235475568
Brazil_DUP2_farm4_field63_soybean_2022,2022,Brazil,soybean,4.220221042633057,4.493006927604074,4.146551329817548,0,-0.8811427422708218
Brazil_DUP2_farm4_field64_wheat_2022,2022,Brazil,wheat,3.6486077308654785,4.194783705121031,3.780609502897158,0,-1.1923465904054549
Brazil_DUP2_farm4_field74_wheat_2022,2022,Brazil,wheat,3.683962345123291,4.198615890281477,3.780609502897158,0,-1.196178775565901
Brazil_DUP2_farm4_field79_soybean_2022,2022,Brazil,soybean,3.9040446281433105,4.348183087287542,4.146551329817548,0,-0.7363189019542902
Brazil_DUP2_farm4_field80_soybean_2022,2022,Brazil,soybean,3.7273547649383545,4.3109719827202575,4.146551329817548,0,-0.6991077973870055
Brazil_DUP2_farm4_field81_wheat_2022,2022,Brazil,wheat,2.811600685119629,3.973246959294957,3.780609502897158,1,-0.9708098445793807
Brazil_DUP2_farm4_field94_soybean_2022,2022,Brazil,soybean,4.140680313110352,4.460470790675723,4.146551329817548,0,-0.848606605342471
Brazil_DUP2_farm5_field141_soybean_2022,2022,Brazil,soybean,4.1652512550354,4.048044274674525,4.146551329817548,0,-0.43618008934127284
Brazil_DUP2_farm5_field144_soybean_2022,2022,Brazil,soybean,3.6434943675994873,3.9180142477021422,4.146551329817548,0,-0.3061500623688902
Brazil_DUP2_farm5_field151_soybean_2022,2022,Brazil,soybean,4.922214031219482,4.4945672328306765,4.146551329817548,0,-0.8827030474974245
Brazil_DUP2_farm5_field165_soybean_2022,2022,Brazil,soybean,4.083595275878906,4.336091207451828,4.146551329817548,0,-0.7242270221185758
Brazil_DUP2_farm5_field171_soybean_2022,2022,Brazil,soybean,4.08617639541626,4.410452289889069,4.146551329817548,0,-0.7985881045558165
Brazil_DUP2_farm5_field174_soybean_2022,2022,Brazil,soybean,3.5553598403930664,3.835955006144812,4.146551329817548,1,-0.22409082081155995
Brazil_DUP2_farm5_field194_soybean_2022,2022,Brazil,soybean,4.138644695281982,3.7159395341606416,4.146551329817548,0,-0.10407534882738956
Brazil_DUP2_farm5_field197_soybean_2022,2022,Brazil,soybean,4.225962162017822,4.103342143750721,4.146551329817548,0,-0.4914779584174691
Brazil_DUP2_farm5_field202_soybean_2022,2022,Brazil,soybean,2.656442880630493,3.5519498729351486,4.146551329817548,1,0.05991431239810341
Brazil_DUP2_farm5_field205_soybean_2022,2022,Brazil,soybean,4.4321160316467285,4.625201382009148,4.146551329817548,0,-1.0133371966758964
Brazil_DUP2_farm5_field234_soybean_2022,2022,Brazil,soybean,3.153770923614502,3.471059590286427,4.146551329817548,1,0.14080459504682485
Brazil_DUP2_farm5_field237_soybean_2022,2022,Brazil,soybean,3.434183359146118,3.8155785381840155,4.146551329817548,1,-0.20371435285076345
Brazil_DUP2_farm6_field288_soybean_2022,2022,Brazil,soybean,4.33040189743042,4.328111260340209,4.146551329817548,0,-0.7162470750069567
Brazil_DUP2_farm6_field306_wheat_2022,2022,Brazil,wheat,3.312897205352783,4.024648403095909,3.780609502897158,0,-1.0222112883803325
Brazil_DUP2_farm6_field307_soybean_2022,2022,Brazil,soybean,4.582952976226807,4.295961044099319,4.146551329817548,0,-0.684096858766067
Brazil_DUP2_farm6_field309_wheat_2022,2022,Brazil,wheat,3.0413668155670166,3.7165908473323084,3.780609502897158,0,-0.7141537326167322
Brazil_DUP2_farm6_field310_soybean_2022,2022,Brazil,soybean,4.3395867347717285,4.256298009267398,4.146551329817548,0,-0.6444338239341456
Brazil_DUP2_farm6_field322_wheat_2022,2022,Brazil,wheat,3.570183277130127,3.9304243014972537,3.780609502897158,0,-0.9279871867816776
Brazil_DUP2_farm6_field351_wheat_2022,2022,Brazil,wheat,3.8027422428131104,3.9661026701981292,3.780609502897158,0,-0.9636655554825531
Brazil_DUP2_farm6_field354_soybean_2022,2022,Brazil,soybean,4.1620683670043945,4.272744913418846,4.146551329817548,0,-0.6608807280855937
Brazil_DUP2_farm6_field375_wheat_2022,2022,Brazil,wheat,3.8399860858917236,4.093834560319209,3.780609502897158,0,-1.0913974456036328
Brazil_DUP2_farm6_field376_wheat_2022,2022,Brazil,wheat,3.590993642807007,3.948961430633986,3.780609502897158,0,-0.9465243159184098
Brazil_DUP2_farm6_field379_wheat_2022,2022,Brazil,wheat,3.808020830154419,3.936362502482433,3.780609502897158,0,-0.9339253877668567
Brazil_DUP2_farm6_field390_wheat_2022,2022,Brazil,wheat,3.507200241088867,3.878539770193463,3.780609502897158,0,-0.876102655477887
Brazil_DUP2_farm6_field391_soybean_2022,2022,Brazil,soybean,4.653469562530518,4.32990840219109,4.146551329817548,0,-0.7180442168578378
Brazil_DUP2_farm6_field399_soybean_2022,2022,Brazil,soybean,4.777414798736572,4.492760821844011,4.146551329817548,0,-0.8808966365107591
Brazil_DUP2_farm6_field407_soybean_2022,2022,Brazil,soybean,4.444711208343506,4.40354945932624,4.146551329817548,0,-0.791685273992988
Brazil_DUP2_farm6_field415_soybean_2022,2022,Brazil,soybean,4.326964855194092,4.465664030285252,4.146551329817548,0,-0.8537998449519999
Brazil_DUP2_farm6_field426_wheat_2022,2022,Brazil,wheat,3.245723009109497,3.8595033742897833,3.780609502897158,0,-0.8570662595742071
Brazil_DUP2_farm6_field448_wheat_2022,2022,Brazil,wheat,3.977097749710083,3.967719192100795,3.780609502897158,0,-0.9652820773852189
Brazil_DUP2_farm6_field460_wheat_2022,2022,Brazil,wheat,3.684356212615967,3.9980491755889744,3.780609502897158,0,-0.9956120608733983
Brazil_DUP2_farm6_field466_wheat_2022,2022,Brazil,wheat,4.2849531173706055,4.134305112701313,3.780609502897158,0,-1.1318679979857365
Brazil_DUP2_farm6_field471_soybean_2022,2022,Brazil,soybean,4.590147495269775,4.372512340071695,4.146551329817548,0,-0.7606481547384427
Brazil_DUP2_farm9_field499_soybean_2022,2022,Brazil,soybean,4.085938453674316,4.642998999705003,4.146551329817548,0,-1.0311348143717507
Brazil_DUP2_farm9_field502_soybean_2022,2022,Brazil,soybean,4.081422328948975,4.379205880116021,4.146551329817548,0,-0.7673416947827687
Brazil_DUP2_farm9_field508_wheat_2022,2022,Brazil,wheat,3.2824764251708984,4.389670473199099,3.780609502897158,0,-1.387233358483523
Brazil_DUP2_farm9_field512_soybean_2022,2022,Brazil,soybean,3.869394302368164,4.4316141288523765,4.146551329817548,0,-0.8197499435191244
Brazil_DUP2_farm9_field543_wheat_2022,2022,Brazil,wheat,3.525118589401245,4.083226242470054,3.780609502897158,0,-1.0807891277544774
Brazil_DUP2_farm9_field546_wheat_2022,2022,Brazil,wheat,3.7460553646087646,4.427621603227262,3.780609502897158,0,-1.425184488511686
Brazil_DUP2_farm9_field548_soybean_2022,2022,Brazil,soybean,4.14058256149292,4.401787786611083,4.146551329817548,0,-0.7899236012778306
Germany_DUP3_farm2_field199_rapeseed_2022,2022,Germany,rapeseed,4.540452480316162,5.298876675088242,4.471510921991788,0,-1.8843649944852148
Germany_DUP3_farm2_field200_wheat_2022,2022,Germany,wheat,10.356707572937012,10.140618731853941,9.823863452480685,0,-1.6134607576107776
Germany_DUP3_farm2_field201_wheat_2022,2022,Germany,wheat,9.38298511505127,10.134813944685835,9.823863452480685,0,-1.6076559704426714
Germany_DUP3_farm2_field203_wheat_2022,2022,Germany,wheat,8.682621955871582,10.038467919959318,9.823863452480685,0,-1.511309945716155
Germany_DUP3_farm2_field204_wheat_2022,2022,Germany,wheat,9.003789901733398,9.992337710959507,9.823863452480685,0,-1.465179736716344
Germany_DUP3_farm2_field205_wheat_2022,2022,Germany,wheat,10.364205360412598,10.281457629860736,9.823863452480685,0,-1.7542996556175723
Germany_DUP3_farm2_field206_wheat_2022,2022,Germany,wheat,9.041337966918945,10.13531369051189,9.823863452480685,0,-1.608155716268726
Germany_DUP3_farm2_field207_wheat_2022,2022,Germany,wheat,8.667701721191406,10.308071982857529,9.823863452480685,0,-1.7809140086143653
Germany_DUP3_farm2_field210_wheat_2022,2022,Germany,wheat,7.906435966491699,9.114758526818935,9.823863452480685,1,-0.5876005525757719
Germany_DUP3_farm2_field211_wheat_2022,2022,Germany,wheat,9.232195854187012,9.754472750259,9.823863452480685,0,-1.2273147760158363
Germany_DUP3_farm2_field212_wheat_2022,2022,Germany,wheat,7.30798864364624,9.415095822613708,9.823863452480685,1,-0.8879378483705445
Germany_DUP3_farm2_field213_wheat_2022,2022,Germany,wheat,8.998310089111328,9.470875510991641,9.823863452480685,0,-0.943717536748478
Germany_DUP3_farm2_field214_rapeseed_2022,2022,Germany,rapeseed,4.548393726348877,5.410974681371208,4.471510921991788,0,-1.9964630007681805
Germany_DUP3_farm2_field215_wheat_2022,2022,Germany,wheat,8.970564842224121,9.688016633555135,9.823863452480685,0,-1.1608586593119714
Germany_DUP3_farm2_field216_rapeseed_2022,2022,Germany,rapeseed,4.529625415802002,5.382945383445498,4.471510921991788,0,-1.9684337028424705
Germany_DUP3_farm2_field217_rapeseed_2022,2022,Germany,rapeseed,4.805802822113037,5.550366771869044,4.471510921991788,0,-2.1358550912660164
Germany_DUP3_farm2_field218_wheat_2022,2022,Germany,wheat,7.605777740478516,9.53687427443473,9.823863452480685,1,-1.0097163001915668
Germany_DUP3_farm2_field220_rapeseed_2022,2022,Germany,rapeseed,4.532870292663574,5.435678133299995,4.471510921991788,0,-2.021166452696968
Uruguay_DUP4_farm10_field485_soybean_2022,2022,Uruguay,soybean,3.229780435562134,2.5670105791149562,2.1888151831798632,0,-1.3691143369732326
Uruguay_DUP4_farm10_field486_soybean_2022,2022,Uruguay,soybean,3.1260085105895996,2.9165470480107345,2.1888151831798632,0,-1.7186508058690109
Uruguay_DUP4_farm10_field487_soybean_2022,2022,Uruguay,soybean,3.6383016109466553,3.042301396074791,2.1888151831798632,0,-1.8444051539330673
Uruguay_DUP4_farm10_field488_soybean_2022,2022,Uruguay,soybean,3.5945611000061035,3.030606935743088,2.1888151831798632,0,-1.8327106936013644
Uruguay_DUP4_farm10_field489_soybean_2022,2022,Uruguay,soybean,3.016710042953491,2.925893464411111,2.1888151831798632,0,-1.7279972222693876
Uruguay_DUP4_farm10_field490_soybean_2022,2022,Uruguay,soybean,2.8497493267059326,2.978030966342156,2.1888151831798632,0,-1.7801347242004324
Uruguay_DUP4_farm10_field491_soybean_2022,2022,Uruguay,soybean,2.7328784465789795,3.0714927277055186,2.1888151831798632,0,-1.873596485563795
Uruguay_DUP4_farm10_field492_soybean_2022,2022,Uruguay,soybean,3.2779622077941895,3.1774484764772564,2.1888151831798632,0,-1.9795522343355327
Uruguay_DUP4_farm10_field493_soybean_2022,2022,Uruguay,soybean,3.579991102218628,3.0981885096272928,2.1888151831798632,0,-1.9002922674855691
Uruguay_DUP4_farm10_field494_soybean_2022,2022,Uruguay,soybean,3.261688470840454,2.9072741981681682,2.1888151831798632,0,-1.7093779560264446
Uruguay_DUP4_farm10_field496_soybean_2022,2022,Uruguay,soybean,3.6792171001434326,2.8359481767084205,2.1888151831798632,0,-1.6380519345666968
Uruguay_DUP4_farm10_field497_soybean_2022,2022,Uruguay,soybean,4.062319278717041,2.995317352934358,2.1888151831798632,0,-1.7974211107926346
Uruguay_DUP4_farm10_field498_soybean_2022,2022,Uruguay,soybean,3.9269092082977295,2.0115542864416533,2.1888151831798632,0,-0.8136580442999297
Uruguay_DUP4_farm10_field499_soybean_2022,2022,Uruguay,soybean,2.7335948944091797,3.110169336432799,2.1888151831798632,0,-1.9122730942910753
Uruguay_DUP4_farm10_field500_soybean_2022,2022,Uruguay,soybean,3.9218876361846924,2.388056375426423,2.1888151831798632,0,-1.1901601332846994
Uruguay_DUP4_farm10_field501_soybean_2022,2022,Uruguay,soybean,3.887279510498047,1.9446989240877786,2.1888151831798632,0,-0.7468026819460549
Uruguay_DUP4_farm10_field502_soybean_2022,2022,Uruguay,soybean,3.7089593410491943,2.960232857658025,2.1888151831798632,0,-1.7623366155163014
Uruguay_DUP4_farm10_field503_soybean_2022,2022,Uruguay,soybean,3.9019200801849365,2.8592864105040627,2.1888151831798632,0,-1.661390168362339
Uruguay_DUP4_farm10_field504_soybean_2022,2022,Uruguay,soybean,3.6537044048309326,2.493690227157403,2.1888151831798632,0,-1.2957939850156794
Uruguay_DUP4_farm10_field505_soybean_2022,2022,Uruguay,soybean,2.930844306945801,1.640399861650256,2.1888151831798632,0,-0.44250361950853234
Uruguay_DUP4_farm10_field506_soybean_2022,2022,Uruguay,soybean,3.4347548484802246,2.5066825262027637,2.1888151831798632,0,-1.30878628406104
Uruguay_DUP4_farm10_field507_soybean_2022,2022,Uruguay,soybean,2.9458301067352295,1.9877228634117048,2.1888151831798632,0,-0.7898266212699812
Uruguay_DUP4_farm10_field508_soybean_2022,2022,Uruguay,soybean,2.5067405700683594,2.7050746937262415,2.1888151831798632,0,-1.507178451584518
Uruguay_DUP4_farm10_field509_soybean_2022,2022,Uruguay,soybean,2.86220121383667,2.8271414271806106,2.1888151831798632,0,-1.629245185038887
Uruguay_DUP4_farm10_field510_soybean_2022,2022,Uruguay,soybean,3.432135820388794,3.0187175361660326,2.1888151831798632,0,-1.820821294024309
Uruguay_DUP4_farm10_field511_soybean_2022,2022,Uruguay,soybean,3.056985855102539,2.8145108088336026,2.1888151831798632,0,-1.616614566691879
Uruguay_DUP4_farm10_field512_soybean_2022,2022,Uruguay,soybean,1.5858811140060425,2.7453786818897767,2.1888151831798632,0,-1.547482439748053
Uruguay_DUP4_farm10_field513_soybean_2022,2022,Uruguay,soybean,3.637354612350464,3.112132760591897,2.1888151831798632,0,-1.9142365184501733
Uruguay_DUP4_farm10_field514_soybean_2022,2022,Uruguay,soybean,3.943129777908325,2.5409447529802858,2.1888151831798632,0,-1.3430485108385621
Uruguay_DUP4_farm10_field515_soybean_2022,2022,Uruguay,soybean,3.3605234622955322,1.5973587164371577,2.1888151831798632,0,-0.399462474295434
Uruguay_DUP4_farm10_field517_soybean_2022,2022,Uruguay,soybean,3.048469066619873,1.8283691747847608,2.1888151831798632,0,-0.6304729326430372
Uruguay_DUP4_farm10_field518_soybean_2022,2022,Uruguay,soybean,3.5301551818847656,2.6399586701888693,2.1888151831798632,0,-1.4420624280471457
Uruguay_DUP4_farm10_field519_soybean_2022,2022,Uruguay,soybean,3.1937015056610107,2.8797972331293615,2.1888151831798632,0,-1.681900990987638
Uruguay_DUP4_farm10_field521_soybean_2022,2022,Uruguay,soybean,3.424231767654419,2.5127740286133724,2.1888151831798632,0,-1.3148777864716488
Uruguay_DUP4_farm10_field523_soybean_2022,2022,Uruguay,soybean,3.157341718673706,1.9968039064421155,2.1888151831798632,0,-0.7989076643003918
Uruguay_DUP4_farm10_field524_soybean_2022,2022,Uruguay,soybean,3.5330162048339844,1.9798016512018803,2.1888151831798632,0,-0.7819054090601567
Uruguay_DUP4_farm10_field525_soybean_2022,2022,Uruguay,soybean,3.027578592300415,1.2763630627174232,2.1888151831798632,0,-0.07846682057569954
Uruguay_DUP4_farm10_field526_soybean_2022,2022,Uruguay,soybean,4.051962852478027,2.8336304787851185,2.1888151831798632,0,-1.635734236643395
Uruguay_DUP4_farm10_field528_soybean_2022,2022,Uruguay,soybean,4.355619430541992,2.6647050135144217,2.1888151831798632,0,-1.466808771372698
Uruguay_DUP4_farm10_field530_soybean_2022,2022,Uruguay,soybean,3.894965410232544,2.7918714558104893,2.1888151831798632,0,-1.5939752136687657
Uruguay_DUP4_farm10_field532_soybean_2022,2022,Uruguay,soybean,3.7685468196868896,1.6491017696464216,2.1888151831798632,0,-0.451205527504698
Uruguay_DUP4_farm10_field533_soybean_2022,2022,Uruguay,soybean,3.7230725288391113,2.0282145371162454,2.1888151831798632,0,-0.8303182949745218
Uruguay_DUP4_farm10_field534_soybean_2022,2022,Uruguay,soybean,3.587601661682129,2.1205323449248255,2.1888151831798632,0,-0.9226361027831018
Uruguay_DUP4_farm10_field535_soybean_2022,2022,Uruguay,soybean,4.212400913238525,2.7554200745808846,2.1888151831798632,0,-1.557523832439161
Uruguay_DUP4_farm10_field536_soybean_2022,2022,Uruguay,soybean,1.9375790357589722,1.6870879369143332,2.1888151831798632,0,-0.4891916947726096
Uruguay_DUP4_farm10_field537_soybean_2022,2022,Uruguay,soybean,4.204598426818848,2.836389503516867,2.1888151831798632,0,-1.6384932613751433
Uruguay_DUP4_farm10_field538_soybean_2022,2022,Uruguay,soybean,3.9407358169555664,2.5424951774735804,2.1888151831798632,0,-1.3445989353318568
Uruguay_DUP4_farm10_field539_soybean_2022,2022,Uruguay,soybean,4.206706523895264,2.6901952806907743,2.1888151831798632,0,-1.4922990385490507
Uruguay_DUP4_farm10_field540_soybean_2022,2022,Uruguay,soybean,3.6836445331573486,2.598307361089505,2.1888151831798632,0,-1.4004111189477815
Uruguay_DUP4_farm10_field541_soybean_2022,2022,Uruguay,soybean,3.478137731552124,2.6867810267981187,2.1888151831798632,0,-1.488884784656395
Uruguay_DUP4_farm10_field542_soybean_2022,2022,Uruguay,soybean,4.809260845184326,2.626390767785863,2.1888151831798632,0,-1.4284945256441395
Uruguay_DUP4_farm10_field544_soybean_2022,2022,Uruguay,soybean,2.832069158554077,2.6331818888463907,2.1888151831798632,0,-1.435285646704667
Uruguay_DUP4_farm10_field545_soybean_2022,2022,Uruguay,soybean,2.3786394596099854,2.512104829485091,2.1888151831798632,0,-1.3142085873433675
Uruguay_DUP4_farm10_field546_soybean_2022,2022,Uruguay,soybean,2.085289478302002,1.2842485215279407,2.1888151831798632,0,-0.08635227938621703
Uruguay_DUP4_farm10_field548_soybean_2022,2022,Uruguay,soybean,3.337268590927124,2.341397182358722,2.1888151831798632,0,-1.1435009402169984
Uruguay_DUP4_farm10_field549_soybean_2022,2022,Uruguay,soybean,3.952338933944702,1.3527807560168128,2.1888151831798632,0,-0.15488451387508917
Uruguay_DUP4_farm10_field550_soybean_2022,2022,Uruguay,soybean,2.455794334411621,1.1828051388295795,2.1888151831798632,0,0.015091103312144138
Uruguay_DUP4_farm10_field551_soybean_2022,2022,Uruguay,soybean,2.8317925930023193,2.1547650387782338,2.1888151831798632,0,-0.9568687966365101
Uruguay_DUP4_farm10_field552_soybean_2022,2022,Uruguay,soybean,3.239609956741333,1.8036449530053624,2.1888151831798632,0,-0.6057487108636388
Uruguay_DUP4_farm10_field553_soybean_2022,2022,Uruguay,soybean,1.4870250225067139,1.3166083655797887,2.1888151831798632,0,-0.11871212343806503
Uruguay_DUP4_farm10_field554_soybean_2022,2022,Uruguay,soybean,3.0977115631103516,3.0623706049253903,2.1888151831798632,0,-1.8644743627836666
Uruguay_DUP4_farm10_field555_soybean_2022,2022,Uruguay,soybean,3.3115460872650146,2.8521849318450223,2.1888151831798632,0,-1.6542886897032987
Uruguay_DUP4_farm10_field557_soybean_2022,2022,Uruguay,soybean,3.8996970653533936,2.780455753810815,2.1888151831798632,0,-1.5825595116690914
Uruguay_DUP4_farm10_field558_soybean_2022,2022,Uruguay,soybean,3.6755175590515137,2.604364346483025,2.1888151831798632,0,-1.4064681043413012
Uruguay_DUP4_farm10_field559_soybean_2022,2022,Uruguay,soybean,1.8963993787765503,2.395519074685688,2.1888151831798632,0,-1.1976228325439644
Uruguay_DUP4_farm10_field560_soybean_2022,2022,Uruguay,soybean,2.7450973987579346,2.4987010208362874,2.1888151831798632,0,-1.3008047786945638
Uruguay_DUP4_farm4_field148_soybean_2022,2022,Uruguay,soybean,3.7745838165283203,2.4647282164192643,2.1888151831798632,0,-1.2668319742775407
Uruguay_DUP4_farm4_field149_soybean_2022,2022,Uruguay,soybean,4.175863742828369,1.9994199954541554,2.1888151831798632,0,-0.8015237533124318
Uruguay_DUP4_farm4_field150_soybean_2022,2022,Uruguay,soybean,2.5313994884490967,2.8131652595207757,2.1888151831798632,0,-1.615269017379052
Uruguay_DUP4_farm4_field151_soybean_2022,2022,Uruguay,soybean,3.461200475692749,2.3980926465265826,2.1888151831798632,0,-1.200196404384859
Uruguay_DUP4_farm4_field152_soybean_2022,2022,Uruguay,soybean,3.371297836303711,2.246650233715908,2.1888151831798632,0,-1.0487539915741846
Uruguay_DUP4_farm4_field153_soybean_2022,2022,Uruguay,soybean,2.7362380027770996,2.1869059299547504,2.1888151831798632,0,-0.9890096878130268
Uruguay_DUP4_farm4_field155_soybean_2022,2022,Uruguay,soybean,2.7846148014068604,2.080340767115931,2.1888151831798632,0,-0.8824445249742072
Uruguay_DUP4_farm4_field157_soybean_2022,2022,Uruguay,soybean,2.9556310176849365,2.6195492868823256,2.1888151831798632,0,-1.421653044740602
Argentina_DUP1_farm14_field116_corn_2023,2023,Argentina,corn,6.6592559814453125,7.762691747938095,9.567510908597136,1,-0.16143079975694263
Argentina_DUP1_farm14_field117_corn_2023,2023,Argentina,corn,7.169715881347656,7.733374546301169,9.567510908597136,1,-0.132113598120017
Argentina_DUP1_farm14_field118_corn_2023,2023,Argentina,corn,7.422622203826904,8.507084605053441,9.567510908597136,1,-0.9058236568722888
Argentina_DUP1_farm16_field157_soybean_2023,2023,Argentina,soybean,1.2494542598724365,2.8820961805752114,3.7773525270204695,1,-0.00519178833277989
Argentina_DUP1_farm16_field160_wheat_2023,2023,Argentina,wheat,2.626546621322632,3.4732003687294126,4.211728383835993,0,-1.5103097437294126
Argentina_DUP1_farm16_field162_corn_2023,2023,Argentina,corn,7.701785087585449,8.287066832826547,9.567510908597136,0,-0.6858058846453945
Argentina_DUP1_farm20_field208_soybean_2023,2023,Argentina,soybean,3.4732041358947754,4.488622417875825,3.7773525270204695,0,-1.6117180256333934
Argentina_DUP1_farm20_field209_soybean_2023,2023,Argentina,soybean,2.601668357849121,4.357803067568934,3.7773525270204695,1,-1.4808986753265025
Argentina_DUP1_farm25_field240_corn_2023,2023,Argentina,corn,6.163111209869385,7.883889426319774,9.567510908597136,1,-0.2826284781386219
Argentina_DUP1_farm25_field241_soybean_2023,2023,Argentina,soybean,2.025871515274048,3.852584349976406,3.7773525270204695,1,-0.9756799577339743
Argentina_DUP1_farm25_field243_soybean_2023,2023,Argentina,soybean,1.6614036560058594,3.6006364222480376,3.7773525270204695,1,-0.723732030005606
Argentina_DUP1_farm25_field244_corn_2023,2023,Argentina,corn,7.3150634765625,9.074258128011097,9.567510908597136,1,-1.472997179829945
Argentina_DUP1_farm25_field245_corn_2023,2023,Argentina,corn,8.207260131835938,7.861193550201882,9.567510908597136,0,-0.2599326020207302
Argentina_DUP1_farm25_field246_corn_2023,2023,Argentina,corn,6.059258937835693,8.238708314371767,9.567510908597136,1,-0.6374473661906146
Argentina_DUP1_farm25_field247_soybean_2023,2023,Argentina,soybean,1.3509501218795776,3.5354741729507815,3.7773525270204695,1,-0.6585697807083499
Argentina_DUP1_farm25_field248_corn_2023,2023,Argentina,corn,8.969398498535156,10.921630344992836,9.567510908597136,0,-3.3203693968116843
Argentina_DUP1_farm25_field250_corn_2023,2023,Argentina,corn,8.849778175354004,8.699657861553419,9.567510908597136,0,-1.0983969133722669
Argentina_DUP1_farm25_field251_soybean_2023,2023,Argentina,soybean,1.1157004833221436,3.0245208962946246,3.7773525270204695,1,-0.14761650405219306
Argentina_DUP1_farm25_field254_soybean_2023,2023,Argentina,soybean,1.8528048992156982,3.5774059224553807,3.7773525270204695,1,-0.7005015302129491
Argentina_DUP1_farm25_field255_soybean_2023,2023,Argentina,soybean,5.6968584060668945,3.531436420768572,3.7773525270204695,0,-0.6545320285261402
Argentina_DUP1_farm25_field257_corn_2023,2023,Argentina,corn,6.935965061187744,8.008913911635805,9.567510908597136,1,-0.40765296345465263
Argentina_DUP1_farm25_field258_corn_2023,2023,Argentina,corn,8.343838691711426,10.62080030221001,9.567510908597136,0,-3.0195393540288586
Argentina_DUP1_farm25_field260_corn_2023,2023,Argentina,corn,6.742878437042236,8.289699353159225,9.567510908597136,1,-0.688438404978073
Argentina_DUP1_farm25_field262_corn_2023,2023,Argentina,corn,5.221014022827148,6.891229003382987,9.567510908597136,1,0.7100319447981649
Argentina_DUP1_farm25_field263_soybean_2023,2023,Argentina,soybean,1.6766700744628906,3.3201637100505805,3.7773525270204695,1,-0.443259317808149
Argentina_DUP1_farm25_field264_corn_2023,2023,Argentina,corn,5.946253776550293,7.224346808019952,9.567510908597136,1,0.3769141401612002
Argentina_DUP1_farm25_field265_corn_2023,2023,Argentina,corn,6.954435348510742,8.099022256670619,9.567510908597136,1,-0.49776130848946654
Argentina_DUP1_farm25_field266_soybean_2023,2023,Argentina,soybean,1.6826969385147095,3.6370301933339295,3.7773525270204695,1,-0.760125801091498
Argentina_DUP1_farm25_field267_corn_2023,2023,Argentina,corn,6.310557842254639,7.5307081115307435,9.567510908597136,1,0.07055283665040868
Argentina_DUP1_farm26_field269_soybean_2023,2023,Argentina,soybean,2.464921712875366,2.877992761936274,3.7773525270204695,1,-0.001088369693842406
Argentina_DUP1_farm28_field313_wheat_2023,2023,Argentina,wheat,4.092920780181885,4.1197392376097195,4.211728383835993,0,-2.1568486126097195
Argentina_DUP1_farm28_field320_corn_2023,2023,Argentina,corn,7.833563327789307,9.146157705656973,9.567510908597136,0,-1.5448967574758212
Argentina_DUP1_farm29_field323_soybean_2023,2023,Argentina,soybean,1.3034201860427856,3.962166539734386,3.7773525270204695,1,-1.0852621474919544
Argentina_DUP1_farm29_field325_soybean_2023,2023,Argentina,soybean,1.517133116722107,3.2386485165089964,3.7773525270204695,1,-0.3617441242665649
Argentina_DUP1_farm29_field326_soybean_2023,2023,Argentina,soybean,0.7591841816902161,4.142255055905225,3.7773525270204695,1,-1.2653506636627934
Argentina_DUP1_farm29_field327_soybean_2023,2023,Argentina,soybean,2.814232110977173,4.181911898148881,3.7773525270204695,1,-1.3050075059064494
Argentina_DUP1_farm29_field328_soybean_2023,2023,Argentina,soybean,2.0069196224212646,3.921269358968356,3.7773525270204695,1,-1.0443649667259245
Argentina_DUP1_farm29_field329_soybean_2023,2023,Argentina,soybean,1.8735607862472534,3.342016426834481,3.7773525270204695,1,-0.46511203459204964
Argentina_DUP1_farm29_field330_soybean_2023,2023,Argentina,soybean,0.777751088142395,3.1488162874890273,3.7773525270204695,1,-0.27191189524659576
Argentina_DUP1_farm29_field331_soybean_2023,2023,Argentina,soybean,0.5926347374916077,2.7745985724265942,3.7773525270204695,1,0.1023058198158373
Argentina_DUP1_farm2_field25_soybean_2023,2023,Argentina,soybean,2.218341112136841,3.742074318094049,3.7773525270204695,1,-0.8651699258516174
Argentina_DUP1_farm2_field26_soybean_2023,2023,Argentina,soybean,3.3967368602752686,3.7862807097262916,3.7773525270204695,0,-0.90937631748386
Argentina_DUP1_farm2_field27_soybean_2023,2023,Argentina,soybean,1.7419770956039429,3.4700515932588556,3.7773525270204695,1,-0.593147201016424
Argentina_DUP1_farm2_field28_soybean_2023,2023,Argentina,soybean,3.2919061183929443,4.119423172545179,3.7773525270204695,0,-1.2425187803027478
Argentina_DUP1_farm2_field29_soybean_2023,2023,Argentina,soybean,4.047572135925293,4.583805647746241,3.7773525270204695,0,-1.7069012555038099
Argentina_DUP1_farm2_field30_soybean_2023,2023,Argentina,soybean,3.6511740684509277,4.09436203153819,3.7773525270204695,0,-1.2174576392957586
Argentina_DUP1_farm2_field31_soybean_2023,2023,Argentina,soybean,4.77341365814209,4.519125017130033,3.7773525270204695,0,-1.6422206248876017
Argentina_DUP1_farm2_field32_soybean_2023,2023,Argentina,soybean,2.1881296634674072,3.7585424758961556,3.7773525270204695,1,-0.8816380836537241
Argentina_DUP1_farm2_field33_soybean_2023,2023,Argentina,soybean,3.602252244949341,3.931520488895787,3.7773525270204695,0,-1.0546160966533553
Argentina_DUP1_farm2_field34_soybean_2023,2023,Argentina,soybean,3.9179561138153076,4.650554875780788,3.7773525270204695,0,-1.7736504835383564
Argentina_DUP1_farm2_field35_soybean_2023,2023,Argentina,soybean,2.3820455074310303,4.544162662728115,3.7773525270204695,1,-1.6672582704856835
Argentina_DUP1_farm2_field36_corn_2023,2023,Argentina,corn,9.90723705291748,8.904617668706019,9.567510908597136,0,-1.3033567205248664
Argentina_DUP1_farm2_field37_soybean_2023,2023,Argentina,soybean,2.668245315551758,4.31837106080233,3.7773525270204695,1,-1.4414666685598987
Argentina_DUP1_farm2_field38_soybean_2023,2023,Argentina,soybean,3.4649529457092285,4.393744205663593,3.7773525270204695,0,-1.5168398134211611
Argentina_DUP1_farm2_field39_soybean_2023,2023,Argentina,soybean,4.372678756713867,4.3352127440911,3.7773525270204695,0,-1.4583083518486686
Argentina_DUP1_farm2_field40_soybean_2023,2023,Argentina,soybean,4.467175483703613,4.5178333255691046,3.7773525270204695,0,-1.640928933326673
Argentina_DUP1_farm2_field41_soybean_2023,2023,Argentina,soybean,3.3110098838806152,4.345423055994406,3.7773525270204695,0,-1.4685186637519743
Argentina_DUP1_farm2_field43_soybean_2023,2023,Argentina,soybean,3.3215699195861816,4.176378528507099,3.7773525270204695,0,-1.2994741362646676
Argentina_DUP1_farm2_field44_soybean_2023,2023,Argentina,soybean,3.2150309085845947,4.057743549023029,3.7773525270204695,0,-1.1808391567805976
Argentina_DUP1_farm2_field46_soybean_2023,2023,Argentina,soybean,3.931553840637207,4.283349475152804,3.7773525270204695,0,-1.406445082910372
Argentina_DUP1_farm30_field332_corn_2023,2023,Argentina,corn,3.7082128524780273,7.79387274721754,9.567510908597136,1,-0.1926117990363876
Argentina_DUP1_farm30_field333_corn_2023,2023,Argentina,corn,4.939167499542236,8.354769355895709,9.567510908597136,1,-0.7535084077145564
Argentina_DUP1_farm32_field341_corn_2023,2023,Argentina,corn,4.540485858917236,9.317547376820537,9.567510908597136,1,-1.7162864286393846
Argentina_DUP1_farm35_field350_soybean_2023,2023,Argentina,soybean,2.6907758712768555,3.7254905671602896,3.7773525270204695,1,-0.848586174917858
Argentina_DUP1_farm39_field422_soybean_2023,2023,Argentina,soybean,1.4092966318130493,3.5636467271201164,3.7773525270204695,1,-0.6867423348776849
Argentina_DUP1_farm39_field425_wheat_2023,2023,Argentina,wheat,3.628329038619995,5.487721353117727,4.211728383835993,0,-3.5248307281177267
Argentina_DUP1_farm39_field427_wheat_2023,2023,Argentina,wheat,3.4955356121063232,6.944405084702777,4.211728383835993,0,-4.981514459702777
Argentina_DUP1_farm42_field433_soybean_2023,2023,Argentina,soybean,1.884590744972229,3.2017693630274415,3.7773525270204695,1,-0.32486497078501
Argentina_DUP1_farm42_field435_soybean_2023,2023,Argentina,soybean,2.687206745147705,3.4810279905250634,3.7773525270204695,1,-0.6041235982826318
Argentina_DUP1_farm42_field436_wheat_2023,2023,Argentina,wheat,3.4955592155456543,4.493474386667173,4.211728383835993,0,-2.530583761667173
Argentina_DUP1_farm42_field441_soybean_2023,2023,Argentina,soybean,2.5385794639587402,3.7875916629701982,3.7773525270204695,1,-0.9106872707277667
Argentina_DUP1_farm42_field442_wheat_2023,2023,Argentina,wheat,4.379517078399658,3.6491546036434133,4.211728383835993,0,-1.6862639786434133
Argentina_DUP1_farm45_field628_corn_2023,2023,Argentina,corn,7.031290531158447,8.522481636634271,9.567510908597136,1,-0.9212206884531193
Argentina_DUP1_farm45_field629_corn_2023,2023,Argentina,corn,2.9771437644958496,8.013156943883294,9.567510908597136,1,-0.4118959957021415
Argentina_DUP1_farm45_field630_corn_2023,2023,Argentina,corn,5.401596546173096,8.555143338684134,9.567510908597136,1,-0.9538823905029821
Argentina_DUP1_farm45_field631_soybean_2023,2023,Argentina,soybean,2.6800622940063477,3.833813758732261,3.7773525270204695,1,-0.9569093664898296
Argentina_DUP1_farm45_field634_corn_2023,2023,Argentina,corn,1.810570240020752,7.013176145602992,9.567510908597136,1,0.5880848025781598
Argentina_DUP1_farm45_field635_soybean_2023,2023,Argentina,soybean,1.7216635942459106,3.627034602262148,3.7773525270204695,1,-0.7501302100197162
Argentina_DUP1_farm45_field637_soybean_2023,2023,Argentina,soybean,0.5479804277420044,2.6953937500861453,3.7773525270204695,1,0.1815106421562862
Argentina_DUP1_farm45_field643_soybean_2023,2023,Argentina,soybean,1.1855334043502808,2.8094747367455213,3.7773525270204695,1,0.06742965549691027
Argentina_DUP1_farm45_field647_corn_2023,2023,Argentina,corn,2.9263737201690674,7.621650941291664,9.567510908597136,1,-0.020389993110511817
Argentina_DUP1_farm45_field649_soybean_2023,2023,Argentina,soybean,1.4338171482086182,3.2537374617284134,3.7773525270204695,1,-0.37683306948598183
Argentina_DUP1_farm45_field650_soybean_2023,2023,Argentina,soybean,1.3538838624954224,3.7040514713714416,3.7773525270204695,1,-0.8271470791290101
Argentina_DUP1_farm45_field651_corn_2023,2023,Argentina,corn,4.2488322257995605,8.558304844454472,9.567510908597136,1,-0.9570438962733201
Argentina_DUP1_farm45_field653_corn_2023,2023,Argentina,corn,5.487987995147705,7.934750168623241,9.567510908597136,1,-0.33348922044208873
Argentina_DUP1_farm49_field664_soybean_2023,2023,Argentina,soybean,0.9269083738327026,2.7302528662212535,3.7773525270204695,1,0.14665152602117804
Argentina_DUP1_farm4_field55_corn_2023,2023,Argentina,corn,3.940455675125122,7.818217486881926,9.567510908597136,1,-0.21695653870077347
Argentina_DUP1_farm55_field745_soybean_2023,2023,Argentina,soybean,2.4323980808258057,2.8891383794620564,3.7773525270204695,1,-0.012233987219624876
Argentina_DUP1_farm55_field746_corn_2023,2023,Argentina,corn,4.4226226806640625,7.393151189466259,9.567510908597136,1,0.208109758714893
Argentina_DUP1_farm55_field747_corn_2023,2023,Argentina,corn,6.004730701446533,7.803148549723205,9.567510908597136,1,-0.20188760154205276
Argentina_DUP1_farm56_field748_wheat_2023,2023,Argentina,wheat,1.3058000802993774,3.0509829050445276,4.211728383835993,1,-1.0880922800445276
Argentina_DUP1_farm56_field749_wheat_2023,2023,Argentina,wheat,5.699956893920898,3.7545528565586914,4.211728383835993,0,-1.7916622315586914
Argentina_DUP1_farm56_field750_soybean_2023,2023,Argentina,soybean,1.5359516143798828,3.1846334200919295,3.7773525270204695,1,-0.30772902784949796
Argentina_DUP1_farm56_field752_wheat_2023,2023,Argentina,wheat,2.2707977294921875,2.576723471509586,4.211728383835993,0,-0.6138328465095859
Argentina_DUP1_farm6_field68_soybean_2023,2023,Argentina,soybean,2.489698886871338,3.6325484073383603,3.7773525270204695,1,-0.7556440150959287
Argentina_DUP1_farm6_field69_soybean_2023,2023,Argentina,soybean,2.7613413333892822,3.669794513937038,3.7773525270204695,1,-0.7928901216946063
Argentina_DUP1_farm6_field70_soybean_2023,2023,Argentina,soybean,1.9907013177871704,2.971564240241321,3.7773525270204695,1,-0.09465984799888938
Argentina_DUP1_farm6_field71_soybean_2023,2023,Argentina,soybean,2.501291036605835,3.860194052232186,3.7773525270204695,1,-0.9832896599897545
Argentina_DUP1_farm6_field74_soybean_2023,2023,Argentina,soybean,0.8006961941719055,3.08275693775495,3.7773525270204695,1,-0.20585254551251841
Argentina_DUP1_farm6_field76_soybean_2023,2023,Argentina,soybean,1.0755057334899902,3.0106993563642988,3.7773525270204695,1,-0.1337949641218672
Argentina_DUP1_farm6_field77_soybean_2023,2023,Argentina,soybean,1.5880205631256104,3.012217304053131,3.7773525270204695,1,-0.13531291181069927
Argentina_DUP1_farm6_field78_soybean_2023,2023,Argentina,soybean,1.835261583328247,3.2353670069001152,3.7773525270204695,1,-0.3584626146576837
Argentina_DUP1_farm6_field79_soybean_2023,2023,Argentina,soybean,1.123595118522644,3.3465661774433513,3.7773525270204695,1,-0.4696617852009197
Argentina_DUP1_farm6_field80_soybean_2023,2023,Argentina,soybean,1.5687185525894165,3.295652627667151,3.7773525270204695,1,-0.4187482354247196
Argentina_DUP1_farm6_field81_soybean_2023,2023,Argentina,soybean,0.908458948135376,2.962669508254942,3.7773525270204695,1,-0.08576511601251058
Argentina_DUP1_farm6_field82_soybean_2023,2023,Argentina,soybean,1.542707085609436,3.031115440241693,3.7773525270204695,1,-0.15421104799926155
Argentina_DUP1_farm6_field83_soybean_2023,2023,Argentina,soybean,2.4114301204681396,3.7758946811445533,3.7773525270204695,1,-0.8989902889021217
Argentina_DUP1_farm6_field84_soybean_2023,2023,Argentina,soybean,1.9926917552947998,2.7395247103159326,3.7773525270204695,1,0.13737968192649896
Argentina_DUP1_farm6_field85_soybean_2023,2023,Argentina,soybean,1.922368049621582,3.4868853211298245,3.7773525270204695,1,-0.609980928887393
Argentina_DUP1_farm9_field103_wheat_2023,2023,Argentina,wheat,3.19175124168396,5.124178620863919,4.211728383835993,0,-3.161287995863919
Argentina_DUP1_farm9_field99_wheat_2023,2023,Argentina,wheat,2.2863268852233887,6.431731523139451,4.211728383835993,0,-4.468840898139451
Brazil_DUP2_farm1_field2_corn_2023,2023,Brazil,corn,6.734680652618408,7.302261887804186,7.13433395491706,0,-1.9906180966054556
Brazil_DUP2_farm2_field10_wheat_2023,2023,Brazil,wheat,4.121791839599609,3.7619421516607083,3.8228951768672212,0,-0.5284226452062404
Brazil_DUP2_farm2_field17_corn_2023,2023,Brazil,corn,8.464367866516113,7.334149274831167,7.13433395491706,0,-2.022505483632436
Brazil_DUP2_farm2_field26_corn_2023,2023,Brazil,corn,7.283845901489258,7.192865045605096,7.13433395491706,0,-1.8812212544063653
Brazil_DUP2_farm2_field42_wheat_2023,2023,Brazil,wheat,4.154005527496338,3.965951898410296,3.8228951768672212,0,-0.732432391955828
Brazil_DUP2_farm2_field46_corn_2023,2023,Brazil,corn,8.691034317016602,7.634366846181074,7.13433395491706,0,-2.322723054982343
Brazil_DUP2_farm2_field49_wheat_2023,2023,Brazil,wheat,3.9603395462036133,3.8837997137407987,3.8228951768672212,0,-0.6502802072863307
Brazil_DUP2_farm2_field4_corn_2023,2023,Brazil,corn,7.96497917175293,7.286555693440728,7.13433395491706,0,-1.9749119022419972
Brazil_DUP2_farm3_field53_soybean_2023,2023,Brazil,soybean,5.06286096572876,4.003896011180634,4.112073995918036,0,-0.3950760019490671
Brazil_DUP2_farm3_field57_corn_2023,2023,Brazil,corn,4.143543243408203,6.117296734165967,7.13433395491706,1,-0.8056529429672361
Brazil_DUP2_farm4_field107_soybean_2023,2023,Brazil,soybean,4.049718379974365,4.377715739194764,4.112073995918036,0,-0.7688957299631971
Brazil_DUP2_farm4_field111_corn_2023,2023,Brazil,corn,6.101862907409668,6.963358161885646,7.13433395491706,0,-1.651714370686915
Brazil_DUP2_farm4_field113_soybean_2023,2023,Brazil,soybean,4.134476661682129,4.382177120651031,4.112073995918036,0,-0.7733571114194637
Brazil_DUP2_farm4_field120_corn_2023,2023,Brazil,corn,6.456618309020996,6.494323753342586,7.13433395491706,0,-1.1826799621438555
Brazil_DUP2_farm4_field124_corn_2023,2023,Brazil,corn,7.0741448402404785,7.146201698907919,7.13433395491706,0,-1.834557907709188
Brazil_DUP2_farm4_field136_soybean_2023,2023,Brazil,soybean,4.4005913734436035,4.300946352427199,4.112073995918036,0,-0.6921263431956319
Brazil_DUP2_farm4_field138_corn_2023,2023,Brazil,corn,5.728150844573975,6.912958423440491,7.13433395491706,0,-1.6013146322417606
Brazil_DUP2_farm4_field77_corn_2023,2023,Brazil,corn,5.764130592346191,6.3018182612040805,7.13433395491706,0,-0.9901744700053499
Brazil_DUP2_farm4_field91_soybean_2023,2023,Brazil,soybean,4.112236022949219,4.251468175301378,4.112073995918036,0,-0.6426481660698107
Brazil_DUP2_farm4_field96_soybean_2023,2023,Brazil,soybean,4.474076747894287,4.378765011292813,4.112073995918036,0,-0.7699450020612462
Brazil_DUP2_farm5_field145_corn_2023,2023,Brazil,corn,6.030021667480469,7.253572283596633,7.13433395491706,0,-1.9419284923979028
Brazil_DUP2_farm5_field146_corn_2023,2023,Brazil,corn,7.280275821685791,7.189777416066532,7.13433395491706,0,-1.878133624867801
Brazil_DUP2_farm5_field148_wheat_2023,2023,Brazil,wheat,2.6973090171813965,3.5568527911726404,3.8228951768672212,1,-0.32333328471817246
Brazil_DUP2_farm5_field156_corn_2023,2023,Brazil,corn,5.96615743637085,7.510282850829561,7.13433395491706,0,-2.19863905963083
Brazil_DUP2_farm5_field163_wheat_2023,2023,Brazil,wheat,3.4288101196289062,3.5218431525302583,3.8228951768672212,0,-0.2883236460757903
Brazil_DUP2_farm5_field172_wheat_2023,2023,Brazil,wheat,2.9479289054870605,3.3155996341462783,3.8228951768672212,1,-0.08208012769181039
Brazil_DUP2_farm5_field204_corn_2023,2023,Brazil,corn,8.028992652893066,7.050720721056591,7.13433395491706,0,-1.7390769298578608
Brazil_DUP2_farm5_field209_wheat_2023,2023,Brazil,wheat,2.8677334785461426,3.713363059652479,3.8228951768672212,1,-0.4798435531980112
Brazil_DUP2_farm5_field211_corn_2023,2023,Brazil,corn,5.379560947418213,6.834737980335211,7.13433395491706,0,-1.5230941891364802
Brazil_DUP2_farm5_field214_wheat_2023,2023,Brazil,wheat,2.9247779846191406,3.685550261659933,3.8228951768672212,1,-0.452030755205465
Brazil_DUP2_farm5_field215_wheat_2023,2023,Brazil,wheat,3.3485288619995117,3.6069637122476057,3.8228951768672212,0,-0.37344420579313775
Brazil_DUP2_farm5_field223_wheat_2023,2023,Brazil,wheat,3.5625710487365723,4.0932009735251205,3.8228951768672212,0,-0.8596814670706525
Brazil_DUP2_farm5_field226_wheat_2023,2023,Brazil,wheat,3.3414061069488525,3.786170082378415,3.8228951768672212,0,-0.5526505759239471
Brazil_DUP2_farm5_field230_corn_2023,2023,Brazil,corn,7.073121547698975,7.114138268147856,7.13433395491706,0,-1.8024944769491258
Brazil_DUP2_farm5_field235_wheat_2023,2023,Brazil,wheat,3.5611512660980225,3.6735742377107785,3.8228951768672212,0,-0.44005473125631056
Brazil_DUP2_farm5_field236_corn_2023,2023,Brazil,corn,6.019829273223877,7.1595975354611445,7.13433395491706,0,-1.8479537442624139
Brazil_DUP2_farm5_field243_corn_2023,2023,Brazil,corn,5.052046298980713,6.321210269800577,7.13433395491706,1,-1.0095664786018466
Brazil_DUP2_farm5_field251_wheat_2023,2023,Brazil,wheat,3.002437114715576,3.709994657545316,3.8228951768672212,1,-0.47647515109084804
Brazil_DUP2_farm5_field263_corn_2023,2023,Brazil,corn,5.977324485778809,6.624958651608038,7.13433395491706,0,-1.3133148604093074
Brazil_DUP2_farm5_field264_corn_2023,2023,Brazil,corn,7.976521015167236,7.571708221654604,7.13433395491706,0,-2.2600644304558735
Brazil_DUP2_farm5_field265_corn_2023,2023,Brazil,corn,7.1451416015625,7.520398045713555,7.13433395491706,0,-2.208754254514824
Brazil_DUP2_farm5_field267_wheat_2023,2023,Brazil,wheat,2.7925150394439697,4.044397365925712,3.8228951768672212,1,-0.810877859471244
Brazil_DUP2_farm6_field283_corn_2023,2023,Brazil,corn,5.31650447845459,6.763457246755625,7.13433395491706,0,-1.451813455556894
Brazil_DUP2_farm6_field290_corn_2023,2023,Brazil,corn,4.23684024810791,5.968132459661824,7.13433395491706,1,-0.6564886684630933
Brazil_DUP2_farm6_field305_soybean_2023,2023,Brazil,soybean,3.9402313232421875,3.8765659905981513,4.112073995918036,0,-0.2677459813665841
Brazil_DUP2_farm6_field320_soybean_2023,2023,Brazil,soybean,4.606216907501221,4.110724578566302,4.112073995918036,0,-0.5019045693347346
Brazil_DUP2_farm6_field326_soybean_2023,2023,Brazil,soybean,5.114108085632324,4.264914724296448,4.112073995918036,0,-0.6560947150648806
Brazil_DUP2_farm6_field333_soybean_2023,2023,Brazil,soybean,5.539949417114258,3.945917397367251,4.112073995918036,0,-0.3370973881356836
Brazil_DUP2_farm6_field342_soybean_2023,2023,Brazil,soybean,3.7264204025268555,4.188355228727052,4.112073995918036,0,-0.5795352194954848
Brazil_DUP2_farm6_field345_soybean_2023,2023,Brazil,soybean,4.569785118103027,3.9131999627763423,4.112073995918036,0,-0.3043799535447751
Brazil_DUP2_farm6_field353_corn_2023,2023,Brazil,corn,4.610418319702148,6.21438884352639,7.13433395491706,1,-0.902745052327659
Brazil_DUP2_farm6_field364_soybean_2023,2023,Brazil,soybean,3.7096686363220215,3.985134657884142,4.112073995918036,0,-0.3763146486525746
Brazil_DUP2_farm6_field368_soybean_2023,2023,Brazil,soybean,4.5752177238464355,4.153032939769811,4.112073995918036,0,-0.5442129305382437
Brazil_DUP2_farm6_field371_soybean_2023,2023,Brazil,soybean,3.2868411540985107,4.093601068796824,4.112073995918036,1,-0.48478105956525663
Brazil_DUP2_farm6_field378_corn_2023,2023,Brazil,corn,6.051245212554932,6.3953143668584325,7.13433395491706,0,-1.0836705756597018
Brazil_DUP2_farm6_field385_soybean_2023,2023,Brazil,soybean,4.831797122955322,3.715882725993941,4.112073995918036,0,-0.10706271676237389
Brazil_DUP2_farm6_field386_soybean_2023,2023,Brazil,soybean,4.6777143478393555,3.973071770403754,4.112073995918036,0,-0.36425176117218694
Brazil_DUP2_farm6_field388_corn_2023,2023,Brazil,corn,4.379342555999756,6.372664559366766,7.13433395491706,1,-1.061020768168035
Brazil_DUP2_farm6_field396_corn_2023,2023,Brazil,corn,4.499091625213623,6.137320160366609,7.13433395491706,1,-0.8256763691678781
Brazil_DUP2_farm6_field416_corn_2023,2023,Brazil,corn,2.661848783493042,5.758011460811267,7.13433395491706,1,-0.4463676696125365
Brazil_DUP2_farm6_field429_corn_2023,2023,Brazil,corn,4.479156017303467,6.884231730900976,7.13433395491706,1,-1.5725879397022453
Brazil_DUP2_farm6_field440_corn_2023,2023,Brazil,corn,3.6801536083221436,5.935848988924004,7.13433395491706,1,-0.6242051977252734
Brazil_DUP2_farm6_field454_soybean_2023,2023,Brazil,soybean,3.861196279525757,3.9803899397780267,4.112073995918036,0,-0.3715699305464595
Brazil_DUP2_farm6_field459_corn_2023,2023,Brazil,corn,3.890676736831665,5.780855740003885,7.13433395491706,1,-0.46921194880515404
Brazil_DUP2_farm6_field462_corn_2023,2023,Brazil,corn,4.84932804107666,6.569352625633238,7.13433395491706,1,-1.2577088344345073
Brazil_DUP2_farm9_field501_corn_2023,2023,Brazil,corn,7.472313404083252,6.694807472425761,7.13433395491706,0,-1.38316368122703
Brazil_DUP2_farm9_field507_soybean_2023,2023,Brazil,soybean,4.647036075592041,4.24451016440262,4.112073995918036,0,-0.6356901551710532
Brazil_DUP2_farm9_field509_soybean_2023,2023,Brazil,soybean,3.9322071075439453,3.7607338938352113,4.112073995918036,0,-0.15191388460364408
Brazil_DUP2_farm9_field518_wheat_2023,2023,Brazil,wheat,2.5023319721221924,3.1525201122211577,3.8228951768672212,1,0.08099939423331026
Brazil_DUP2_farm9_field519_corn_2023,2023,Brazil,corn,7.775006294250488,6.797954362380413,7.13433395491706,0,-1.486310571181682
Brazil_DUP2_farm9_field528_wheat_2023,2023,Brazil,wheat,2.8958580493927,3.2565811514012415,3.8228951768672212,1,-0.02306164494677354
Brazil_DUP2_farm9_field536_soybean_2023,2023,Brazil,soybean,4.117798805236816,3.7645732452669325,4.112073995918036,0,-0.15575323603536528
Brazil_DUP2_farm9_field544_corn_2023,2023,Brazil,corn,8.878026962280273,6.740183924609503,7.13433395491706,0,-1.4285401334107721
Argentina_DUP1_farm10_field104_soybean_2024,2024,Argentina,soybean,4.9698100090026855,4.13821752781703,3.441138178405195,0,-1.755750544021864
Argentina_DUP1_farm10_field105_soybean_2024,2024,Argentina,soybean,3.439929962158203,4.334571739825911,3.441138178405195,0,-1.952104756030745
Argentina_DUP1_farm11_field107_soybean_2024,2024,Argentina,soybean,5.125446796417236,4.570820117582873,3.441138178405195,0,-2.1883531337877065
Argentina_DUP1_farm12_field108_soybean_2024,2024,Argentina,soybean,4.175118923187256,4.500244026023261,3.441138178405195,0,-2.117777042228095
Argentina_DUP1_farm12_field109_soybean_2024,2024,Argentina,soybean,2.659311294555664,3.919170423412592,3.441138178405195,0,-1.5367034396174257
Argentina_DUP1_farm12_field110_corn_2024,2024,Argentina,corn,13.084376335144043,10.931318604546975,8.351219611221484,0,-4.917261731225442
Argentina_DUP1_farm13_field112_soybean_2024,2024,Argentina,soybean,3.9367470741271973,4.58587113554876,3.441138178405195,0,-2.2034041517535936
Argentina_DUP1_farm19_field206_soybean_2024,2024,Argentina,soybean,4.585065841674805,4.319450739251697,3.441138178405195,0,-1.9369837554565308
Argentina_DUP1_farm19_field207_soybean_2024,2024,Argentina,soybean,4.568831920623779,4.483416868576379,3.441138178405195,0,-2.1009498847812127
Argentina_DUP1_farm22_field211_corn_2024,2024,Argentina,corn,14.910847663879395,9.77641449790009,8.351219611221484,0,-3.7623576245785566
Argentina_DUP1_farm22_field212_soybean_2024,2024,Argentina,soybean,4.605593681335449,4.456138078925808,3.441138178405195,0,-2.073671095130642
Argentina_DUP1_farm22_field214_soybean_2024,2024,Argentina,soybean,3.6033143997192383,4.305541536190084,3.441138178405195,0,-1.923074552394918
Argentina_DUP1_farm22_field216_corn_2024,2024,Argentina,corn,14.265836715698242,10.128227603488543,8.351219611221484,0,-4.11417073016701
Argentina_DUP1_farm28_field316_soybean_2024,2024,Argentina,soybean,3.948312282562256,3.5849410039006,3.441138178405195,0,-1.2024740201054338
Argentina_DUP1_farm2_field47_corn_2024,2024,Argentina,corn,7.472912311553955,10.575895237775411,8.351219611221484,0,-4.561838364453878
Argentina_DUP1_farm2_field48_corn_2024,2024,Argentina,corn,6.928237438201904,7.154778965039595,8.351219611221484,0,-1.1407220917180618
Argentina_DUP1_farm2_field49_corn_2024,2024,Argentina,corn,9.294194221496582,8.644549378651073,8.351219611221484,0,-2.6304925053295394
Argentina_DUP1_farm2_field50_soybean_2024,2024,Argentina,soybean,4.105900287628174,4.626647318381765,3.441138178405195,0,-2.2441803345865985
Argentina_DUP1_farm2_field51_soybean_2024,2024,Argentina,soybean,4.314273357391357,4.49348886476599,3.441138178405195,0,-2.1110218809708234
Argentina_DUP1_farm2_field53_corn_2024,2024,Argentina,corn,8.47214412689209,10.43457917725541,8.351219611221484,0,-4.420522303933876
Argentina_DUP1_farm39_field423_soybean_2024,2024,Argentina,soybean,5.198772430419922,4.319237883346671,3.441138178405195,0,-1.9367708995515045
Argentina_DUP1_farm39_field424_corn_2024,2024,Argentina,corn,12.210554122924805,9.92053445544086,8.351219611221484,0,-3.9064775821193267
Argentina_DUP1_farm39_field426_soybean_2024,2024,Argentina,soybean,5.297545433044434,4.215923239657062,3.441138178405195,0,-1.833456255861896
Argentina_DUP1_farm39_field429_soybean_2024,2024,Argentina,soybean,4.775148868560791,4.363159819385736,3.441138178405195,0,-1.9806928355905695
Argentina_DUP1_farm39_field430_soybean_2024,2024,Argentina,soybean,5.103338241577148,4.646177940798006,3.441138178405195,0,-2.26371095700284
Argentina_DUP1_farm47_field657_soybean_2024,2024,Argentina,soybean,4.423630237579346,4.486441977534562,3.441138178405195,0,-2.1039749937393957
Argentina_DUP1_farm5_field56_corn_2024,2024,Argentina,corn,11.750933647155762,8.445896720077666,8.351219611221484,0,-2.431839846756133
Argentina_DUP1_farm5_field57_soybean_2024,2024,Argentina,soybean,3.0932512283325195,4.0200053159156095,3.441138178405195,0,-1.6375383321204433
Argentina_DUP1_farm5_field58_soybean_2024,2024,Argentina,soybean,2.876504421234131,3.7463749564086397,3.441138178405195,0,-1.3639079726134735
Argentina_DUP1_farm5_field60_soybean_2024,2024,Argentina,soybean,4.005792617797852,4.3356103631554195,3.441138178405195,0,-1.9531433793602533
Argentina_DUP1_farm5_field62_soybean_2024,2024,Argentina,soybean,4.935156345367432,4.37718843572349,3.441138178405195,0,-1.9947214519283234
Argentina_DUP1_farm5_field63_soybean_2024,2024,Argentina,soybean,4.732599258422852,4.468012867666763,3.441138178405195,0,-2.085545883871597
Argentina_DUP1_farm5_field64_soybean_2024,2024,Argentina,soybean,2.95475435256958,4.023709127776654,3.441138178405195,0,-1.6412421439814882
Argentina_DUP1_farm5_field65_corn_2024,2024,Argentina,corn,11.944779396057129,10.16532717789711,8.351219611221484,0,-4.1512703045755766
Argentina_DUP1_farm5_field66_corn_2024,2024,Argentina,corn,14.65053653717041,11.332642187573384,8.351219611221484,0,-5.318585314251851
Argentina_DUP1_farm5_field67_corn_2024,2024,Argentina,corn,10.296051025390625,8.76343350177519,8.351219611221484,0,-2.749376628453656
Argentina_DUP1_farm7_field86_soybean_2024,2024,Argentina,soybean,2.7664196491241455,4.3101385513472,3.441138178405195,0,-1.927671567552034
Argentina_DUP1_farm9_field100_soybean_2024,2024,Argentina,soybean,3.475707530975342,4.396599778523821,3.441138178405195,0,-2.0141327947286545
Argentina_DUP1_farm9_field101_soybean_2024,2024,Argentina,soybean,6.053684234619141,4.470327094156541,3.441138178405195,0,-2.087860110361375
Argentina_DUP1_farm9_field102_soybean_2024,2024,Argentina,soybean,3.470731019973755,4.259793588441869,3.441138178405195,0,-1.8773266046467025
Argentina_DUP1_farm9_field94_corn_2024,2024,Argentina,corn,9.31701374053955,9.576831938146581,8.351219611221484,0,-3.562775064825048
Argentina_DUP1_farm9_field95_soybean_2024,2024,Argentina,soybean,4.04880952835083,4.755393071810813,3.441138178405195,0,-2.372926088015647
Argentina_DUP1_farm9_field96_corn_2024,2024,Argentina,corn,10.135187149047852,9.58743872835522,8.351219611221484,0,-3.573381855033687
Argentina_DUP1_farm9_field98_soybean_2024,2024,Argentina,soybean,3.2208359241485596,4.450772549443217,3.441138178405195,0,-2.0683055656480507
Brazil_DUP2_farm1_field1_soybean_2024,2024,Brazil,soybean,2.554049491882324,3.946984399043855,4.210309600830078,1,-0.19226504632168684
Brazil_DUP2_farm1_field3_soybean_2024,2024,Brazil,soybean,4.594292640686035,4.511053156037573,4.210309600830078,0,-0.7563338033154046
Brazil_DUP2_farm2_field31_soybean_2024,2024,Brazil,soybean,4.282722473144531,4.323662320980065,4.210309600830078,0,-0.5689429682578973
Brazil_DUP2_farm2_field47_soybean_2024,2024,Brazil,soybean,3.8954691886901855,4.36345673776927,4.210309600830078,0,-0.6087373850471018
Brazil_DUP2_farm2_field50_soybean_2024,2024,Brazil,soybean,3.9796488285064697,4.392396200038061,4.210309600830078,0,-0.6376768473158934
Brazil_DUP2_farm3_field54_corn_2024,2024,Brazil,corn,4.590654373168945,7.763729074111212,6.902103371090359,1,-2.440912606826056
Brazil_DUP2_farm4_field103_corn_2024,2024,Brazil,corn,4.048327922821045,6.366973478027351,6.902103371090359,1,-1.044157010742195
Brazil_DUP2_farm4_field125_corn_2024,2024,Brazil,corn,3.8804118633270264,6.43563094226206,6.902103371090359,1,-1.1128144749769042
Brazil_DUP2_farm4_field129_corn_2024,2024,Brazil,corn,4.312436580657959,6.753936551728051,6.902103371090359,1,-1.4311200844428953
Brazil_DUP2_farm4_field135_corn_2024,2024,Brazil,corn,5.696888446807861,6.745332960089442,6.902103371090359,0,-1.4225164928042862
Brazil_DUP2_farm4_field89_corn_2024,2024,Brazil,corn,4.709445476531982,6.959904969822739,6.902103371090359,1,-1.6370885025375834
Brazil_DUP2_farm5_field149_soybean_2024,2024,Brazil,soybean,3.9959075450897217,4.12917006216725,4.210309600830078,0,-0.3744507094450822
Brazil_DUP2_farm5_field169_soybean_2024,2024,Brazil,soybean,4.273986339569092,4.410243328832868,4.210309600830078,0,-0.6555239761106999
Brazil_DUP2_farm5_field187_soybean_2024,2024,Brazil,soybean,1.5734182596206665,3.973272551132173,4.210309600830078,1,-0.21855319841000487
Brazil_DUP2_farm5_field188_soybean_2024,2024,Brazil,soybean,3.522783041000366,4.2458632112038135,4.210309600830078,1,-0.49114385848164543
Brazil_DUP2_farm5_field191_soybean_2024,2024,Brazil,soybean,3.446136713027954,4.2831123903767985,4.210309600830078,1,-0.5283930376546304
Brazil_DUP2_farm5_field201_soybean_2024,2024,Brazil,soybean,3.561516284942627,4.226746374536753,4.210309600830078,1,-0.472027021814585
Brazil_DUP2_farm5_field208_soybean_2024,2024,Brazil,soybean,3.7599282264709473,4.399822204306925,4.210309600830078,0,-0.6451028515847566
Brazil_DUP2_farm5_field244_soybean_2024,2024,Brazil,soybean,3.3387627601623535,4.245006242834297,4.210309600830078,1,-0.49028689011212867
Brazil_DUP2_farm5_field253_soybean_2024,2024,Brazil,soybean,4.213239669799805,4.376037460629509,4.210309600830078,0,-0.6213181079073409
Brazil_DUP2_farm5_field257_soybean_2024,2024,Brazil,soybean,3.613408088684082,4.21086141124186,4.210309600830078,1,-0.4561420585196916
Brazil_DUP2_farm5_field259_soybean_2024,2024,Brazil,soybean,3.2806758880615234,4.192961827170641,4.210309600830078,1,-0.43824247444847275
Brazil_DUP2_farm5_field281_soybean_2024,2024,Brazil,soybean,3.672234058380127,4.359992985763539,4.210309600830078,1,-0.6052736330413713
Brazil_DUP2_farm6_field285_corn_2024,2024,Brazil,corn,6.644068241119385,6.414854766905582,6.902103371090359,0,-1.0920382996204259
Brazil_DUP2_farm6_field286_corn_2024,2024,Brazil,corn,8.86262321472168,6.411030911910101,6.902103371090359,0,-1.0882144446249455
Brazil_DUP2_farm6_field319_corn_2024,2024,Brazil,corn,5.417327880859375,5.8575849876871064,6.902103371090359,0,-0.5347685204019506
Brazil_DUP2_farm6_field330_corn_2024,2024,Brazil,corn,5.013312339782715,6.2416062008872535,6.902103371090359,1,-0.9187897336020976
Brazil_DUP2_farm6_field358_corn_2024,2024,Brazil,corn,7.944735050201416,6.236467037891929,6.902103371090359,0,-0.913650570606773
Brazil_DUP2_farm6_field380_corn_2024,2024,Brazil,corn,4.286979675292969,5.9448879060580095,6.902103371090359,1,-0.6220714387728536
Brazil_DUP2_farm6_field411_corn_2024,2024,Brazil,corn,8.165376663208008,6.81230834840494,6.902103371090359,0,-1.4894918811197844
Brazil_DUP2_farm6_field423_corn_2024,2024,Brazil,corn,5.51885461807251,7.0319275168490325,6.902103371090359,0,-1.7091110495638766
Brazil_DUP2_farm6_field439_corn_2024,2024,Brazil,corn,4.802873134613037,5.940762407962555,6.902103371090359,1,-0.6179459406773988
Brazil_DUP2_farm6_field458_corn_2024,2024,Brazil,corn,6.387229919433594,6.660711814062289,6.902103371090359,0,-1.3378953467771328
Brazil_DUP2_farm8_field491_soybean_2024,2024,Brazil,soybean,3.5133821964263916,4.142502957357753,4.210309600830078,1,-0.38778360463558537
Brazil_DUP2_farm8_field492_soybean_2024,2024,Brazil,soybean,3.412663698196411,4.048255383440009,4.210309600830078,1,-0.29353603071784073
Brazil_DUP2_farm8_field494_soybean_2024,2024,Brazil,soybean,3.453852891921997,4.200228172219968,4.210309600830078,1,-0.4455088194978001
Brazil_DUP2_farm8_field496_soybean_2024,2024,Brazil,soybean,3.542454242706299,4.36289488593376,4.210309600830078,1,-0.6081755332115919
Brazil_DUP2_farm8_field497_soybean_2024,2024,Brazil,soybean,2.2249348163604736,4.003060079960944,4.210309600830078,1,-0.2483407272387761
