look,field_id,country,crop,group,gdd,target,prediction,baseline,low_yield_cutoff,cutoff_source,is_low_yield,risk_score
1,Argentina_DUP1_farm14_field114_soybean_2022,Argentina,soybean,Argentina|soybean,950.9159057617187,4.077847957611084,3.6523276109832485,3.512830210273916,2.4290585041046144,Argentina|soybean,0,-1.223269106878634
1,Argentina_DUP1_farm14_field117_corn_2023,Argentina,corn,Argentina|corn,926.3756591796874,7.169715881347656,7.446437520375055,8.691955015063286,6.163111209869385,Argentina|corn,0,-1.2833263105056698
1,Argentina_DUP1_farm15_field125_soybean_2018,Argentina,soybean,Argentina|soybean,950.9159057617187,3.900073528289795,3.821802854267035,3.512830210273916,2.4290585041046144,Argentina|soybean,0,-1.3927443501624204
1,Argentina_DUP1_farm15_field135_soybean_2019,Argentina,soybean,Argentina|soybean,950.9159057617187,3.92604660987854,3.7874191811087954,3.512830210273916,2.4290585041046144,Argentina|soybean,0,-1.358360677004181
1,Argentina_DUP1_farm15_field144_soybean_2020,Argentina,soybean,Argentina|soybean,950.9159057617187,3.5069212913513184,3.4638473531468827,3.512830210273916,2.4290585041046144,Argentina|soybean,0,-1.0347888490422683
1,Argentina_DUP1_farm15_field150_soybean_2021,Argentina,soybean,Argentina|soybean,950.9159057617187,5.143073081970215,3.9111573862918894,3.512830210273916,2.4290585041046144,Argentina|soybean,0,-1.482098882187275
1,Argentina_DUP1_farm15_field154_soybean_2022,Argentina,soybean,Argentina|soybean,950.9159057617187,5.319962501525879,4.334405157526725,3.512830210273916,2.4290585041046144,Argentina|soybean,0,-1.9053466534221108
1,Argentina_DUP1_farm16_field157_soybean_2023,Argentina,soybean,Argentina|soybean,950.9159057617187,1.2494542598724365,2.9093464106370672,3.512830210273916,2.4290585041046144,Argentina|soybean,1,-0.4802879065324528
1,Argentina_DUP1_farm17_field168_soybean_2018,Argentina,soybean,Argentina|soybean,950.9159057617187,1.223634123802185,3.589514404882605,3.512830210273916,2.4290585041046144,Argentina|soybean,1,-1.1604559007779907
1,Argentina_DUP1_farm17_field169_soybean_2019,Argentina,soybean,Argentina|soybean,950.9159057617187,4.524634838104248,4.202368828035433,3.512830210273916,2.4290585041046144,Argentina|soybean,0,-1.7733103239308186
1,Argentina_DUP1_farm17_field182_soybean_2019,Argentina,soybean,Argentina|soybean,950.9159057617187,4.038310527801514,3.9283918394494632,3.512830210273916,2.4290585041046144,Argentina|soybean,0,-1.4993333353448488
1,Argentina_DUP1_farm17_field183_soybean_2021,Argentina,soybean,Argentina|soybean,950.9159057617187,2.280846118927002,3.1211252287937534,3.512830210273916,2.4290585041046144,Argentina|soybean,1,-0.692066724689139
1,Argentina_DUP1_farm17_field189_soybean_2021,Argentina,soybean,Argentina|soybean,950.9159057617187,1.8797327280044556,3.4268183972177115,3.512830210273916,2.4290585041046144,Argentina|soybean,1,-0.9977598931130971
1,Argentina_DUP1_farm19_field196_soybean_2022,Argentina,soybean,Argentina|soybean,950.9159057617187,5.2486891746521,3.9429918480189774,3.512830210273916,2.4290585041046144,Argentina|soybean,0,-1.513933343914363
1,Argentina_DUP1_farm19_field197_corn_2022,Argentina,corn,Argentina|corn,926.3756591796874,12.48502254486084,10.27667539882032,8.691955015063286,6.163111209869385,Argentina|corn,0,-4.113564188950935
1,Argentina_DUP1_farm19_field198_corn_2022,Argentina,corn,Argentina|corn,926.3756591796874,13.68151569366455,10.829499639852768,8.691955015063286,6.163111209869385,Argentina|corn,0,-4.6663884299833835
1,Argentina_DUP1_farm23_field218_soybean_2019,Argentina,soybean,Argentina|soybean,950.9159057617187,2.855816602706909,3.994292095560024,3.512830210273916,2.4290585041046144,Argentina|soybean,0,-1.5652335914554096
1,Argentina_DUP1_farm23_field231_soybean_2021,Argentina,soybean,Argentina|soybean,950.9159057617187,4.768322944641113,2.9148780055436614,3.512830210273916,2.4290585041046144,Argentina|soybean,0,-0.48581950143904695
1,Argentina_DUP1_farm24_field238_corn_2021,Argentina,corn,Argentina|corn,926.3756591796874,9.808682441711426,8.820264116426262,8.691955015063286,6.163111209869385,Argentina|corn,0,-2.6571529065568775
1,Argentina_DUP1_farm25_field245_corn_2023,Argentina,corn,Argentina|corn,926.3756591796874,8.207260131835938,7.690458940734715,8.691955015063286,6.163111209869385,Argentina|corn,0,-1.5273477308653298
1,Argentina_DUP1_farm25_field258_corn_2023,Argentina,corn,Argentina|corn,926.3756591796874,8.343838691711426,7.600430647979962,8.691955015063286,6.163111209869385,Argentina|corn,0,-1.4373194381105776
1,Argentina_DUP1_farm25_field260_corn_2023,Argentina,corn,Argentina|corn,926.3756591796874,6.742878437042236,7.393745526232955,8.691955015063286,6.163111209869385,Argentina|corn,0,-1.2306343163635702
1,Argentina_DUP1_farm25_field263_soybean_2023,Argentina,soybean,Argentina|soybean,950.9159057617187,1.6766700744628906,2.719256952081007,3.512830210273916,2.4290585041046144,Argentina|soybean,1,-0.2901984479763926
1,Argentina_DUP1_farm25_field267_corn_2023,Argentina,corn,Argentina|corn,926.3756591796874,6.310557842254639,6.997270264237229,8.691955015063286,6.163111209869385,Argentina|corn,0,-0.8341590543678441
1,Argentina_DUP1_farm27_field275_soybean_2021,Argentina,soybean,Argentina|soybean,950.9159057617187,3.8535122871398926,2.986755625045194,3.512830210273916,2.4290585041046144,Argentina|soybean,0,-0.5576971209405794
1,Argentina_DUP1_farm27_field282_soybean_2021,Argentina,soybean,Argentina|soybean,950.9159057617187,2.9482030868530273,2.9438063649400514,3.512830210273916,2.4290585041046144,Argentina|soybean,0,-0.514747860835437
1,Argentina_DUP1_farm27_field292_soybean_2020,Argentina,soybean,Argentina|soybean,950.9159057617187,4.491723537445068,3.644705465166786,3.512830210273916,2.4290585041046144,Argentina|soybean,0,-1.2156469610621716
1,Argentina_DUP1_farm27_field297_soybean_2020,Argentina,soybean,Argentina|soybean,950.9159057617187,3.6583564281463623,3.8913170745031422,3.512830210273916,2.4290585041046144,Argentina|soybean,0,-1.4622585703985278
1,Argentina_DUP1_farm27_field309_soybean_2021,Argentina,soybean,Argentina|soybean,950.9159057617187,3.608588457107544,3.650677919569701,3.512830210273916,2.4290585041046144,Argentina|soybean,0,-1.2216194154650863
1,Argentina_DUP1_farm29_field329_soybean_2023,Argentina,soybean,Argentina|soybean,950.9159057617187,1.8735607862472534,3.3130763507610657,3.512830210273916,2.4290585041046144,Argentina|soybean,1,-0.8840178466564512
1,Argentina_DUP1_farm2_field18_corn_2022,Argentina,corn,Argentina|corn,926.3756591796874,11.46400260925293,10.273235457608822,8.691955015063286,6.163111209869385,Argentina|corn,0,-4.110124247739437
1,Argentina_DUP1_farm2_field34_soybean_2023,Argentina,soybean,Argentina|soybean,950.9159057617187,3.9179561138153076,4.063984668982306,3.512830210273916,2.4290585041046144,Argentina|soybean,0,-1.6349261648776912
1,Argentina_DUP1_farm2_field35_soybean_2023,Argentina,soybean,Argentina|soybean,950.9159057617187,2.3820455074310303,3.439237284637521,3.512830210273916,2.4290585041046144,Argentina|soybean,1,-1.0101787805329066
1,Argentina_DUP1_farm2_field44_soybean_2023,Argentina,soybean,Argentina|soybean,950.9159057617187,3.2150309085845947,3.2589937750333666,3.512830210273916,2.4290585041046144,Argentina|soybean,0,-0.8299352709287522
1,Argentina_DUP1_farm2_field46_soybean_2023,Argentina,soybean,Argentina|soybean,950.9159057617187,3.931553840637207,3.5957547757197763,3.512830210273916,2.4290585041046144,Argentina|soybean,0,-1.1666962716151619
1,Argentina_DUP1_farm2_field48_corn_2024,Argentina,corn,Argentina|corn,926.3756591796874,6.928237438201904,9.102340438536475,8.691955015063286,6.163111209869385,Argentina|corn,0,-2.93922922866709
1,Argentina_DUP1_farm32_field341_corn_2023,Argentina,corn,Argentina|corn,926.3756591796874,4.540485858917236,5.920926532388774,8.691955015063286,6.163111209869385,Argentina|corn,1,0.24218467748061112
1,Argentina_DUP1_farm34_field343_soybean_2022,Argentina,soybean,Argentina|soybean,950.9159057617187,4.658246994018555,4.011252391594146,3.512830210273916,2.4290585041046144,Argentina|soybean,0,-1.5821938874895318
1,Argentina_DUP1_farm35_field347_soybean_2022,Argentina,soybean,Argentina|soybean,950.9159057617187,2.554513692855835,3.426902040143388,3.512830210273916,2.4290585041046144,Argentina|soybean,0,-0.9978435360387734
1,Argentina_DUP1_farm36_field358_corn_2021,Argentina,corn,Argentina|corn,926.3756591796874,7.103315353393555,6.462046093070117,8.691955015063286,6.163111209869385,Argentina|corn,0,-0.29893488320073214
1,Argentina_DUP1_farm36_field369_soybean_2022,Argentina,soybean,Argentina|soybean,950.9159057617187,2.8406505584716797,3.6562280769571087,3.512830210273916,2.4290585041046144,Argentina|soybean,0,-1.2271695728524943
1,Argentina_DUP1_farm36_field374_soybean_2022,Argentina,soybean,Argentina|soybean,950.9159057617187,3.977745771408081,3.5152458005763,3.512830210273916,2.4290585041046144,Argentina|soybean,0,-1.0861872964716857
1,Argentina_DUP1_farm36_field390_corn_2022,Argentina,corn,Argentina|corn,926.3756591796874,6.56842041015625,7.927168099159742,8.691955015063286,6.163111209869385,Argentina|corn,0,-1.764056889290357
1,Argentina_DUP1_farm36_field391_soybean_2022,Argentina,soybean,Argentina|soybean,950.9159057617187,3.151064157485962,3.06223952005615,3.512830210273916,2.4290585041046144,Argentina|soybean,0,-0.6331810159515356
1,Argentina_DUP1_farm37_field408_soybean_2020,Argentina,soybean,Argentina|soybean,950.9159057617187,5.070003986358643,3.771044658090048,3.512830210273916,2.4290585041046144,Argentina|soybean,0,-1.3419861539854336
1,Argentina_DUP1_farm37_field411_soybean_2021,Argentina,soybean,Argentina|soybean,950.9159057617187,1.6555449962615967,3.263878520470132,3.512830210273916,2.4290585041046144,Argentina|soybean,1,-0.8348200163655175
1,Argentina_DUP1_farm37_field412_soybean_2021,Argentina,soybean,Argentina|soybean,950.9159057617187,4.1647748947143555,3.9178291608817535,3.512830210273916,2.4290585041046144,Argentina|soybean,0,-1.488770656777139
1,Argentina_DUP1_farm42_field440_soybean_2021,Argentina,soybean,Argentina|soybean,950.9159057617187,3.405916452407837,3.4793139231352974,3.512830210273916,2.4290585041046144,Argentina|soybean,0,-1.050255419030683
1,Argentina_DUP1_farm44_field449_wheat_2018,Argentina,wheat,Argentina|wheat,568.6615173339843,3.2202141284942627,5.191751829467397,4.135075228041913,2.029330730438233,Argentina|wheat,0,-3.162421099029164
1,Argentina_DUP1_farm44_field450_corn_2021,Argentina,corn,Argentina|corn,926.3756591796874,7.9806389808654785,7.525803660584121,8.691955015063286,6.163111209869385,Argentina|corn,0,-1.3626924507147367
1,Argentina_DUP1_farm44_field452_soybean_2020,Argentina,soybean,Argentina|soybean,950.9159057617187,3.424290418624878,3.9987976387744317,3.512830210273916,2.4290585041046144,Argentina|soybean,0,-1.5697391346698173
1,Argentina_DUP1_farm44_field461_wheat_2021,Argentina,wheat,Argentina|wheat,568.6615173339843,3.349882125854492,2.501932776277072,4.135075228041913,2.029330730438233,Argentina|wheat,0,-0.47260204583883914
1,Argentina_DUP1_farm44_field462_soybean_2020,Argentina,soybean,Argentina|soybean,950.9159057617187,4.6820969581604,4.084036034648002,3.512830210273916,2.4290585041046144,Argentina|soybean,0,-1.6549775305433876
1,Argentina_DUP1_farm44_field473_corn_2021,Argentina,corn,Argentina|corn,926.3756591796874,11.483881950378418,6.964859626244781,8.691955015063286,6.163111209869385,Argentina|corn,0,-0.8017484163753963
1,Argentina_DUP1_farm44_field481_soybean_2019,Argentina,soybean,Argentina|soybean,950.9159057617187,4.2340006828308105,4.591846955869464,3.512830210273916,2.4290585041046144,Argentina|soybean,0,-2.1627884517648495
1,Argentina_DUP1_farm44_field484_soybean_2018,Argentina,soybean,Argentina|soybean,950.9159057617187,4.172374248504639,3.103459761482112,3.512830210273916,2.4290585041046144,Argentina|soybean,0,-0.6744012573774976
1,Argentina_DUP1_farm44_field496_soybean_2021,Argentina,soybean,Argentina|soybean,950.9159057617187,1.9881240129470825,3.1153582075631947,3.512830210273916,2.4290585041046144,Argentina|soybean,1,-0.6862997034585803
1,Argentina_DUP1_farm44_field500_soybean_2020,Argentina,soybean,Argentina|soybean,950.9159057617187,3.447204351425171,4.275698708484742,3.512830210273916,2.4290585041046144,Argentina|soybean,0,-1.8466402043801278
1,Argentina_DUP1_farm44_field503_soybean_2018,Argentina,soybean,Argentina|soybean,950.9159057617187,3.670666217803955,3.1617247472895422,3.512830210273916,2.4290585041046144,Argentina|soybean,0,-0.7326662431849278
1,Argentina_DUP1_farm44_field505_soybean_2021,Argentina,soybean,Argentina|soybean,950.9159057617187,3.1494650840759277,4.004427790412921,3.512830210273916,2.4290585041046144,Argentina|soybean,0,-1.5753692863083062
1,Argentina_DUP1_farm44_field506_soybean_2021,Argentina,soybean,Argentina|soybean,950.9159057617187,2.557133436203003,2.591366953786672,3.512830210273916,2.4290585041046144,Argentina|soybean,0,-0.1623084496820577
1,Argentina_DUP1_farm44_field508_soybean_2019,Argentina,soybean,Argentina|soybean,950.9159057617187,3.796565532684326,3.7703142712702324,3.512830210273916,2.4290585041046144,Argentina|soybean,0,-1.341255767165618
1,Argentina_DUP1_farm44_field510_soybean_2019,Argentina,soybean,Argentina|soybean,950.9159057617187,3.9510750770568848,3.7606667481419382,3.512830210273916,2.4290585041046144,Argentina|soybean,0,-1.3316082440373238
1,Argentina_DUP1_farm44_field518_soybean_2020,Argentina,soybean,Argentina|soybean,950.9159057617187,2.855581045150757,3.956921953183132,3.512830210273916,2.4290585041046144,Argentina|soybean,0,-1.5278634490785175
1,Argentina_DUP1_farm44_field519_soybean_2020,Argentina,soybean,Argentina|soybean,950.9159057617187,3.964035749435425,3.746664147521463,3.512830210273916,2.4290585041046144,Argentina|soybean,0,-1.3176056434168486
1,Argentina_DUP1_farm44_field536_soybean_2019,Argentina,soybean,Argentina|soybean,950.9159057617187,4.50089168548584,4.00599068891396,3.512830210273916,2.4290585041046144,Argentina|soybean,0,-1.5769321848093458
1,Argentina_DUP1_farm44_field547_soybean_2018,Argentina,soybean,Argentina|soybean,950.9159057617187,2.847217559814453,3.107681491341281,3.512830210273916,2.4290585041046144,Argentina|soybean,0,-0.6786229872366665
1,Argentina_DUP1_farm44_field557_corn_2018,Argentina,corn,Argentina|corn,926.3756591796874,4.47698974609375,8.746982215469394,8.691955015063286,6.163111209869385,Argentina|corn,1,-2.5838710056000096
1,Argentina_DUP1_farm45_field589_corn_2020,Argentina,corn,Argentina|corn,926.3756591796874,12.453889846801758,9.832263078627914,8.691955015063286,6.163111209869385,Argentina|corn,0,-3.6691518687585294
1,Argentina_DUP1_farm45_field592_corn_2020,Argentina,corn,Argentina|corn,926.3756591796874,12.958222389221191,10.731962656850252,8.691955015063286,6.163111209869385,Argentina|corn,0,-4.568851446980867
1,Argentina_DUP1_farm45_field596_corn_2020,Argentina,corn,Argentina|corn,926.3756591796874,12.130420684814453,10.287182717067434,8.691955015063286,6.163111209869385,Argentina|corn,0,-4.12407150719805
1,Argentina_DUP1_farm45_field601_wheat_2019,Argentina,wheat,Argentina|wheat,568.6615173339843,6.201404571533203,5.9222346776576105,4.135075228041913,2.029330730438233,Argentina|wheat,0,-3.8929039472193776
1,Argentina_DUP1_farm45_field603_wheat_2021,Argentina,wheat,Argentina|wheat,568.6615173339843,7.786730766296387,5.204311039678177,4.135075228041913,2.029330730438233,Argentina|wheat,0,-3.174980309239944
1,Argentina_DUP1_farm45_field607_wheat_2020,Argentina,wheat,Argentina|wheat,568.6615173339843,6.705805778503418,5.84461065554154,4.135075228041913,2.029330730438233,Argentina|wheat,0,-3.8152799251033067
1,Argentina_DUP1_farm45_field618_wheat_2021,Argentina,wheat,Argentina|wheat,568.6615173339843,6.5878376960754395,5.351963015814709,4.135075228041913,2.029330730438233,Argentina|wheat,0,-3.3226322853764763
1,Argentina_DUP1_farm45_field638_corn_2018,Argentina,corn,Argentina|corn,926.3756591796874,10.892257690429688,11.64040267673161,8.691955015063286,6.163111209869385,Argentina|corn,0,-5.477291466862225
1,Argentina_DUP1_farm45_field647_corn_2023,Argentina,corn,Argentina|corn,926.3756591796874,2.9263737201690674,5.488108535240574,8.691955015063286,6.163111209869385,Argentina|corn,1,0.6750026746288107
1,Argentina_DUP1_farm51_field668_soybean_2022,Argentina,soybean,Argentina|soybean,950.9159057617187,1.4079108238220215,2.2880622967814612,3.512830210273916,2.4290585041046144,Argentina|soybean,1,0.1409962073231532
1,Argentina_DUP1_farm51_field676_wheat_2021,Argentina,wheat,Argentina|wheat,568.6615173339843,5.653107166290283,4.6731980823980415,4.135075228041913,2.029330730438233,Argentina|wheat,0,-2.6438673519598086
1,Argentina_DUP1_farm51_field680_corn_2022,Argentina,corn,Argentina|corn,926.3756591796874,9.317485809326172,10.694185618679864,8.691955015063286,6.163111209869385,Argentina|corn,0,-4.531074408810479
1,Argentina_DUP1_farm51_field685_wheat_2022,Argentina,wheat,Argentina|wheat,568.6615173339843,1.9370661973953247,4.716446668529674,4.135075228041913,2.029330730438233,Argentina|wheat,1,-2.687115938091441
1,Argentina_DUP1_farm52_field686_soybean_2020,Argentina,soybean,Argentina|soybean,950.9159057617187,2.813114643096924,3.6906206533166186,3.512830210273916,2.4290585041046144,Argentina|soybean,0,-1.2615621492120042
1,Argentina_DUP1_farm52_field697_soybean_2022,Argentina,soybean,Argentina|soybean,950.9159057617187,4.865903377532959,4.60684230518171,3.512830210273916,2.4290585041046144,Argentina|soybean,0,-2.177783801077095
1,Argentina_DUP1_farm52_field706_soybean_2022,Argentina,soybean,Argentina|soybean,950.9159057617187,5.757415771484375,4.460633582743675,3.512830210273916,2.4290585041046144,Argentina|soybean,0,-2.0315750786390607
1,Argentina_DUP1_farm52_field714_soybean_2021,Argentina,soybean,Argentina|soybean,950.9159057617187,2.7373156547546387,2.8434246764087807,3.512830210273916,2.4290585041046144,Argentina|soybean,0,-0.4143661723041663
1,Argentina_DUP1_farm52_field717_soybean_2021,Argentina,soybean,Argentina|soybean,950.9159057617187,4.156802654266357,4.124651212405965,3.512830210273916,2.4290585041046144,Argentina|soybean,0,-1.6955927083013504
1,Argentina_DUP1_farm52_field727_soybean_2021,Argentina,soybean,Argentina|soybean,950.9159057617187,3.8810455799102783,3.9584759575588233,3.512830210273916,2.4290585041046144,Argentina|soybean,0,-1.5294174534542089
1,Argentina_DUP1_farm54_field733_wheat_2020,Argentina,wheat,Argentina|wheat,568.6615173339843,2.2495839595794678,2.375069101418398,4.135075228041913,2.029330730438233,Argentina|wheat,0,-0.34573837098016513
1,Argentina_DUP1_farm54_field735_soybean_2021,Argentina,soybean,Argentina|soybean,950.9159057617187,0.7536706924438477,2.8748536837898455,3.512830210273916,2.4290585041046144,Argentina|soybean,1,-0.4457951796852311
1,Argentina_DUP1_farm54_field739_soybean_2018,Argentina,soybean,Argentina|soybean,950.9159057617187,3.4476916790008545,3.4634319591810243,3.512830210273916,2.4290585041046144,Argentina|soybean,0,-1.0343734550764099
1,Argentina_DUP1_farm54_field743_soybean_2020,Argentina,soybean,Argentina|soybean,950.9159057617187,4.636996269226074,3.9907135871642794,3.512830210273916,2.4290585041046144,Argentina|soybean,0,-1.561655083059665
1,Argentina_DUP1_farm55_field747_corn_2023,Argentina,corn,Argentina|corn,926.3756591796874,6.004730701446533,9.83427034914347,8.691955015063286,6.163111209869385,Argentina|corn,1,-3.671159139274085
1,Argentina_DUP1_farm56_field750_soybean_2023,Argentina,soybean,Argentina|soybean,950.9159057617187,1.5359516143798828,3.1880430989256685,3.512830210273916,2.4290585041046144,Argentina|soybean,1,-0.7589845948210541
1,Argentina_DUP1_farm5_field64_soybean_2024,Argentina,soybean,Argentina|soybean,950.9159057617187,2.95475435256958,3.1956354716195747,3.512830210273916,2.4290585041046144,Argentina|soybean,0,-0.7665769675149603
1,Argentina_DUP1_farm5_field65_corn_2024,Argentina,corn,Argentina|corn,926.3756591796874,11.944779396057129,11.246984568314033,8.691955015063286,6.163111209869385,Argentina|corn,0,-5.083873358444649
1,Argentina_DUP1_farm6_field78_soybean_2023,Argentina,soybean,Argentina|soybean,950.9159057617187,1.835261583328247,2.2034778518601503,3.512830210273916,2.4290585041046144,Argentina|soybean,1,0.2255806522444641
1,Argentina_DUP1_farm7_field86_soybean_2024,Argentina,soybean,Argentina|soybean,950.9159057617187,2.7664196491241455,4.081004985334084,3.512830210273916,2.4290585041046144,Argentina|soybean,0,-1.6519464812294693
1,Argentina_DUP1_farm9_field94_corn_2024,Argentina,corn,Argentina|corn,926.3756591796874,9.31701374053955,9.62910478471585,8.691955015063286,6.163111209869385,Argentina|corn,0,-3.4659935748464648
1,Brazil_DUP2_farm2_field18_soybean_2019,Brazil,soybean,Brazil|soybean,950.9159057617187,3.74405837059021,3.5172851949100084,4.141856733015028,3.656761693954468,Brazil|soybean,0,0.1394764990444597
1,Brazil_DUP2_farm2_field25_corn_2019,Brazil,corn,Brazil|corn,926.3756591796874,7.2953948974609375,7.068688747432411,6.680697711308797,4.840037059783936,Brazil|corn,0,-2.228651687648475
1,Brazil_DUP2_farm2_field36_soybean_2022,Brazil,soybean,Brazil|soybean,950.9159057617187,4.307104110717773,4.038882971616405,4.141856733015028,3.656761693954468,Brazil|soybean,0,-0.38212127766193715
1,Brazil_DUP2_farm2_field38_soybean_2020,Brazil,soybean,Brazil|soybean,950.9159057617187,4.140893936157227,4.387937492146658,4.141856733015028,3.656761693954468,Brazil|soybean,0,-0.7311757981921896
1,Brazil_DUP2_farm2_field41_soybean_2019,Brazil,soybean,Brazil|soybean,950.9159057617187,3.871553659439087,3.504780478949114,4.141856733015028,3.656761693954468,Brazil|soybean,0,0.1519812150053541
1,Brazil_DUP2_farm2_field44_wheat_2020,Brazil,wheat,Brazil|wheat,568.6615173339843,4.408825397491455,4.074478484323273,3.7483099491224374,3.056740236282349,Brazil|wheat,0,-1.0177382480409243
1,Brazil_DUP2_farm2_field46_corn_2023,Brazil,corn,Brazil|corn,926.3756591796874,8.691034317016602,7.8138420346847655,6.680697711308797,4.840037059783936,Brazil|corn,0,-2.9738049749008297
1,Brazil_DUP2_farm2_field50_soybean_2024,Brazil,soybean,Brazil|soybean,950.9159057617187,3.9796488285064697,4.118446028218622,4.141856733015028,3.656761693954468,Brazil|soybean,0,-0.4616843342641537
1,Brazil_DUP2_farm4_field113_soybean_2023,Brazil,soybean,Brazil|soybean,950.9159057617187,4.134476661682129,4.264472288886049,4.141856733015028,3.656761693954468,Brazil|soybean,0,-0.6077105949315809
1,Brazil_DUP2_farm4_field129_corn_2024,Brazil,corn,Brazil|corn,926.3756591796874,4.312436580657959,6.118912338512825,6.680697711308797,4.840037059783936,Brazil|corn,1,-1.278875278728889
1,Brazil_DUP2_farm4_field134_corn_2018,Brazil,corn,Brazil|corn,926.3756591796874,7.684322834014893,6.686887941985989,6.680697711308797,4.840037059783936,Brazil|corn,0,-1.8468508822020535
1,Brazil_DUP2_farm4_field67_soybean_2020,Brazil,soybean,Brazil|soybean,950.9159057617187,4.458172798156738,4.308037005030792,4.141856733015028,3.656761693954468,Brazil|soybean,0,-0.6512753110763243
1,Brazil_DUP2_farm4_field83_wheat_2020,Brazil,wheat,Brazil|wheat,568.6615173339843,3.2220044136047363,3.42408178113933,3.7483099491224374,3.056740236282349,Brazil|wheat,0,-0.367341544856981
1,Brazil_DUP2_farm5_field146_corn_2023,Brazil,corn,Brazil|corn,926.3756591796874,7.280275821685791,6.7153146291483665,6.680697711308797,4.840037059783936,Brazil|corn,0,-1.8752775693644308
1,Brazil_DUP2_farm5_field153_soybean_2018,Brazil,soybean,Brazil|soybean,950.9159057617187,4.145542144775391,4.284306268335131,4.141856733015028,3.656761693954468,Brazil|soybean,0,-0.6275445743806629
1,Brazil_DUP2_farm5_field156_corn_2023,Brazil,corn,Brazil|corn,926.3756591796874,5.96615743637085,6.870831395696026,6.680697711308797,4.840037059783936,Brazil|corn,0,-2.0307943359120904
1,Brazil_DUP2_farm5_field164_wheat_2018,Brazil,wheat,Brazil|wheat,568.6615173339843,5.133892059326172,4.381276517755577,3.7483099491224374,3.056740236282349,Brazil|wheat,0,-1.324536281473228
1,Brazil_DUP2_farm5_field167_wheat_2019,Brazil,wheat,Brazil|wheat,568.6615173339843,3.5153419971466064,3.5693289003755355,3.7483099491224374,3.056740236282349,Brazil|wheat,0,-0.5125886640931867
1,Brazil_DUP2_farm5_field178_wheat_2021,Brazil,wheat,Brazil|wheat,568.6615173339843,4.578473091125488,4.738716507491079,3.7483099491224374,3.056740236282349,Brazil|wheat,0,-1.6819762712087298
1,Brazil_DUP2_farm5_field185_soybean_2021,Brazil,soybean,Brazil|soybean,950.9159057617187,3.7659876346588135,4.023340122928866,4.141856733015028,3.656761693954468,Brazil|soybean,0,-0.3665784289743983
1,Brazil_DUP2_farm5_field191_soybean_2024,Brazil,soybean,Brazil|soybean,950.9159057617187,3.446136713027954,3.7202154479028358,4.141856733015028,3.656761693954468,Brazil|soybean,1,-0.06345375394836772
1,Brazil_DUP2_farm5_field195_corn_2019,Brazil,corn,Brazil|corn,926.3756591796874,7.561824798583984,6.771962457811413,6.680697711308797,4.840037059783936,Brazil|corn,0,-1.9319253980274773
1,Brazil_DUP2_farm5_field234_soybean_2022,Brazil,soybean,Brazil|soybean,950.9159057617187,3.153770923614502,3.4777530725979835,4.141856733015028,3.656761693954468,Brazil|soybean,1,0.17900862135648454
1,Brazil_DUP2_farm5_field238_soybean_2021,Brazil,soybean,Brazil|soybean,950.9159057617187,4.45763635635376,4.375623841324121,4.141856733015028,3.656761693954468,Brazil|soybean,0,-0.7188621473696526
1,Brazil_DUP2_farm5_field273_corn_2020,Brazil,corn,Brazil|corn,926.3756591796874,9.866704940795898,6.998108488076449,6.680697711308797,4.840037059783936,Brazil|corn,0,-2.158071428292513
1,Brazil_DUP2_farm5_field277_wheat_2018,Brazil,wheat,Brazil|wheat,568.6615173339843,4.971075057983398,3.7766768920663214,3.7483099491224374,3.056740236282349,Brazil|wheat,0,-0.7199366557839726
1,Brazil_DUP2_farm5_field281_soybean_2024,Brazil,soybean,Brazil|soybean,950.9159057617187,3.672234058380127,4.008796262288555,4.141856733015028,3.656761693954468,Brazil|soybean,0,-0.35203456833408664
1,Brazil_DUP2_farm6_field293_wheat_2021,Brazil,wheat,Brazil|wheat,568.6615173339843,5.280581951141357,4.611962638390502,3.7483099491224374,3.056740236282349,Brazil|wheat,0,-1.5552224021081535
1,Brazil_DUP2_farm6_field301_wheat_2021,Brazil,wheat,Brazil|wheat,568.6615173339843,4.109171390533447,4.341109680274645,3.7483099491224374,3.056740236282349,Brazil|wheat,0,-1.2843694439922961
1,Brazil_DUP2_farm6_field305_soybean_2023,Brazil,soybean,Brazil|soybean,950.9159057617187,3.9402313232421875,4.366585052108163,4.141856733015028,3.656761693954468,Brazil|soybean,0,-0.7098233581536948
1,Brazil_DUP2_farm6_field319_corn_2024,Brazil,corn,Brazil|corn,926.3756591796874,5.417327880859375,6.88075121991426,6.680697711308797,4.840037059783936,Brazil|corn,0,-2.0407141601303245
1,Brazil_DUP2_farm6_field325_wheat_2018,Brazil,wheat,Brazil|wheat,568.6615173339843,2.8940229415893555,3.36512394024854,3.7483099491224374,3.056740236282349,Brazil|wheat,1,-0.3083837039661912
1,Brazil_DUP2_farm6_field331_wheat_2019,Brazil,wheat,Brazil|wheat,568.6615173339843,4.073089122772217,3.764892832996668,3.7483099491224374,3.056740236282349,Brazil|wheat,0,-0.7081525967143194
1,Brazil_DUP2_farm6_field332_soybean_2020,Brazil,soybean,Brazil|soybean,950.9159057617187,4.528463840484619,4.201400254447901,4.141856733015028,3.656761693954468,Brazil|soybean,0,-0.5446385604934334
1,Brazil_DUP2_farm6_field334_soybean_2020,Brazil,soybean,Brazil|soybean,950.9159057617187,3.682724714279175,4.047658741536028,4.141856733015028,3.656761693954468,Brazil|soybean,0,-0.3908970475815603
1,Brazil_DUP2_farm6_field343_soybean_2017,Brazil,soybean,Brazil|soybean,950.9159057617187,5.014899730682373,4.003498873351965,4.141856733015028,3.656761693954468,Brazil|soybean,0,-0.3467371793974974
1,Brazil_DUP2_farm6_field347_corn_2019,Brazil,corn,Brazil|corn,926.3756591796874,6.527939319610596,7.036014972770745,6.680697711308797,4.840037059783936,Brazil|corn,0,-2.195977912986809
1,Brazil_DUP2_farm6_field354_soybean_2022,Brazil,soybean,Brazil|soybean,950.9159057617187,4.1620683670043945,4.334480635524751,4.141856733015028,3.656761693954468,Brazil|soybean,0,-0.6777189415702831
1,Brazil_DUP2_farm6_field358_corn_2024,Brazil,corn,Brazil|corn,926.3756591796874,7.944735050201416,6.425487697669228,6.680697711308797,4.840037059783936,Brazil|corn,0,-1.585450637885292
1,Brazil_DUP2_farm6_field361_soybean_2021,Brazil,soybean,Brazil|soybean,950.9159057617187,4.1926679611206055,3.943176586927766,4.141856733015028,3.656761693954468,Brazil|soybean,0,-0.28641489297329814
1,Brazil_DUP2_farm6_field371_soybean_2023,Brazil,soybean,Brazil|soybean,950.9159057617187,3.2868411540985107,4.043691790185641,4.141856733015028,3.656761693954468,Brazil|soybean,1,-0.38693009623117325
1,Brazil_DUP2_farm6_field372_corn_2020,Brazil,corn,Brazil|corn,926.3756591796874,10.143900871276855,7.28921583632252,6.680697711308797,4.840037059783936,Brazil|corn,0,-2.4491787765385844
1,Brazil_DUP2_farm6_field373_corn_2019,Brazil,corn,Brazil|corn,926.3756591796874,7.1012959480285645,6.37441518590148,6.680697711308797,4.840037059783936,Brazil|corn,0,-1.5343781261175442
1,Brazil_DUP2_farm6_field377_soybean_2021,Brazil,soybean,Brazil|soybean,950.9159057617187,4.079043388366699,4.023842605960619,4.141856733015028,3.656761693954468,Brazil|soybean,0,-0.3670809120061507
1,Brazil_DUP2_farm6_field382_wheat_2019,Brazil,wheat,Brazil|wheat,568.6615173339843,3.7733302116394043,3.710018861468216,3.7483099491224374,3.056740236282349,Brazil|wheat,0,-0.6532786251858673
1,Brazil_DUP2_farm6_field385_soybean_2023,Brazil,soybean,Brazil|soybean,950.9159057617187,4.831797122955322,4.5045502006783416,4.141856733015028,3.656761693954468,Brazil|soybean,0,-0.8477885067238735
1,Brazil_DUP2_farm6_field390_wheat_2022,Brazil,wheat,Brazil|wheat,568.6615173339843,3.507200241088867,3.567460799944069,3.7483099491224374,3.056740236282349,Brazil|wheat,0,-0.51072056366172
1,Brazil_DUP2_farm6_field402_corn_2020,Brazil,corn,Brazil|corn,926.3756591796874,5.578191757202148,6.878735241629178,6.680697711308797,4.840037059783936,Brazil|corn,0,-2.038698181845242
1,Brazil_DUP2_farm6_field405_wheat_2018,Brazil,wheat,Brazil|wheat,568.6615173339843,5.12394380569458,4.186851448892404,3.7483099491224374,3.056740236282349,Brazil|wheat,0,-1.1301112126100552
1,Brazil_DUP2_farm6_field408_corn_2019,Brazil,corn,Brazil|corn,926.3756591796874,6.854948043823242,6.26824614422368,6.680697711308797,4.840037059783936,Brazil|corn,0,-1.428209084439744
1,Brazil_DUP2_farm6_field416_corn_2023,Brazil,corn,Brazil|corn,926.3756591796874,2.661848783493042,4.590698814583911,6.680697711308797,4.840037059783936,Brazil|corn,1,0.24933824520002457
1,Brazil_DUP2_farm6_field419_soybean_2021,Brazil,soybean,Brazil|soybean,950.9159057617187,4.081830978393555,3.89256969298283,4.141856733015028,3.656761693954468,Brazil|soybean,0,-0.23580799902836214
1,Brazil_DUP2_farm6_field424_soybean_2021,Brazil,soybean,Brazil|soybean,950.9159057617187,4.107974052429199,3.9054686389025823,4.141856733015028,3.656761693954468,Brazil|soybean,0,-0.2487069449481143
1,Brazil_DUP2_farm6_field442_corn_2020,Brazil,corn,Brazil|corn,926.3756591796874,5.412701606750488,6.782131396417337,6.680697711308797,4.840037059783936,Brazil|corn,0,-1.9420943366334011
1,Brazil_DUP2_farm6_field458_corn_2024,Brazil,corn,Brazil|corn,926.3756591796874,6.387229919433594,6.630901078267221,6.680697711308797,4.840037059783936,Brazil|corn,0,-1.7908640184832851
1,Brazil_DUP2_farm6_field460_wheat_2022,Brazil,wheat,Brazil|wheat,568.6615173339843,3.684356212615967,3.823994825010212,3.7483099491224374,3.056740236282349,Brazil|wheat,0,-0.7672545887278632
1,Brazil_DUP2_farm6_field472_soybean_2021,Brazil,soybean,Brazil|soybean,950.9159057617187,3.885075092315674,3.8916710085990736,4.141856733015028,3.656761693954468,Brazil|soybean,0,-0.23490931464460552
1,Brazil_DUP2_farm7_field479_soybean_2018,Brazil,soybean,Brazil|soybean,950.9159057617187,2.7960479259490967,3.9843643542111087,4.141856733015028,3.656761693954468,Brazil|soybean,1,-0.32760266025664064
1,Brazil_DUP2_farm9_field502_soybean_2022,Brazil,soybean,Brazil|soybean,950.9159057617187,4.081422328948975,4.0358142868412035,4.141856733015028,3.656761693954468,Brazil|soybean,0,-0.37905259288673543
1,Brazil_DUP2_farm9_field510_wheat_2020,Brazil,wheat,Brazil|wheat,568.6615173339843,3.1211400032043457,3.4223715838701882,3.7483099491224374,3.056740236282349,Brazil|wheat,0,-0.36563134758783944
1,Brazil_DUP2_farm9_field519_corn_2023,Brazil,corn,Brazil|corn,926.3756591796874,7.775006294250488,7.467894579251764,6.680697711308797,4.840037059783936,Brazil|corn,0,-2.6278575194678284
1,Brazil_DUP2_farm9_field528_wheat_2023,Brazil,wheat,Brazil|wheat,568.6615173339843,2.8958580493927,3.6338572671768117,3.7483099491224374,3.056740236282349,Brazil|wheat,1,-0.5771170308944629
1,Germany_DUP3_farm1_field10_wheat_2016,Germany,wheat,Germany|wheat,568.6615173339843,9.957723617553711,9.221601092956789,9.758280831796151,8.544622993469238,Germany|wheat,0,-0.6769780994875507
1,Germany_DUP3_farm1_field22_rapeseed_2016,Germany,rapeseed,Germany|rapeseed,619.8246215820312,5.980362415313721,4.612438168046588,4.479201480962228,3.4644815921783447,Germany|rapeseed,0,-1.1479565758682435
1,Germany_DUP3_farm1_field24_rapeseed_2017,Germany,rapeseed,Germany|rapeseed,619.8246215820312,6.159890174865723,4.758606620018145,4.479201480962228,3.4644815921783447,Germany|rapeseed,0,-1.2941250278398
1,Germany_DUP3_farm1_field2_wheat_2016,Germany,wheat,Germany|wheat,568.6615173339843,11.239669799804688,9.091944545632277,9.758280831796151,8.544622993469238,Germany|wheat,0,-0.547321552163039
1,Germany_DUP3_farm1_field30_wheat_2017,Germany,wheat,Germany|wheat,568.6615173339843,11.840201377868652,10.372868937800508,9.758280831796151,8.544622993469238,Germany|wheat,0,-1.82824594433127
1,Germany_DUP3_farm1_field33_wheat_2016,Germany,wheat,Germany|wheat,568.6615173339843,8.857559204101562,8.677964569611662,9.758280831796151,8.544622993469238,Germany|wheat,0,-0.13334157614242415
1,Germany_DUP3_farm1_field34_wheat_2017,Germany,wheat,Germany|wheat,568.6615173339843,14.349177360534668,10.60376087504223,9.758280831796151,8.544622993469238,Germany|wheat,0,-2.059137881572992
1,Germany_DUP3_farm1_field36_wheat_2017,Germany,wheat,Germany|wheat,568.6615173339843,13.383131980895996,10.712293584837784,9.758280831796151,8.544622993469238,Germany|wheat,0,-2.1676705913685463
1,Germany_DUP3_farm1_field39_wheat_2019,Germany,wheat,Germany|wheat,568.6615173339843,8.287920951843262,8.917429664459274,9.758280831796151,8.544622993469238,Germany|wheat,1,-0.3728066709900357
1,Germany_DUP3_farm1_field42_wheat_2019,Germany,wheat,Germany|wheat,568.6615173339843,10.541364669799805,9.797432948208382,9.758280831796151,8.544622993469238,Germany|wheat,0,-1.2528099547391438
1,Germany_DUP3_farm1_field43_wheat_2016,Germany,wheat,Germany|wheat,568.6615173339843,12.243258476257324,10.353231217812999,9.758280831796151,8.544622993469238,Germany|wheat,0,-1.808608224343761
1,Germany_DUP3_farm1_field46_wheat_2019,Germany,wheat,Germany|wheat,568.6615173339843,9.841507911682129,9.455302105576017,9.758280831796151,8.544622993469238,Germany|wheat,0,-0.910679112106779
1,Germany_DUP3_farm1_field4_rapeseed_2016,Germany,rapeseed,Germany|rapeseed,619.8246215820312,4.564465522766113,4.577184417729239,4.479201480962228,3.4644815921783447,Germany|rapeseed,0,-1.112702825550894
1,Germany_DUP3_farm1_field61_wheat_2019,Germany,wheat,Germany|wheat,568.6615173339843,8.98876953125,9.180748492079541,9.758280831796151,8.544622993469238,Germany|wheat,0,-0.6361254986103031
1,Germany_DUP3_farm1_field62_wheat_2019,Germany,wheat,Germany|wheat,568.6615173339843,8.745471000671387,9.425356030412509,9.758280831796151,8.544622993469238,Germany|wheat,0,-0.8807330369432709
1,Germany_DUP3_farm1_field8_rapeseed_2016,Germany,rapeseed,Germany|rapeseed,619.8246215820312,4.611868858337402,3.996747888813361,4.479201480962228,3.4644815921783447,Germany|rapeseed,0,-0.5322662966350165
1,Germany_DUP3_farm2_field129_wheat_2021,Germany,wheat,Germany|wheat,568.6615173339843,9.400776863098145,9.14188174658435,9.758280831796151,8.544622993469238,Germany|wheat,0,-0.5972587531151117
1,Germany_DUP3_farm2_field143_wheat_2016,Germany,wheat,Germany|wheat,568.6615173339843,13.214431762695312,10.192516672726953,9.758280831796151,8.544622993469238,Germany|wheat,0,-1.6478936792577148
1,Germany_DUP3_farm2_field146_rapeseed_2021,Germany,rapeseed,Germany|rapeseed,619.8246215820312,5.823606967926025,4.781598540119805,4.479201480962228,3.4644815921783447,Germany|rapeseed,0,-1.31711694794146
1,Germany_DUP3_farm2_field158_wheat_2018,Germany,wheat,Germany|wheat,568.6615173339843,7.912439823150635,9.56055614829648,9.758280831796151,8.544622993469238,Germany|wheat,1,-1.0159331548272412
1,Germany_DUP3_farm2_field165_wheat_2019,Germany,wheat,Germany|wheat,568.6615173339843,9.81688117980957,9.451893609688529,9.758280831796151,8.544622993469238,Germany|wheat,0,-0.9072706162192912
1,Germany_DUP3_farm2_field166_wheat_2020,Germany,wheat,Germany|wheat,568.6615173339843,10.155292510986328,9.323325400213587,9.758280831796151,8.544622993469238,Germany|wheat,0,-0.7787024067443493
1,Germany_DUP3_farm2_field173_rapeseed_2020,Germany,rapeseed,Germany|rapeseed,619.8246215820312,6.68973970413208,6.033636231311078,4.479201480962228,3.4644815921783447,Germany|rapeseed,0,-2.5691546391327336
1,Germany_DUP3_farm2_field175_wheat_2021,Germany,wheat,Germany|wheat,568.6615173339843,8.070727348327637,9.101877413648507,9.758280831796151,8.544622993469238,Germany|wheat,1,-0.5572544201792695
1,Germany_DUP3_farm2_field181_wheat_2017,Germany,wheat,Germany|wheat,568.6615173339843,8.252382278442383,9.764847113201071,9.758280831796151,8.544622993469238,Germany|wheat,1,-1.2202241197318333
1,Germany_DUP3_farm2_field187_wheat_2017,Germany,wheat,Germany|wheat,568.6615173339843,10.516670227050781,10.667346734486522,9.758280831796151,8.544622993469238,Germany|wheat,0,-2.1227237410172837
1,Germany_DUP3_farm2_field188_wheat_2017,Germany,wheat,Germany|wheat,568.6615173339843,10.036564826965332,10.3032396400599,9.758280831796151,8.544622993469238,Germany|wheat,0,-1.7586166465906619
1,Germany_DUP3_farm2_field199_rapeseed_2022,Germany,rapeseed,Germany|rapeseed,619.8246215820312,4.540452480316162,5.0239864607524325,4.479201480962228,3.4644815921783447,Germany|rapeseed,0,-1.5595048685740878
1,Germany_DUP3_farm2_field204_wheat_2022,Germany,wheat,Germany|wheat,568.6615173339843,9.003789901733398,9.259240302716478,9.758280831796151,8.544622993469238,Germany|wheat,0,-0.7146173092472399
1,Germany_DUP3_farm2_field212_wheat_2022,Germany,wheat,Germany|wheat,568.6615173339843,7.30798864364624,9.893322617665282,9.758280831796151,8.544622993469238,Germany|wheat,1,-1.348699624196044
1,Germany_DUP3_farm2_field77_wheat_2021,Germany,wheat,Germany|wheat,568.6615173339843,8.754390716552734,10.176792714612535,9.758280831796151,8.544622993469238,Germany|wheat,0,-1.6321697211432973
1,Germany_DUP3_farm3_field227_wheat_2019,Germany,wheat,Germany|wheat,568.6615173339843,4.91508674621582,9.487227714007972,9.758280831796151,8.544622993469238,Germany|wheat,1,-0.9426047205387338
1,Germany_DUP3_farm3_field230_rapeseed_2020,Germany,rapeseed,Germany|rapeseed,619.8246215820312,3.5180726051330566,4.211441244785272,4.479201480962228,3.4644815921783447,Germany|rapeseed,0,-0.7469596526069271
1,Germany_DUP3_farm3_field236_rapeseed_2017,Germany,rapeseed,Germany|rapeseed,619.8246215820312,2.8401525020599365,4.822362479821265,4.479201480962228,3.4644815921783447,Germany|rapeseed,1,-1.3578808876429207
1,Germany_DUP3_farm3_field240_rapeseed_2018,Germany,rapeseed,Germany|rapeseed,619.8246215820312,3.135594606399536,4.035175270925405,4.479201480962228,3.4644815921783447,Germany|rapeseed,1,-0.5706936787470607
1,Germany_DUP3_farm4_field244_wheat_2019,Germany,wheat,Germany|wheat,568.6615173339843,7.964092254638672,9.711399771999435,9.758280831796151,8.544622993469238,Germany|wheat,1,-1.1667767785301972
1,Germany_DUP3_farm4_field252_wheat_2020,Germany,wheat,Germany|wheat,568.6615173339843,8.948681831359863,10.356764010470389,9.758280831796151,8.544622993469238,Germany|wheat,0,-1.8121410170011512
1,Germany_DUP3_farm5_field268_wheat_2017,Germany,wheat,Germany|wheat,568.6615173339843,10.005956649780273,9.297909330905135,9.758280831796151,8.544622993469238,Germany|wheat,0,-0.7532863374358971
1,Germany_DUP3_farm5_field271_rapeseed_2017,Germany,rapeseed,Germany|rapeseed,619.8246215820312,1.0973284244537354,3.6225699069858193,4.479201480962228,3.4644815921783447,Germany|rapeseed,1,-0.15808831480747454
1,Germany_DUP3_farm6_field284_rapeseed_2020,Germany,rapeseed,Germany|rapeseed,619.8246215820312,3.4589855670928955,4.371890488185935,4.479201480962228,3.4644815921783447,Germany|rapeseed,1,-0.9074088960075901
1,Uruguay_DUP4_farm10_field309_soybean_2019,Uruguay,soybean,Uruguay|soybean,950.9159057617187,3.8736040592193604,3.5994986388056067,2.4098708967710363,1.3531898975372314,Uruguay|soybean,0,-2.2463087412683755
1,Uruguay_DUP4_farm10_field319_soybean_2019,Uruguay,soybean,Uruguay|soybean,950.9159057617187,4.398415565490723,3.8089391099238075,2.4098708967710363,1.3531898975372314,Uruguay|soybean,0,-2.455749212386576
1,Uruguay_DUP4_farm10_field329_soybean_2020,Uruguay,soybean,Uruguay|soybean,950.9159057617187,2.9296987056732178,2.054711003549501,2.4098708967710363,1.3531898975372314,Uruguay|soybean,0,-0.7015211060122695
1,Uruguay_DUP4_farm10_field333_soybean_2021,Uruguay,soybean,Uruguay|soybean,950.9159057617187,2.409923791885376,2.2356523143690867,2.4098708967710363,1.3531898975372314,Uruguay|soybean,0,-0.8824624168318553
1,Uruguay_DUP4_farm10_field350_soybean_2021,Uruguay,soybean,Uruguay|soybean,950.9159057617187,1.7333228588104248,1.9171000776750686,2.4098708967710363,1.3531898975372314,Uruguay|soybean,0,-0.5639101801378372
1,Uruguay_DUP4_farm10_field358_soybean_2021,Uruguay,soybean,Uruguay|soybean,950.9159057617187,2.3653085231781006,2.2466171122209984,2.4098708967710363,1.3531898975372314,Uruguay|soybean,0,-0.893427214683767
1,Uruguay_DUP4_farm10_field369_soybean_2018,Uruguay,soybean,Uruguay|soybean,950.9159057617187,1.1631176471710205,1.462906231249903,2.4098708967710363,1.3531898975372314,Uruguay|soybean,1,-0.10971633371267164
1,Uruguay_DUP4_farm10_field372_soybean_2018,Uruguay,soybean,Uruguay|soybean,950.9159057617187,0.8646675944328308,1.3408781899141065,2.4098708967710363,1.3531898975372314,Uruguay|soybean,1,0.012311707623124946
1,Uruguay_DUP4_farm10_field390_soybean_2018,Uruguay,soybean,Uruguay|soybean,950.9159057617187,3.5092477798461914,1.904963225745445,2.4098708967710363,1.3531898975372314,Uruguay|soybean,0,-0.5517733282082136
1,Uruguay_DUP4_farm10_field394_soybean_2018,Uruguay,soybean,Uruguay|soybean,950.9159057617187,1.339213252067566,1.4883587159960612,2.4098708967710363,1.3531898975372314,Uruguay|soybean,1,-0.13516881845882978
1,Uruguay_DUP4_farm10_field399_soybean_2018,Uruguay,soybean,Uruguay|soybean,950.9159057617187,1.3458727598190308,1.3934340416964932,2.4098708967710363,1.3531898975372314,Uruguay|soybean,1,-0.04024414415926181
1,Uruguay_DUP4_farm10_field408_soybean_2018,Uruguay,soybean,Uruguay|soybean,950.9159057617187,1.6810129880905151,1.3612934456601287,2.4098708967710363,1.3531898975372314,Uruguay|soybean,0,-0.008103548122897264
1,Uruguay_DUP4_farm10_field409_soybean_2018,Uruguay,soybean,Uruguay|soybean,950.9159057617187,1.8256875276565552,1.2860372134926246,2.4098708967710363,1.3531898975372314,Uruguay|soybean,0,0.06715268404460684
1,Uruguay_DUP4_farm10_field418_soybean_2018,Uruguay,soybean,Uruguay|soybean,950.9159057617187,1.3720719814300537,1.5071144355175639,2.4098708967710363,1.3531898975372314,Uruguay|soybean,0,-0.15392453798033245
1,Uruguay_DUP4_farm10_field419_soybean_2018,Uruguay,soybean,Uruguay|soybean,950.9159057617187,1.1247838735580444,1.6245173051887232,2.4098708967710363,1.3531898975372314,Uruguay|soybean,1,-0.27132740765149177
1,Uruguay_DUP4_farm10_field421_soybean_2018,Uruguay,soybean,Uruguay|soybean,950.9159057617187,1.3511348962783813,1.7367970664374675,2.4098708967710363,1.3531898975372314,Uruguay|soybean,1,-0.38360716890023605
1,Uruguay_DUP4_farm10_field425_soybean_2018,Uruguay,soybean,Uruguay|soybean,950.9159057617187,0.7332263588905334,1.4328660367276702,2.4098708967710363,1.3531898975372314,Uruguay|soybean,1,-0.07967613919043881
1,Uruguay_DUP4_farm10_field430_soybean_2018,Uruguay,soybean,Uruguay|soybean,950.9159057617187,1.473268985748291,1.4739702180169267,2.4098708967710363,1.3531898975372314,Uruguay|soybean,0,-0.12078032047969534
1,Uruguay_DUP4_farm10_field437_soybean_2018,Uruguay,soybean,Uruguay|soybean,950.9159057617187,3.446382761001587,1.6019974062479236,2.4098708967710363,1.3531898975372314,Uruguay|soybean,0,-0.24880750871069224
1,Uruguay_DUP4_farm10_field454_soybean_2018,Uruguay,soybean,Uruguay|soybean,950.9159057617187,1.909615159034729,1.8655371114088406,2.4098708967710363,1.3531898975372314,Uruguay|soybean,0,-0.5123472138716092
1,Uruguay_DUP4_farm10_field458_soybean_2018,Uruguay,soybean,Uruguay|soybean,950.9159057617187,1.497491717338562,1.31990712375935,2.4098708967710363,1.3531898975372314,Uruguay|soybean,0,0.03328277377788136
1,Uruguay_DUP4_farm10_field461_soybean_2018,Uruguay,soybean,Uruguay|soybean,950.9159057617187,1.1287587881088257,1.3577303406244665,2.4098708967710363,1.3531898975372314,Uruguay|soybean,1,-0.004540443087235113
1,Uruguay_DUP4_farm10_field467_soybean_2018,Uruguay,soybean,Uruguay|soybean,950.9159057617187,2.1153945922851562,2.1626030749721714,2.4098708967710363,1.3531898975372314,Uruguay|soybean,0,-0.80941317743494
1,Uruguay_DUP4_farm10_field486_soybean_2022,Uruguay,soybean,Uruguay|soybean,950.9159057617187,3.1260085105895996,2.7101942202780958,2.4098708967710363,1.3531898975372314,Uruguay|soybean,0,-1.3570043227408644
1,Uruguay_DUP4_farm10_field492_soybean_2022,Uruguay,soybean,Uruguay|soybean,950.9159057617187,3.2779622077941895,3.6426933025222903,2.4098708967710363,1.3531898975372314,Uruguay|soybean,0,-2.2895034049850587
1,Uruguay_DUP4_farm10_field494_soybean_2022,Uruguay,soybean,Uruguay|soybean,950.9159057617187,3.261688470840454,3.056722857862703,2.4098708967710363,1.3531898975372314,Uruguay|soybean,0,-1.7035329603254714
1,Uruguay_DUP4_farm10_field499_soybean_2022,Uruguay,soybean,Uruguay|soybean,950.9159057617187,2.7335948944091797,3.3992342941841964,2.4098708967710363,1.3531898975372314,Uruguay|soybean,0,-2.0460443966469652
1,Uruguay_DUP4_farm10_field501_soybean_2022,Uruguay,soybean,Uruguay|soybean,950.9159057617187,3.887279510498047,3.4503750565394,2.4098708967710363,1.3531898975372314,Uruguay|soybean,0,-2.0971851590021684
1,Uruguay_DUP4_farm10_field507_soybean_2022,Uruguay,soybean,Uruguay|soybean,950.9159057617187,2.9458301067352295,3.3173720995122595,2.4098708967710363,1.3531898975372314,Uruguay|soybean,0,-1.9641822019750281
1,Uruguay_DUP4_farm10_field509_soybean_2022,Uruguay,soybean,Uruguay|soybean,950.9159057617187,2.86220121383667,3.0795589197629685,2.4098708967710363,1.3531898975372314,Uruguay|soybean,0,-1.726369022225737
1,Uruguay_DUP4_farm10_field519_soybean_2022,Uruguay,soybean,Uruguay|soybean,950.9159057617187,3.1937015056610107,3.279381084088154,2.4098708967710363,1.3531898975372314,Uruguay|soybean,0,-1.9261911865509227
1,Uruguay_DUP4_farm10_field545_soybean_2022,Uruguay,soybean,Uruguay|soybean,950.9159057617187,2.3786394596099854,2.4595805472567704,2.4098708967710363,1.3531898975372314,Uruguay|soybean,0,-1.106390649719539
1,Uruguay_DUP4_farm10_field549_soybean_2022,Uruguay,soybean,Uruguay|soybean,950.9159057617187,3.952338933944702,3.0328693466185985,2.4098708967710363,1.3531898975372314,Uruguay|soybean,0,-1.6796794490813671
1,Uruguay_DUP4_farm10_field550_soybean_2022,Uruguay,soybean,Uruguay|soybean,950.9159057617187,2.455794334411621,2.8918485756281136,2.4098708967710363,1.3531898975372314,Uruguay|soybean,0,-1.5386586780908822
1,Uruguay_DUP4_farm10_field554_soybean_2022,Uruguay,soybean,Uruguay|soybean,950.9159057617187,3.0977115631103516,3.3618052336225968,2.4098708967710363,1.3531898975372314,Uruguay|soybean,0,-2.0086153360853656
1,Uruguay_DUP4_farm10_field566_soybean_2019,Uruguay,soybean,Uruguay|soybean,950.9159057617187,3.392350435256958,3.4435564476534655,2.4098708967710363,1.3531898975372314,Uruguay|soybean,0,-2.090366550116234
1,Uruguay_DUP4_farm10_field572_soybean_2019,Uruguay,soybean,Uruguay|soybean,950.9159057617187,3.1449480056762695,3.268245495066277,2.4098708967710363,1.3531898975372314,Uruguay|soybean,0,-1.9150555975290457
1,Uruguay_DUP4_farm1_field3_soybean_2019,Uruguay,soybean,Uruguay|soybean,950.9159057617187,2.351896286010742,2.936958666742119,2.4098708967710363,1.3531898975372314,Uruguay|soybean,0,-1.5837687692048876
1,Uruguay_DUP4_farm2_field11_soybean_2021,Uruguay,soybean,Uruguay|soybean,950.9159057617187,2.6270647048950195,2.319025087798364,2.4098708967710363,1.3531898975372314,Uruguay|soybean,0,-0.9658351902611326
1,Uruguay_DUP4_farm2_field12_soybean_2021,Uruguay,soybean,Uruguay|soybean,950.9159057617187,2.5545618534088135,2.484664459742672,2.4098708967710363,1.3531898975372314,Uruguay|soybean,0,-1.1314745622054405
1,Uruguay_DUP4_farm2_field20_soybean_2021,Uruguay,soybean,Uruguay|soybean,950.9159057617187,2.225886821746826,2.301472959074556,2.4098708967710363,1.3531898975372314,Uruguay|soybean,0,-0.9482830615373248
1,Uruguay_DUP4_farm2_field26_soybean_2019,Uruguay,soybean,Uruguay|soybean,950.9159057617187,2.9249823093414307,3.274550484586825,2.4098708967710363,1.3531898975372314,Uruguay|soybean,0,-1.9213605870495936
1,Uruguay_DUP4_farm2_field27_soybean_2021,Uruguay,soybean,Uruguay|soybean,950.9159057617187,1.9300817251205444,2.2342258322977373,2.4098708967710363,1.3531898975372314,Uruguay|soybean,0,-0.8810359347605059
1,Uruguay_DUP4_farm2_field31_soybean_2018,Uruguay,soybean,Uruguay|soybean,950.9159057617187,2.0568480491638184,1.5741352842675234,2.4098708967710363,1.3531898975372314,Uruguay|soybean,0,-0.22094538673029196
1,Uruguay_DUP4_farm2_field32_soybean_2018,Uruguay,soybean,Uruguay|soybean,950.9159057617187,0.8470730185508728,2.069572005517417,2.4098708967710363,1.3531898975372314,Uruguay|soybean,1,-0.7163821079801858
1,Uruguay_DUP4_farm2_field33_soybean_2018,Uruguay,soybean,Uruguay|soybean,950.9159057617187,1.3993847370147705,2.1956576358555466,2.4098708967710363,1.3531898975372314,Uruguay|soybean,0,-0.8424677383183152
1,Uruguay_DUP4_farm2_field39_soybean_2018,Uruguay,soybean,Uruguay|soybean,950.9159057617187,4.97405481338501,2.0726130073219027,2.4098708967710363,1.3531898975372314,Uruguay|soybean,0,-0.7194231097846713
1,Uruguay_DUP4_farm2_field8_soybean_2019,Uruguay,soybean,Uruguay|soybean,950.9159057617187,3.0108213424682617,3.3778791258723504,2.4098708967710363,1.3531898975372314,Uruguay|soybean,0,-2.024689228335119
1,Uruguay_DUP4_farm2_field9_soybean_2020,Uruguay,soybean,Uruguay|soybean,950.9159057617187,1.4275484085083008,2.0748977933691326,2.4098708967710363,1.3531898975372314,Uruguay|soybean,0,-0.7217078958319012
1,Uruguay_DUP4_farm3_field63_soybean_2021,Uruguay,soybean,Uruguay|soybean,950.9159057617187,2.579521656036377,2.408024606645894,2.4098708967710363,1.3531898975372314,Uruguay|soybean,0,-1.0548347091086627
1,Uruguay_DUP4_farm3_field70_soybean_2019,Uruguay,soybean,Uruguay|soybean,950.9159057617187,3.797386646270752,2.7419960216198707,2.4098708967710363,1.3531898975372314,Uruguay|soybean,0,-1.3888061240826393
1,Uruguay_DUP4_farm3_field73_soybean_2019,Uruguay,soybean,Uruguay|soybean,950.9159057617187,3.78401780128479,3.127150811702357,2.4098708967710363,1.3531898975372314,Uruguay|soybean,0,-1.7739609141651258
1,Uruguay_DUP4_farm4_field106_soybean_2018,Uruguay,soybean,Uruguay|soybean,950.9159057617187,1.0942317247390747,1.9423017175853825,2.4098708967710363,1.3531898975372314,Uruguay|soybean,1,-0.5891118200481511
1,Uruguay_DUP4_farm4_field117_soybean_2018,Uruguay,soybean,Uruguay|soybean,950.9159057617187,1.3852356672286987,1.9675261023601818,2.4098708967710363,1.3531898975372314,Uruguay|soybean,0,-0.6143362048229504
1,Uruguay_DUP4_farm4_field121_soybean_2018,Uruguay,soybean,Uruguay|soybean,950.9159057617187,0.9711331725120544,1.881276364029207,2.4098708967710363,1.3531898975372314,Uruguay|soybean,1,-0.5280864664919755
1,Uruguay_DUP4_farm4_field123_soybean_2019,Uruguay,soybean,Uruguay|soybean,950.9159057617187,3.6124894618988037,3.116623955338227,2.4098708967710363,1.3531898975372314,Uruguay|soybean,0,-1.7634340578009955
1,Uruguay_DUP4_farm4_field129_soybean_2019,Uruguay,soybean,Uruguay|soybean,950.9159057617187,4.022403717041016,3.193042090099663,2.4098708967710363,1.3531898975372314,Uruguay|soybean,0,-1.8398521925624316
1,Uruguay_DUP4_farm4_field132_soybean_2018,Uruguay,soybean,Uruguay|soybean,950.9159057617187,1.5064284801483154,1.5442989269562815,2.4098708967710363,1.3531898975372314,Uruguay|soybean,0,-0.19110902941905006
1,Uruguay_DUP4_farm4_field148_soybean_2022,Uruguay,soybean,Uruguay|soybean,950.9159057617187,3.7745838165283203,2.896136522940664,2.4098708967710363,1.3531898975372314,Uruguay|soybean,0,-1.5429466254034325
1,Uruguay_DUP4_farm4_field152_soybean_2022,Uruguay,soybean,Uruguay|soybean,950.9159057617187,3.371297836303711,2.4746512143287505,2.4098708967710363,1.3531898975372314,Uruguay|soybean,0,-1.121461316791519
1,Uruguay_DUP4_farm4_field166_soybean_2019,Uruguay,soybean,Uruguay|soybean,950.9159057617187,3.933269739151001,3.246007947601691,2.4098708967710363,1.3531898975372314,Uruguay|soybean,0,-1.8928180500644596
1,Uruguay_DUP4_farm4_field75_soybean_2019,Uruguay,soybean,Uruguay|soybean,950.9159057617187,4.676286220550537,3.2589056569286385,2.4098708967710363,1.3531898975372314,Uruguay|soybean,0,-1.9057157593914071
1,Uruguay_DUP4_farm4_field76_soybean_2019,Uruguay,soybean,Uruguay|soybean,950.9159057617187,3.76745867729187,2.9657350585238467,2.4098708967710363,1.3531898975372314,Uruguay|soybean,0,-1.6125451609866153
1,Uruguay_DUP4_farm4_field80_soybean_2019,Uruguay,soybean,Uruguay|soybean,950.9159057617187,3.9741175174713135,3.3180743069402023,2.4098708967710363,1.3531898975372314,Uruguay|soybean,0,-1.964884409402971
1,Uruguay_DUP4_farm4_field89_soybean_2021,Uruguay,soybean,Uruguay|soybean,950.9159057617187,1.9347290992736816,1.9444185219898067,2.4098708967710363,1.3531898975372314,Uruguay|soybean,0,-0.5912286244525753
1,Uruguay_DUP4_farm4_field91_soybean_2021,Uruguay,soybean,Uruguay|soybean,950.9159057617187,1.702459454536438,2.000371938312921,2.4098708967710363,1.3531898975372314,Uruguay|soybean,0,-0.6471820407756896
1,Uruguay_DUP4_farm4_field94_soybean_2021,Uruguay,soybean,Uruguay|soybean,950.9159057617187,2.57528018951416,2.2029628479987475,2.4098708967710363,1.3531898975372314,Uruguay|soybean,0,-0.8497729504615161
1,Uruguay_DUP4_farm4_field98_soybean_2021,Uruguay,soybean,Uruguay|soybean,950.9159057617187,1.243234634399414,1.9839351931518314,2.4098708967710363,1.3531898975372314,Uruguay|soybean,1,-0.6307452956146
1,Uruguay_DUP4_farm6_field174_soybean_2019,Uruguay,soybean,Uruguay|soybean,950.9159057617187,2.2168068885803223,2.5581959023909,2.4098708967710363,1.3531898975372314,Uruguay|soybean,0,-1.2050060048536684
1,Uruguay_DUP4_farm7_field182_soybean_2020,Uruguay,soybean,Uruguay|soybean,950.9159057617187,3.28501033782959,2.46025851802955,2.4098708967710363,1.3531898975372314,Uruguay|soybean,0,-1.1070686204923186
1,Uruguay_DUP4_farm7_field188_soybean_2018,Uruguay,soybean,Uruguay|soybean,950.9159057617187,4.035690784454346,2.0230470679060626,2.4098708967710363,1.3531898975372314,Uruguay|soybean,0,-0.6698571703688312
1,Uruguay_DUP4_farm7_field190_soybean_2018,Uruguay,soybean,Uruguay|soybean,950.9159057617187,1.6221749782562256,2.2284176774645457,2.4098708967710363,1.3531898975372314,Uruguay|soybean,0,-0.8752277799273143
1,Uruguay_DUP4_farm7_field194_soybean_2018,Uruguay,soybean,Uruguay|soybean,950.9159057617187,1.3293033838272095,2.198967015227321,2.4098708967710363,1.3531898975372314,Uruguay|soybean,1,-0.8457771176900895
1,Uruguay_DUP4_farm7_field197_soybean_2018,Uruguay,soybean,Uruguay|soybean,950.9159057617187,2.2386724948883057,2.3771837185371845,2.4098708967710363,1.3531898975372314,Uruguay|soybean,0,-1.023993820999953
1,Uruguay_DUP4_farm7_field207_soybean_2018,Uruguay,soybean,Uruguay|soybean,950.9159057617187,1.8242532014846802,2.384997946630197,2.4098708967710363,1.3531898975372314,Uruguay|soybean,0,-1.0318080490929658
1,Uruguay_DUP4_farm7_field210_soybean_2018,Uruguay,soybean,Uruguay|soybean,950.9159057617187,1.7316771745681763,2.0273815923548253,2.4098708967710363,1.3531898975372314,Uruguay|soybean,0,-0.6741916948175939
1,Uruguay_DUP4_farm7_field212_soybean_2018,Uruguay,soybean,Uruguay|soybean,950.9159057617187,1.7255641222000122,2.304428280482006,2.4098708967710363,1.3531898975372314,Uruguay|soybean,0,-0.9512383829447748
1,Uruguay_DUP4_farm7_field225_soybean_2019,Uruguay,soybean,Uruguay|soybean,950.9159057617187,4.352810859680176,2.7923995851900276,2.4098708967710363,1.3531898975372314,Uruguay|soybean,0,-1.4392096876527962
1,Uruguay_DUP4_farm7_field226_soybean_2019,Uruguay,soybean,Uruguay|soybean,950.9159057617187,3.109001398086548,2.7152721905333226,2.4098708967710363,1.3531898975372314,Uruguay|soybean,0,-1.3620822929960912
1,Uruguay_DUP4_farm8_field243_soybean_2019,Uruguay,soybean,Uruguay|soybean,950.9159057617187,3.3115487098693848,3.194645836231614,2.4098708967710363,1.3531898975372314,Uruguay|soybean,0,-1.8414559386943827
1,Uruguay_DUP4_farm8_field245_soybean_2021,Uruguay,soybean,Uruguay|soybean,950.9159057617187,1.3890055418014526,2.641539646319571,2.4098708967710363,1.3531898975372314,Uruguay|soybean,0,-1.2883497487823397
1,Uruguay_DUP4_farm8_field252_soybean_2019,Uruguay,soybean,Uruguay|soybean,950.9159057617187,2.2136690616607666,2.7163354827654036,2.4098708967710363,1.3531898975372314,Uruguay|soybean,0,-1.3631455852281722
1,Uruguay_DUP4_farm8_field254_soybean_2019,Uruguay,soybean,Uruguay|soybean,950.9159057617187,2.3891501426696777,2.4172383061514697,2.4098708967710363,1.3531898975372314,Uruguay|soybean,0,-1.0640484086142383
1,Uruguay_DUP4_farm8_field257_soybean_2019,Uruguay,soybean,Uruguay|soybean,950.9159057617187,3.613403081893921,2.6599452211497927,2.4098708967710363,1.3531898975372314,Uruguay|soybean,0,-1.3067553236125613
1,Uruguay_DUP4_farm8_field258_soybean_2019,Uruguay,soybean,Uruguay|soybean,950.9159057617187,3.1082310676574707,2.8563300428533833,2.4098708967710363,1.3531898975372314,Uruguay|soybean,0,-1.503140145316152
1,Uruguay_DUP4_farm9_field265_soybean_2019,Uruguay,soybean,Uruguay|soybean,950.9159057617187,2.1042425632476807,2.468199005665598,2.4098708967710363,1.3531898975372314,Uruguay|soybean,0,-1.1150091081283666
1,Uruguay_DUP4_farm9_field270_soybean_2018,Uruguay,soybean,Uruguay|soybean,950.9159057617187,3.5044057369232178,2.1608291846673597,2.4098708967710363,1.3531898975372314,Uruguay|soybean,0,-0.8076392871301283
1,Uruguay_DUP4_farm9_field271_soybean_2018,Uruguay,soybean,Uruguay|soybean,950.9159057617187,1.4167546033859253,1.9770801338847952,2.4098708967710363,1.3531898975372314,Uruguay|soybean,0,-0.6238902363475638
1,Uruguay_DUP4_farm9_field277_soybean_2019,Uruguay,soybean,Uruguay|soybean,950.9159057617187,2.2958898544311523,2.8158556204384593,2.4098708967710363,1.3531898975372314,Uruguay|soybean,0,-1.4626657229012279
1,Uruguay_DUP4_farm9_field287_soybean_2018,Uruguay,soybean,Uruguay|soybean,950.9159057617187,2.1983728408813477,2.1713663217713965,2.4098708967710363,1.3531898975372314,Uruguay|soybean,0,-0.8181764242341651
1,Uruguay_DUP4_farm9_field288_soybean_2018,Uruguay,soybean,Uruguay|soybean,950.9159057617187,2.7589340209960938,1.846996122977735,2.4098708967710363,1.3531898975372314,Uruguay|soybean,0,-0.49380622544050357
2,Argentina_DUP1_farm14_field114_soybean_2022,Argentina,soybean,Argentina|soybean,1358.4512939453125,4.077847957611084,3.8012627224135094,3.512830210273916,2.4290585041046144,Argentina|soybean,0,-1.372204218308895
2,Argentina_DUP1_farm14_field117_corn_2023,Argentina,corn,Argentina|corn,1323.393798828125,7.169715881347656,7.717005664002176,8.691955015063286,6.163111209869385,Argentina|corn,0,-1.5538944541327915
2,Argentina_DUP1_farm15_field125_soybean_2018,Argentina,soybean,Argentina|soybean,1358.4512939453125,3.900073528289795,3.8486684609223802,3.512830210273916,2.4290585041046144,Argentina|soybean,0,-1.4196099568177658
2,Argentina_DUP1_farm15_field135_soybean_2019,Argentina,soybean,Argentina|soybean,1358.4512939453125,3.92604660987854,3.9658007222720584,3.512830210273916,2.4290585041046144,Argentina|soybean,0,-1.536742218167444
2,Argentina_DUP1_farm15_field144_soybean_2020,Argentina,soybean,Argentina|soybean,1358.4512939453125,3.5069212913513184,3.3995054402334692,3.512830210273916,2.4290585041046144,Argentina|soybean,0,-0.9704469361288548
2,Argentina_DUP1_farm15_field150_soybean_2021,Argentina,soybean,Argentina|soybean,1358.4512939453125,5.143073081970215,4.098487100965491,3.512830210273916,2.4290585041046144,Argentina|soybean,0,-1.6694285968608762
2,Argentina_DUP1_farm15_field154_soybean_2022,Argentina,soybean,Argentina|soybean,1358.4512939453125,5.319962501525879,4.152794321966106,3.512830210273916,2.4290585041046144,Argentina|soybean,0,-1.7237358178614919
2,Argentina_DUP1_farm16_field157_soybean_2023,Argentina,soybean,Argentina|soybean,1358.4512939453125,1.2494542598724365,2.730800916719258,3.512830210273916,2.4290585041046144,Argentina|soybean,1,-0.30174241261464374
2,Argentina_DUP1_farm17_field168_soybean_2018,Argentina,soybean,Argentina|soybean,1358.4512939453125,1.223634123802185,4.047443211797749,3.512830210273916,2.4290585041046144,Argentina|soybean,1,-1.6183847076931341
2,Argentina_DUP1_farm17_field169_soybean_2019,Argentina,soybean,Argentina|soybean,1358.4512939453125,4.524634838104248,4.3589707869569745,3.512830210273916,2.4290585041046144,Argentina|soybean,0,-1.92991228285236
2,Argentina_DUP1_farm17_field182_soybean_2019,Argentina,soybean,Argentina|soybean,1358.4512939453125,4.038310527801514,3.7740669198503856,3.512830210273916,2.4290585041046144,Argentina|soybean,0,-1.3450084157457711
2,Argentina_DUP1_farm17_field183_soybean_2021,Argentina,soybean,Argentina|soybean,1358.4512939453125,2.280846118927002,3.650398090147691,3.512830210273916,2.4290585041046144,Argentina|soybean,1,-1.2213395860430767
2,Argentina_DUP1_farm17_field189_soybean_2021,Argentina,soybean,Argentina|soybean,1358.4512939453125,1.8797327280044556,3.2973239328576396,3.512830210273916,2.4290585041046144,Argentina|soybean,1,-0.8682654287530251
2,Argentina_DUP1_farm19_field196_soybean_2022,Argentina,soybean,Argentina|soybean,1358.4512939453125,5.2486891746521,3.8148011280876952,3.512830210273916,2.4290585041046144,Argentina|soybean,0,-1.3857426239830808
2,Argentina_DUP1_farm19_field197_corn_2022,Argentina,corn,Argentina|corn,1323.393798828125,12.48502254486084,10.597437554932036,8.691955015063286,6.163111209869385,Argentina|corn,0,-4.434326345062651
2,Argentina_DUP1_farm19_field198_corn_2022,Argentina,corn,Argentina|corn,1323.393798828125,13.68151569366455,11.782995219373783,8.691955015063286,6.163111209869385,Argentina|corn,0,-5.619884009504398
2,Argentina_DUP1_farm23_field218_soybean_2019,Argentina,soybean,Argentina|soybean,1358.4512939453125,2.855816602706909,3.5877675214030185,3.512830210273916,2.4290585041046144,Argentina|soybean,0,-1.158709017298404
2,Argentina_DUP1_farm23_field231_soybean_2021,Argentina,soybean,Argentina|soybean,1358.4512939453125,4.768322944641113,3.2396112585997052,3.512830210273916,2.4290585041046144,Argentina|soybean,0,-0.8105527544950908
2,Argentina_DUP1_farm24_field238_corn_2021,Argentina,corn,Argentina|corn,1323.393798828125,9.808682441711426,7.219140864920908,8.691955015063286,6.163111209869385,Argentina|corn,0,-1.056029655051523
2,Argentina_DUP1_farm25_field245_corn_2023,Argentina,corn,Argentina|corn,1323.393798828125,8.207260131835938,7.06794972841281,8.691955015063286,6.163111209869385,Argentina|corn,0,-0.9048385185434249
2,Argentina_DUP1_farm25_field258_corn_2023,Argentina,corn,Argentina|corn,1323.393798828125,8.343838691711426,7.166390155854042,8.691955015063286,6.163111209869385,Argentina|corn,0,-1.0032789459846576
2,Argentina_DUP1_farm25_field260_corn_2023,Argentina,corn,Argentina|corn,1323.393798828125,6.742878437042236,8.103932185816804,8.691955015063286,6.163111209869385,Argentina|corn,0,-1.9408209759474193
2,Argentina_DUP1_farm25_field263_soybean_2023,Argentina,soybean,Argentina|soybean,1358.4512939453125,1.6766700744628906,2.944254667737835,3.512830210273916,2.4290585041046144,Argentina|soybean,1,-0.5151961636332207
2,Argentina_DUP1_farm25_field267_corn_2023,Argentina,corn,Argentina|corn,1323.393798828125,6.310557842254639,7.253369041913216,8.691955015063286,6.163111209869385,Argentina|corn,0,-1.0902578320438314
2,Argentina_DUP1_farm27_field275_soybean_2021,Argentina,soybean,Argentina|soybean,1358.4512939453125,3.8535122871398926,2.465265567876746,3.512830210273916,2.4290585041046144,Argentina|soybean,0,-0.036207063772131676
2,Argentina_DUP1_farm27_field282_soybean_2021,Argentina,soybean,Argentina|soybean,1358.4512939453125,2.9482030868530273,2.5686473080915446,3.512830210273916,2.4290585041046144,Argentina|soybean,0,-0.1395888039869302
2,Argentina_DUP1_farm27_field292_soybean_2020,Argentina,soybean,Argentina|soybean,1358.4512939453125,4.491723537445068,3.8680808480152997,3.512830210273916,2.4290585041046144,Argentina|soybean,0,-1.4390223439106853
2,Argentina_DUP1_farm27_field297_soybean_2020,Argentina,soybean,Argentina|soybean,1358.4512939453125,3.6583564281463623,3.9481754169178167,3.512830210273916,2.4290585041046144,Argentina|soybean,0,-1.5191169128132023
2,Argentina_DUP1_farm27_field309_soybean_2021,Argentina,soybean,Argentina|soybean,1358.4512939453125,3.608588457107544,3.2336264632147644,3.512830210273916,2.4290585041046144,Argentina|soybean,0,-0.80456795911015
2,Argentina_DUP1_farm29_field329_soybean_2023,Argentina,soybean,Argentina|soybean,1358.4512939453125,1.8735607862472534,3.405299565974905,3.512830210273916,2.4290585041046144,Argentina|soybean,1,-0.9762410618702906
2,Argentina_DUP1_farm2_field18_corn_2022,Argentina,corn,Argentina|corn,1323.393798828125,11.46400260925293,11.144172257709666,8.691955015063286,6.163111209869385,Argentina|corn,0,-4.9810610478402815
2,Argentina_DUP1_farm2_field34_soybean_2023,Argentina,soybean,Argentina|soybean,1358.4512939453125,3.9179561138153076,4.177869927031568,3.512830210273916,2.4290585041046144,Argentina|soybean,0,-1.7488114229269538
2,Argentina_DUP1_farm2_field35_soybean_2023,Argentina,soybean,Argentina|soybean,1358.4512939453125,2.3820455074310303,3.821527797044496,3.512830210273916,2.4290585041046144,Argentina|soybean,1,-1.3924692929398814
2,Argentina_DUP1_farm2_field44_soybean_2023,Argentina,soybean,Argentina|soybean,1358.4512939453125,3.2150309085845947,3.7743408349476275,3.512830210273916,2.4290585041046144,Argentina|soybean,0,-1.345282330843013
2,Argentina_DUP1_farm2_field46_soybean_2023,Argentina,soybean,Argentina|soybean,1358.4512939453125,3.931553840637207,3.3247042243334497,3.512830210273916,2.4290585041046144,Argentina|soybean,0,-0.8956457202288353
2,Argentina_DUP1_farm2_field48_corn_2024,Argentina,corn,Argentina|corn,1323.393798828125,6.928237438201904,9.964236097400445,8.691955015063286,6.163111209869385,Argentina|corn,0,-3.80112488753106
2,Argentina_DUP1_farm32_field341_corn_2023,Argentina,corn,Argentina|corn,1323.393798828125,4.540485858917236,7.795474917421718,8.691955015063286,6.163111209869385,Argentina|corn,1,-1.632363707552333
2,Argentina_DUP1_farm34_field343_soybean_2022,Argentina,soybean,Argentina|soybean,1358.4512939453125,4.658246994018555,4.115880129825936,3.512830210273916,2.4290585041046144,Argentina|soybean,0,-1.686821625721322
2,Argentina_DUP1_farm35_field347_soybean_2022,Argentina,soybean,Argentina|soybean,1358.4512939453125,2.554513692855835,3.108878178831317,3.512830210273916,2.4290585041046144,Argentina|soybean,0,-0.6798196747267027
2,Argentina_DUP1_farm36_field358_corn_2021,Argentina,corn,Argentina|corn,1323.393798828125,7.103315353393555,6.52955528172335,8.691955015063286,6.163111209869385,Argentina|corn,0,-0.366444071853965
2,Argentina_DUP1_farm36_field369_soybean_2022,Argentina,soybean,Argentina|soybean,1358.4512939453125,2.8406505584716797,3.3498139941605234,3.512830210273916,2.4290585041046144,Argentina|soybean,0,-0.920755490055909
2,Argentina_DUP1_farm36_field374_soybean_2022,Argentina,soybean,Argentina|soybean,1358.4512939453125,3.977745771408081,3.472807756551384,3.512830210273916,2.4290585041046144,Argentina|soybean,0,-1.0437492524467697
2,Argentina_DUP1_farm36_field390_corn_2022,Argentina,corn,Argentina|corn,1323.393798828125,6.56842041015625,7.957278828810212,8.691955015063286,6.163111209869385,Argentina|corn,0,-1.7941676189408273
2,Argentina_DUP1_farm36_field391_soybean_2022,Argentina,soybean,Argentina|soybean,1358.4512939453125,3.151064157485962,2.9286792429434874,3.512830210273916,2.4290585041046144,Argentina|soybean,0,-0.4996207388388729
2,Argentina_DUP1_farm37_field408_soybean_2020,Argentina,soybean,Argentina|soybean,1358.4512939453125,5.070003986358643,4.151521738912793,3.512830210273916,2.4290585041046144,Argentina|soybean,0,-1.7224632348081785
2,Argentina_DUP1_farm37_field411_soybean_2021,Argentina,soybean,Argentina|soybean,1358.4512939453125,1.6555449962615967,3.367231662425269,3.512830210273916,2.4290585041046144,Argentina|soybean,1,-0.9381731583206547
2,Argentina_DUP1_farm37_field412_soybean_2021,Argentina,soybean,Argentina|soybean,1358.4512939453125,4.1647748947143555,3.631030256714511,3.512830210273916,2.4290585041046144,Argentina|soybean,0,-1.2019717526098965
2,Argentina_DUP1_farm42_field440_soybean_2021,Argentina,soybean,Argentina|soybean,1358.4512939453125,3.405916452407837,3.231377723298433,3.512830210273916,2.4290585041046144,Argentina|soybean,0,-0.8023192191938184
2,Argentina_DUP1_farm44_field449_wheat_2018,Argentina,wheat,Argentina|wheat,812.3735961914062,3.2202141284942627,4.351922833239445,4.135075228041913,2.029330730438233,Argentina|wheat,0,-2.3225921028012118
2,Argentina_DUP1_farm44_field450_corn_2021,Argentina,corn,Argentina|corn,1323.393798828125,7.9806389808654785,6.786769229187084,8.691955015063286,6.163111209869385,Argentina|corn,0,-0.6236580193176993
2,Argentina_DUP1_farm44_field452_soybean_2020,Argentina,soybean,Argentina|soybean,1358.4512939453125,3.424290418624878,3.6912088348877017,3.512830210273916,2.4290585041046144,Argentina|soybean,0,-1.2621503307830872
2,Argentina_DUP1_farm44_field461_wheat_2021,Argentina,wheat,Argentina|wheat,812.3735961914062,3.349882125854492,3.0400370551039004,4.135075228041913,2.029330730438233,Argentina|wheat,0,-1.0107063246656676
2,Argentina_DUP1_farm44_field462_soybean_2020,Argentina,soybean,Argentina|soybean,1358.4512939453125,4.6820969581604,3.897028769429209,3.512830210273916,2.4290585041046144,Argentina|soybean,0,-1.4679702653245945
2,Argentina_DUP1_farm44_field473_corn_2021,Argentina,corn,Argentina|corn,1323.393798828125,11.483881950378418,7.064356093559118,8.691955015063286,6.163111209869385,Argentina|corn,0,-0.9012448836897331
2,Argentina_DUP1_farm44_field481_soybean_2019,Argentina,soybean,Argentina|soybean,1358.4512939453125,4.2340006828308105,4.475945513207612,3.512830210273916,2.4290585041046144,Argentina|soybean,0,-2.0468870091029974
2,Argentina_DUP1_farm44_field484_soybean_2018,Argentina,soybean,Argentina|soybean,1358.4512939453125,4.172374248504639,2.9315574951077967,3.512830210273916,2.4290585041046144,Argentina|soybean,0,-0.5024989910031823
2,Argentina_DUP1_farm44_field496_soybean_2021,Argentina,soybean,Argentina|soybean,1358.4512939453125,1.9881240129470825,3.0678564027980815,3.512830210273916,2.4290585041046144,Argentina|soybean,1,-0.638797898693467
2,Argentina_DUP1_farm44_field500_soybean_2020,Argentina,soybean,Argentina|soybean,1358.4512939453125,3.447204351425171,3.9621579663275925,3.512830210273916,2.4290585041046144,Argentina|soybean,0,-1.533099462222978
2,Argentina_DUP1_farm44_field503_soybean_2018,Argentina,soybean,Argentina|soybean,1358.4512939453125,3.670666217803955,3.377721312649684,3.512830210273916,2.4290585041046144,Argentina|soybean,0,-0.9486628085450697
2,Argentina_DUP1_farm44_field505_soybean_2021,Argentina,soybean,Argentina|soybean,1358.4512939453125,3.1494650840759277,3.748495280999363,3.512830210273916,2.4290585041046144,Argentina|soybean,0,-1.3194367768947486
2,Argentina_DUP1_farm44_field506_soybean_2021,Argentina,soybean,Argentina|soybean,1358.4512939453125,2.557133436203003,3.142356377935208,3.512830210273916,2.4290585041046144,Argentina|soybean,0,-0.7132978738305935
2,Argentina_DUP1_farm44_field508_soybean_2019,Argentina,soybean,Argentina|soybean,1358.4512939453125,3.796565532684326,3.8960531077546485,3.512830210273916,2.4290585041046144,Argentina|soybean,0,-1.466994603650034
2,Argentina_DUP1_farm44_field510_soybean_2019,Argentina,soybean,Argentina|soybean,1358.4512939453125,3.9510750770568848,3.9574590645537624,3.512830210273916,2.4290585041046144,Argentina|soybean,0,-1.528400560449148
2,Argentina_DUP1_farm44_field518_soybean_2020,Argentina,soybean,Argentina|soybean,1358.4512939453125,2.855581045150757,3.524410283416185,3.512830210273916,2.4290585041046144,Argentina|soybean,0,-1.0953517793115704
2,Argentina_DUP1_farm44_field519_soybean_2020,Argentina,soybean,Argentina|soybean,1358.4512939453125,3.964035749435425,3.433294523067917,3.512830210273916,2.4290585041046144,Argentina|soybean,0,-1.0042360189633026
2,Argentina_DUP1_farm44_field536_soybean_2019,Argentina,soybean,Argentina|soybean,1358.4512939453125,4.50089168548584,4.1965702714773405,3.512830210273916,2.4290585041046144,Argentina|soybean,0,-1.767511767372726
2,Argentina_DUP1_farm44_field547_soybean_2018,Argentina,soybean,Argentina|soybean,1358.4512939453125,2.847217559814453,3.133227079979635,3.512830210273916,2.4290585041046144,Argentina|soybean,0,-0.7041685758750207
2,Argentina_DUP1_farm44_field557_corn_2018,Argentina,corn,Argentina|corn,1323.393798828125,4.47698974609375,7.36500096757569,8.691955015063286,6.163111209869385,Argentina|corn,1,-1.2018897577063052
2,Argentina_DUP1_farm45_field589_corn_2020,Argentina,corn,Argentina|corn,1323.393798828125,12.453889846801758,11.00566819221137,8.691955015063286,6.163111209869385,Argentina|corn,0,-4.842556982341986
2,Argentina_DUP1_farm45_field592_corn_2020,Argentina,corn,Argentina|corn,1323.393798828125,12.958222389221191,10.640127567894076,8.691955015063286,6.163111209869385,Argentina|corn,0,-4.4770163580246916
2,Argentina_DUP1_farm45_field596_corn_2020,Argentina,corn,Argentina|corn,1323.393798828125,12.130420684814453,11.327944008277584,8.691955015063286,6.163111209869385,Argentina|corn,0,-5.164832798408199
2,Argentina_DUP1_farm45_field601_wheat_2019,Argentina,wheat,Argentina|wheat,812.3735961914062,6.201404571533203,5.034667075257473,4.135075228041913,2.029330730438233,Argentina|wheat,0,-3.00533634481924
2,Argentina_DUP1_farm45_field603_wheat_2021,Argentina,wheat,Argentina|wheat,812.3735961914062,7.786730766296387,5.519164933974665,4.135075228041913,2.029330730438233,Argentina|wheat,0,-3.489834203536432
2,Argentina_DUP1_farm45_field607_wheat_2020,Argentina,wheat,Argentina|wheat,812.3735961914062,6.705805778503418,6.179445365824964,4.135075228041913,2.029330730438233,Argentina|wheat,0,-4.150114635386732
2,Argentina_DUP1_farm45_field618_wheat_2021,Argentina,wheat,Argentina|wheat,812.3735961914062,6.5878376960754395,5.907212192951887,4.135075228041913,2.029330730438233,Argentina|wheat,0,-3.877881462513654
2,Argentina_DUP1_farm45_field638_corn_2018,Argentina,corn,Argentina|corn,1323.393798828125,10.892257690429688,10.737307159700386,8.691955015063286,6.163111209869385,Argentina|corn,0,-4.574195949831001
2,Argentina_DUP1_farm45_field647_corn_2023,Argentina,corn,Argentina|corn,1323.393798828125,2.9263737201690674,5.475951886669787,8.691955015063286,6.163111209869385,Argentina|corn,1,0.687159323199598
2,Argentina_DUP1_farm51_field668_soybean_2022,Argentina,soybean,Argentina|soybean,1358.4512939453125,1.4079108238220215,2.9544503325039004,3.512830210273916,2.4290585041046144,Argentina|soybean,1,-0.525391828399286
2,Argentina_DUP1_farm51_field676_wheat_2021,Argentina,wheat,Argentina|wheat,812.3735961914062,5.653107166290283,4.462412536771068,4.135075228041913,2.029330730438233,Argentina|wheat,0,-2.433081806332835
2,Argentina_DUP1_farm51_field680_corn_2022,Argentina,corn,Argentina|corn,1323.393798828125,9.317485809326172,11.584331751316755,8.691955015063286,6.163111209869385,Argentina|corn,0,-5.42122054144737
2,Argentina_DUP1_farm51_field685_wheat_2022,Argentina,wheat,Argentina|wheat,812.3735961914062,1.9370661973953247,3.26397902904472,4.135075228041913,2.029330730438233,Argentina|wheat,1,-1.234648298606487
2,Argentina_DUP1_farm52_field686_soybean_2020,Argentina,soybean,Argentina|soybean,1358.4512939453125,2.813114643096924,3.5287909530601675,3.512830210273916,2.4290585041046144,Argentina|soybean,0,-1.099732448955553
2,Argentina_DUP1_farm52_field697_soybean_2022,Argentina,soybean,Argentina|soybean,1358.4512939453125,4.865903377532959,4.049986405279172,3.512830210273916,2.4290585041046144,Argentina|soybean,0,-1.6209279011745572
2,Argentina_DUP1_farm52_field706_soybean_2022,Argentina,soybean,Argentina|soybean,1358.4512939453125,5.757415771484375,4.114671558928377,3.512830210273916,2.4290585041046144,Argentina|soybean,0,-1.6856130548237624
2,Argentina_DUP1_farm52_field714_soybean_2021,Argentina,soybean,Argentina|soybean,1358.4512939453125,2.7373156547546387,3.309215208526388,3.512830210273916,2.4290585041046144,Argentina|soybean,0,-0.8801567044217737
2,Argentina_DUP1_farm52_field717_soybean_2021,Argentina,soybean,Argentina|soybean,1358.4512939453125,4.156802654266357,4.274505155076939,3.512830210273916,2.4290585041046144,Argentina|soybean,0,-1.8454466509723249
2,Argentina_DUP1_farm52_field727_soybean_2021,Argentina,soybean,Argentina|soybean,1358.4512939453125,3.8810455799102783,4.007267335911007,3.512830210273916,2.4290585041046144,Argentina|soybean,0,-1.5782088318063927
2,Argentina_DUP1_farm54_field733_wheat_2020,Argentina,wheat,Argentina|wheat,812.3735961914062,2.2495839595794678,2.4404141175373373,4.135075228041913,2.029330730438233,Argentina|wheat,0,-0.4110833870991044
2,Argentina_DUP1_farm54_field735_soybean_2021,Argentina,soybean,Argentina|soybean,1358.4512939453125,0.7536706924438477,3.25180373163355,3.512830210273916,2.4290585041046144,Argentina|soybean,1,-0.8227452275289355
2,Argentina_DUP1_farm54_field739_soybean_2018,Argentina,soybean,Argentina|soybean,1358.4512939453125,3.4476916790008545,3.5691779732179154,3.512830210273916,2.4290585041046144,Argentina|soybean,0,-1.140119469113301
2,Argentina_DUP1_farm54_field743_soybean_2020,Argentina,soybean,Argentina|soybean,1358.4512939453125,4.636996269226074,4.1267693101661,3.512830210273916,2.4290585041046144,Argentina|soybean,0,-1.6977108060614858
2,Argentina_DUP1_farm55_field747_corn_2023,Argentina,corn,Argentina|corn,1323.393798828125,6.004730701446533,7.234605196284315,8.691955015063286,6.163111209869385,Argentina|corn,1,-1.0714939864149304
2,Argentina_DUP1_farm56_field750_soybean_2023,Argentina,soybean,Argentina|soybean,1358.4512939453125,1.5359516143798828,2.3659540046993195,3.512830210273916,2.4290585041046144,Argentina|soybean,1,0.06310449940529494
2,Argentina_DUP1_farm5_field64_soybean_2024,Argentina,soybean,Argentina|soybean,1358.4512939453125,2.95475435256958,3.767621478514642,3.512830210273916,2.4290585041046144,Argentina|soybean,0,-1.3385629744100274
2,Argentina_DUP1_farm5_field65_corn_2024,Argentina,corn,Argentina|corn,1323.393798828125,11.944779396057129,10.493761396035051,8.691955015063286,6.163111209869385,Argentina|corn,0,-4.330650186165666
2,Argentina_DUP1_farm6_field78_soybean_2023,Argentina,soybean,Argentina|soybean,1358.4512939453125,1.835261583328247,2.3241747013343406,3.512830210273916,2.4290585041046144,Argentina|soybean,1,0.10488380277027387
2,Argentina_DUP1_farm7_field86_soybean_2024,Argentina,soybean,Argentina|soybean,1358.4512939453125,2.7664196491241455,4.329414371086142,3.512830210273916,2.4290585041046144,Argentina|soybean,0,-1.9003558669815277
2,Argentina_DUP1_farm9_field94_corn_2024,Argentina,corn,Argentina|corn,1323.393798828125,9.31701374053955,10.189484442505695,8.691955015063286,6.163111209869385,Argentina|corn,0,-4.02637323263631
2,Brazil_DUP2_farm2_field15_wheat_2017,Brazil,wheat,Brazil|wheat,812.3735961914062,3.5504167079925537,3.6417948012286865,3.7483099491224374,3.056740236282349,Brazil|wheat,0,-0.5850545649463377
2,Brazil_DUP2_farm2_field18_soybean_2019,Brazil,soybean,Brazil|soybean,1358.4512939453125,3.74405837059021,3.837226618002798,4.141856733015028,3.656761693954468,Brazil|soybean,0,-0.18046492404833003
2,Brazil_DUP2_farm2_field25_corn_2019,Brazil,corn,Brazil|corn,1323.393798828125,7.2953948974609375,6.766685922791192,6.680697711308797,4.840037059783936,Brazil|corn,0,-1.926648863007256
2,Brazil_DUP2_farm2_field36_soybean_2022,Brazil,soybean,Brazil|soybean,1358.4512939453125,4.307104110717773,4.065892971929874,4.141856733015028,3.656761693954468,Brazil|soybean,0,-0.40913127797540616
2,Brazil_DUP2_farm2_field38_soybean_2020,Brazil,soybean,Brazil|soybean,1358.4512939453125,4.140893936157227,4.3268036148254545,4.141856733015028,3.656761693954468,Brazil|soybean,0,-0.6700419208709865
2,Brazil_DUP2_farm2_field41_soybean_2019,Brazil,soybean,Brazil|soybean,1358.4512939453125,3.871553659439087,3.9129031506602816,4.141856733015028,3.656761693954468,Brazil|soybean,0,-0.25614145670581356
2,Brazil_DUP2_farm2_field44_wheat_2020,Brazil,wheat,Brazil|wheat,812.3735961914062,4.408825397491455,4.055453060941245,3.7483099491224374,3.056740236282349,Brazil|wheat,0,-0.9987128246588961
2,Brazil_DUP2_farm2_field46_corn_2023,Brazil,corn,Brazil|corn,1323.393798828125,8.691034317016602,7.537938749083378,6.680697711308797,4.840037059783936,Brazil|corn,0,-2.6979016892994423
2,Brazil_DUP2_farm2_field50_soybean_2024,Brazil,soybean,Brazil|soybean,1358.4512939453125,3.9796488285064697,4.051919325369681,4.141856733015028,3.656761693954468,Brazil|soybean,0,-0.3951576314152132
2,Brazil_DUP2_farm4_field113_soybean_2023,Brazil,soybean,Brazil|soybean,1358.4512939453125,4.134476661682129,4.233704451960486,4.141856733015028,3.656761693954468,Brazil|soybean,0,-0.5769427580060182
2,Brazil_DUP2_farm4_field129_corn_2024,Brazil,corn,Brazil|corn,1323.393798828125,4.312436580657959,6.552028730663349,6.680697711308797,4.840037059783936,Brazil|corn,1,-1.7119916708794136
2,Brazil_DUP2_farm4_field134_corn_2018,Brazil,corn,Brazil|corn,1323.393798828125,7.684322834014893,7.3123063724062884,6.680697711308797,4.840037059783936,Brazil|corn,0,-2.4722693126223527
2,Brazil_DUP2_farm4_field67_soybean_2020,Brazil,soybean,Brazil|soybean,1358.4512939453125,4.458172798156738,4.137561698328008,4.141856733015028,3.656761693954468,Brazil|soybean,0,-0.48080000437353965
2,Brazil_DUP2_farm4_field83_wheat_2020,Brazil,wheat,Brazil|wheat,812.3735961914062,3.2220044136047363,3.4979862337967935,3.7483099491224374,3.056740236282349,Brazil|wheat,0,-0.4412459975144447
2,Brazil_DUP2_farm4_field88_soybean_2019,Brazil,soybean,Brazil|soybean,1358.4512939453125,2.7837440967559814,3.5978260810473475,4.141856733015028,3.656761693954468,Brazil|soybean,1,0.05893561290712057
2,Brazil_DUP2_farm4_field95_soybean_2019,Brazil,soybean,Brazil|soybean,1358.4512939453125,2.6613800525665283,3.768140294569404,4.141856733015028,3.656761693954468,Brazil|soybean,1,-0.11137860061493576
2,Brazil_DUP2_farm5_field146_corn_2023,Brazil,corn,Brazil|corn,1323.393798828125,7.280275821685791,6.653688280201773,6.680697711308797,4.840037059783936,Brazil|corn,0,-1.813651220417837
2,Brazil_DUP2_farm5_field153_soybean_2018,Brazil,soybean,Brazil|soybean,1358.4512939453125,4.145542144775391,4.195123433729547,4.141856733015028,3.656761693954468,Brazil|soybean,0,-0.5383617397750791
2,Brazil_DUP2_farm5_field156_corn_2023,Brazil,corn,Brazil|corn,1323.393798828125,5.96615743637085,6.337903986323807,6.680697711308797,4.840037059783936,Brazil|corn,0,-1.4978669265398716
2,Brazil_DUP2_farm5_field164_wheat_2018,Brazil,wheat,Brazil|wheat,812.3735961914062,5.133892059326172,4.288169072788234,3.7483099491224374,3.056740236282349,Brazil|wheat,0,-1.2314288365058852
2,Brazil_DUP2_farm5_field167_wheat_2019,Brazil,wheat,Brazil|wheat,812.3735961914062,3.5153419971466064,4.023000235509065,3.7483099491224374,3.056740236282349,Brazil|wheat,0,-0.9662599992267165
2,Brazil_DUP2_farm5_field178_wheat_2021,Brazil,wheat,Brazil|wheat,812.3735961914062,4.578473091125488,4.625580936446617,3.7483099491224374,3.056740236282349,Brazil|wheat,0,-1.5688407001642686
2,Brazil_DUP2_farm5_field185_soybean_2021,Brazil,soybean,Brazil|soybean,1358.4512939453125,3.7659876346588135,4.151281959198885,4.141856733015028,3.656761693954468,Brazil|soybean,0,-0.4945202652444167
2,Brazil_DUP2_farm5_field191_soybean_2024,Brazil,soybean,Brazil|soybean,1358.4512939453125,3.446136713027954,3.6447210223518596,4.141856733015028,3.656761693954468,Brazil|soybean,1,0.012040671602608466
2,Brazil_DUP2_farm5_field195_corn_2019,Brazil,corn,Brazil|corn,1323.393798828125,7.561824798583984,6.635090393041868,6.680697711308797,4.840037059783936,Brazil|corn,0,-1.7950533332579326
2,Brazil_DUP2_farm5_field218_soybean_2018,Brazil,soybean,Brazil|soybean,1358.4512939453125,4.720359802246094,4.0885885306325385,4.141856733015028,3.656761693954468,Brazil|soybean,0,-0.4318268366780704
2,Brazil_DUP2_farm5_field234_soybean_2022,Brazil,soybean,Brazil|soybean,1358.4512939453125,3.153770923614502,3.2270215675472134,4.141856733015028,3.656761693954468,Brazil|soybean,1,0.4297401264072547
2,Brazil_DUP2_farm5_field238_soybean_2021,Brazil,soybean,Brazil|soybean,1358.4512939453125,4.45763635635376,4.350595932787257,4.141856733015028,3.656761693954468,Brazil|soybean,0,-0.6938342388327894
2,Brazil_DUP2_farm5_field273_corn_2020,Brazil,corn,Brazil|corn,1323.393798828125,9.866704940795898,6.747827251594211,6.680697711308797,4.840037059783936,Brazil|corn,0,-1.9077901918102755
2,Brazil_DUP2_farm5_field277_wheat_2018,Brazil,wheat,Brazil|wheat,812.3735961914062,4.971075057983398,3.616114917342218,3.7483099491224374,3.056740236282349,Brazil|wheat,0,-0.559374681059869
2,Brazil_DUP2_farm5_field281_soybean_2024,Brazil,soybean,Brazil|soybean,1358.4512939453125,3.672234058380127,3.795564170580279,4.141856733015028,3.656761693954468,Brazil|soybean,0,-0.1388024766258109
2,Brazil_DUP2_farm6_field293_wheat_2021,Brazil,wheat,Brazil|wheat,812.3735961914062,5.280581951141357,4.74329617924218,3.7483099491224374,3.056740236282349,Brazil|wheat,0,-1.6865559429598314
2,Brazil_DUP2_farm6_field301_wheat_2021,Brazil,wheat,Brazil|wheat,812.3735961914062,4.109171390533447,4.499608498841034,3.7483099491224374,3.056740236282349,Brazil|wheat,0,-1.4428682625586848
2,Brazil_DUP2_farm6_field302_soybean_2018,Brazil,soybean,Brazil|soybean,1358.4512939453125,4.501225471496582,4.355816417293203,4.141856733015028,3.656761693954468,Brazil|soybean,0,-0.6990547233387345
2,Brazil_DUP2_farm6_field305_soybean_2023,Brazil,soybean,Brazil|soybean,1358.4512939453125,3.9402313232421875,4.475424724118482,4.141856733015028,3.656761693954468,Brazil|soybean,0,-0.8186630301640139
2,Brazil_DUP2_farm6_field317_soybean_2018,Brazil,soybean,Brazil|soybean,1358.4512939453125,4.2405924797058105,4.124418212974586,4.141856733015028,3.656761693954468,Brazil|soybean,0,-0.46765651902011784
2,Brazil_DUP2_farm6_field319_corn_2024,Brazil,corn,Brazil|corn,1323.393798828125,5.417327880859375,6.404120437127106,6.680697711308797,4.840037059783936,Brazil|corn,0,-1.5640833773431702
2,Brazil_DUP2_farm6_field325_wheat_2018,Brazil,wheat,Brazil|wheat,812.3735961914062,2.8940229415893555,2.925878330481915,3.7483099491224374,3.056740236282349,Brazil|wheat,1,0.13086190580043366
2,Brazil_DUP2_farm6_field331_wheat_2019,Brazil,wheat,Brazil|wheat,812.3735961914062,4.073089122772217,3.476993423800843,3.7483099491224374,3.056740236282349,Brazil|wheat,0,-0.4202531875184943
2,Brazil_DUP2_farm6_field332_soybean_2020,Brazil,soybean,Brazil|soybean,1358.4512939453125,4.528463840484619,4.186660102125866,4.141856733015028,3.656761693954468,Brazil|soybean,0,-0.5298984081713978
2,Brazil_DUP2_farm6_field334_soybean_2020,Brazil,soybean,Brazil|soybean,1358.4512939453125,3.682724714279175,3.9529997470148013,4.141856733015028,3.656761693954468,Brazil|soybean,0,-0.29623805306033324
2,Brazil_DUP2_farm6_field336_soybean_2018,Brazil,soybean,Brazil|soybean,1358.4512939453125,4.660524845123291,4.318858097355626,4.141856733015028,3.656761693954468,Brazil|soybean,0,-0.6620964034011583
2,Brazil_DUP2_farm6_field343_soybean_2017,Brazil,soybean,Brazil|soybean,1358.4512939453125,5.014899730682373,4.2660676478399395,4.141856733015028,3.656761693954468,Brazil|soybean,0,-0.6093059538854715
2,Brazil_DUP2_farm6_field347_corn_2019,Brazil,corn,Brazil|corn,1323.393798828125,6.527939319610596,7.277076364174608,6.680697711308797,4.840037059783936,Brazil|corn,0,-2.437039304390672
2,Brazil_DUP2_farm6_field354_soybean_2022,Brazil,soybean,Brazil|soybean,1358.4512939453125,4.1620683670043945,4.415670389900205,4.141856733015028,3.656761693954468,Brazil|soybean,0,-0.758908695945737
2,Brazil_DUP2_farm6_field358_corn_2024,Brazil,corn,Brazil|corn,1323.393798828125,7.944735050201416,6.710430176632227,6.680697711308797,4.840037059783936,Brazil|corn,0,-1.870393116848291
2,Brazil_DUP2_farm6_field361_soybean_2021,Brazil,soybean,Brazil|soybean,1358.4512939453125,4.1926679611206055,4.268477009950639,4.141856733015028,3.656761693954468,Brazil|soybean,0,-0.6117153159961712
2,Brazil_DUP2_farm6_field371_soybean_2023,Brazil,soybean,Brazil|soybean,1358.4512939453125,3.2868411540985107,3.9917795142299637,4.141856733015028,3.656761693954468,Brazil|soybean,1,-0.33501782027549565
2,Brazil_DUP2_farm6_field372_corn_2020,Brazil,corn,Brazil|corn,1323.393798828125,10.143900871276855,8.016555773388529,6.680697711308797,4.840037059783936,Brazil|corn,0,-3.176518713604593
2,Brazil_DUP2_farm6_field373_corn_2019,Brazil,corn,Brazil|corn,1323.393798828125,7.1012959480285645,6.141228329937401,6.680697711308797,4.840037059783936,Brazil|corn,0,-1.3011912701534651
2,Brazil_DUP2_farm6_field377_soybean_2021,Brazil,soybean,Brazil|soybean,1358.4512939453125,4.079043388366699,4.123354549451531,4.141856733015028,3.656761693954468,Brazil|soybean,0,-0.4665928554970633
2,Brazil_DUP2_farm6_field382_wheat_2019,Brazil,wheat,Brazil|wheat,812.3735961914062,3.7733302116394043,3.792408128068518,3.7483099491224374,3.056740236282349,Brazil|wheat,0,-0.7356678917861692
2,Brazil_DUP2_farm6_field385_soybean_2023,Brazil,soybean,Brazil|soybean,1358.4512939453125,4.831797122955322,4.156578668377803,4.141856733015028,3.656761693954468,Brazil|soybean,0,-0.4998169744233354
2,Brazil_DUP2_farm6_field390_wheat_2022,Brazil,wheat,Brazil|wheat,812.3735961914062,3.507200241088867,3.670225807182997,3.7483099491224374,3.056740236282349,Brazil|wheat,0,-0.6134855709006484
2,Brazil_DUP2_farm6_field402_corn_2020,Brazil,corn,Brazil|corn,1323.393798828125,5.578191757202148,7.827229407705708,6.680697711308797,4.840037059783936,Brazil|corn,0,-2.9871923479217726
2,Brazil_DUP2_farm6_field405_wheat_2018,Brazil,wheat,Brazil|wheat,812.3735961914062,5.12394380569458,4.051716455924221,3.7483099491224374,3.056740236282349,Brazil|wheat,0,-0.9949762196418721
2,Brazil_DUP2_farm6_field408_corn_2019,Brazil,corn,Brazil|corn,1323.393798828125,6.854948043823242,6.195232058642072,6.680697711308797,4.840037059783936,Brazil|corn,0,-1.3551949988581367
2,Brazil_DUP2_farm6_field413_soybean_2018,Brazil,soybean,Brazil|soybean,1358.4512939453125,4.2945685386657715,4.178023924746232,4.141856733015028,3.656761693954468,Brazil|soybean,0,-0.521262230791764
2,Brazil_DUP2_farm6_field416_corn_2023,Brazil,corn,Brazil|corn,1323.393798828125,2.661848783493042,4.516651632895328,6.680697711308797,4.840037059783936,Brazil|corn,1,0.32338542688860805
2,Brazil_DUP2_farm6_field419_soybean_2021,Brazil,soybean,Brazil|soybean,1358.4512939453125,4.081830978393555,4.036303184980884,4.141856733015028,3.656761693954468,Brazil|soybean,0,-0.3795414910264161
2,Brazil_DUP2_farm6_field424_soybean_2021,Brazil,soybean,Brazil|soybean,1358.4512939453125,4.107974052429199,4.203784274359563,4.141856733015028,3.656761693954468,Brazil|soybean,0,-0.5470225804050952
2,Brazil_DUP2_farm6_field442_corn_2020,Brazil,corn,Brazil|corn,1323.393798828125,5.412701606750488,6.283976894789163,6.680697711308797,4.840037059783936,Brazil|corn,0,-1.443939835005227
2,Brazil_DUP2_farm6_field457_soybean_2018,Brazil,soybean,Brazil|soybean,1358.4512939453125,4.795234680175781,4.3284091327102,4.141856733015028,3.656761693954468,Brazil|soybean,0,-0.6716474387557319
2,Brazil_DUP2_farm6_field458_corn_2024,Brazil,corn,Brazil|corn,1323.393798828125,6.387229919433594,6.470556458344656,6.680697711308797,4.840037059783936,Brazil|corn,0,-1.63051939856072
2,Brazil_DUP2_farm6_field460_wheat_2022,Brazil,wheat,Brazil|wheat,812.3735961914062,3.684356212615967,3.9080230460816288,3.7483099491224374,3.056740236282349,Brazil|wheat,0,-0.85128280979928
2,Brazil_DUP2_farm6_field472_soybean_2021,Brazil,soybean,Brazil|soybean,1358.4512939453125,3.885075092315674,4.1941141215758675,4.141856733015028,3.656761693954468,Brazil|soybean,0,-0.5373524276213995
2,Brazil_DUP2_farm7_field479_soybean_2018,Brazil,soybean,Brazil|soybean,1358.4512939453125,2.7960479259490967,4.01158434354652,4.141856733015028,3.656761693954468,Brazil|soybean,1,-0.3548226495920521
2,Brazil_DUP2_farm7_field482_soybean_2019,Brazil,soybean,Brazil|soybean,1358.4512939453125,2.4720380306243896,3.9453665607181962,4.141856733015028,3.656761693954468,Brazil|soybean,1,-0.2886048667637282
2,Brazil_DUP2_farm7_field484_soybean_2017,Brazil,soybean,Brazil|soybean,1358.4512939453125,3.841712236404419,3.886092519210622,4.141856733015028,3.656761693954468,Brazil|soybean,0,-0.2293308252561541
2,Brazil_DUP2_farm7_field486_soybean_2019,Brazil,soybean,Brazil|soybean,1358.4512939453125,2.5930209159851074,3.938227984229961,4.141856733015028,3.656761693954468,Brazil|soybean,1,-0.28146629027549297
2,Brazil_DUP2_farm7_field487_soybean_2019,Brazil,soybean,Brazil|soybean,1358.4512939453125,2.331937789916992,3.8760004059237008,4.141856733015028,3.656761693954468,Brazil|soybean,1,-0.21923871196923272
2,Brazil_DUP2_farm9_field502_soybean_2022,Brazil,soybean,Brazil|soybean,1358.4512939453125,4.081422328948975,4.1700759360521795,4.141856733015028,3.656761693954468,Brazil|soybean,0,-0.5133142420977115
2,Brazil_DUP2_farm9_field510_wheat_2020,Brazil,wheat,Brazil|wheat,812.3735961914062,3.1211400032043457,3.499944100584781,3.7483099491224374,3.056740236282349,Brazil|wheat,0,-0.4432038643024323
2,Brazil_DUP2_farm9_field514_soybean_2018,Brazil,soybean,Brazil|soybean,1358.4512939453125,4.365799427032471,4.06571318809594,4.141856733015028,3.656761693954468,Brazil|soybean,0,-0.40895149414147225
2,Brazil_DUP2_farm9_field519_corn_2023,Brazil,corn,Brazil|corn,1323.393798828125,7.775006294250488,7.678454709700041,6.680697711308797,4.840037059783936,Brazil|corn,0,-2.8384176499161056
2,Brazil_DUP2_farm9_field528_wheat_2023,Brazil,wheat,Brazil|wheat,812.3735961914062,2.8958580493927,3.3931799702452654,3.7483099491224374,3.056740236282349,Brazil|wheat,1,-0.3364397339629166
2,Brazil_DUP2_farm9_field545_soybean_2019,Brazil,soybean,Brazil|soybean,1358.4512939453125,3.7210769653320312,3.661737186253789,4.141856733015028,3.656761693954468,Brazil|soybean,0,-0.004975492299320816
2,Germany_DUP3_farm1_field10_wheat_2016,Germany,wheat,Germany|wheat,812.3735961914062,9.957723617553711,9.461292828458445,9.758280831796151,8.544622993469238,Germany|wheat,0,-0.9166698349892073
2,Germany_DUP3_farm1_field22_rapeseed_2016,Germany,rapeseed,Germany|rapeseed,885.4637451171875,5.980362415313721,4.661399138402643,4.479201480962228,3.4644815921783447,Germany|rapeseed,0,-1.1969175462242987
2,Germany_DUP3_farm1_field24_rapeseed_2017,Germany,rapeseed,Germany|rapeseed,885.4637451171875,6.159890174865723,4.831517597402135,4.479201480962228,3.4644815921783447,Germany|rapeseed,0,-1.36703600522379
2,Germany_DUP3_farm1_field2_wheat_2016,Germany,wheat,Germany|wheat,812.3735961914062,11.239669799804688,9.12003408295642,9.758280831796151,8.544622993469238,Germany|wheat,0,-0.5754110894871829
2,Germany_DUP3_farm1_field30_wheat_2017,Germany,wheat,Germany|wheat,812.3735961914062,11.840201377868652,10.522833825521198,9.758280831796151,8.544622993469238,Germany|wheat,0,-1.9782108320519605
2,Germany_DUP3_farm1_field33_wheat_2016,Germany,wheat,Germany|wheat,812.3735961914062,8.857559204101562,10.29083149228364,9.758280831796151,8.544622993469238,Germany|wheat,0,-1.7462084988144024
2,Germany_DUP3_farm1_field34_wheat_2017,Germany,wheat,Germany|wheat,812.3735961914062,14.349177360534668,9.925046459183934,9.758280831796151,8.544622993469238,Germany|wheat,0,-1.3804234657146957
2,Germany_DUP3_farm1_field36_wheat_2017,Germany,wheat,Germany|wheat,812.3735961914062,13.383131980895996,10.333740668212991,9.758280831796151,8.544622993469238,Germany|wheat,0,-1.7891176747437534
2,Germany_DUP3_farm1_field39_wheat_2019,Germany,wheat,Germany|wheat,812.3735961914062,8.287920951843262,9.07236476373985,9.758280831796151,8.544622993469238,Germany|wheat,1,-0.5277417702706124
2,Germany_DUP3_farm1_field42_wheat_2019,Germany,wheat,Germany|wheat,812.3735961914062,10.541364669799805,10.676663441236359,9.758280831796151,8.544622993469238,Germany|wheat,0,-2.132040447767121
2,Germany_DUP3_farm1_field43_wheat_2016,Germany,wheat,Germany|wheat,812.3735961914062,12.243258476257324,9.348020589001804,9.758280831796151,8.544622993469238,Germany|wheat,0,-0.8033975955325658
2,Germany_DUP3_farm1_field46_wheat_2019,Germany,wheat,Germany|wheat,812.3735961914062,9.841507911682129,10.589924603596824,9.758280831796151,8.544622993469238,Germany|wheat,0,-2.045301610127586
2,Germany_DUP3_farm1_field4_rapeseed_2016,Germany,rapeseed,Germany|rapeseed,885.4637451171875,4.564465522766113,4.316397720323628,4.479201480962228,3.4644815921783447,Germany|rapeseed,0,-0.851916128145283
2,Germany_DUP3_farm1_field61_wheat_2019,Germany,wheat,Germany|wheat,812.3735961914062,8.98876953125,9.92759161116236,9.758280831796151,8.544622993469238,Germany|wheat,0,-1.3829686176931215
2,Germany_DUP3_farm1_field62_wheat_2019,Germany,wheat,Germany|wheat,812.3735961914062,8.745471000671387,9.777306001102808,9.758280831796151,8.544622993469238,Germany|wheat,0,-1.23268300763357
2,Germany_DUP3_farm1_field8_rapeseed_2016,Germany,rapeseed,Germany|rapeseed,885.4637451171875,4.611868858337402,4.224169516272777,4.479201480962228,3.4644815921783447,Germany|rapeseed,0,-0.7596879240944325
2,Germany_DUP3_farm2_field129_wheat_2021,Germany,wheat,Germany|wheat,812.3735961914062,9.400776863098145,9.402510945546936,9.758280831796151,8.544622993469238,Germany|wheat,0,-0.8578879520776983
2,Germany_DUP3_farm2_field143_wheat_2016,Germany,wheat,Germany|wheat,812.3735961914062,13.214431762695312,9.590345449697578,9.758280831796151,8.544622993469238,Germany|wheat,0,-1.04572245622834
2,Germany_DUP3_farm2_field146_rapeseed_2021,Germany,rapeseed,Germany|rapeseed,885.4637451171875,5.823606967926025,4.733898094358025,4.479201480962228,3.4644815921783447,Germany|rapeseed,0,-1.2694165021796806
2,Germany_DUP3_farm2_field158_wheat_2018,Germany,wheat,Germany|wheat,812.3735961914062,7.912439823150635,10.081250057716101,9.758280831796151,8.544622993469238,Germany|wheat,1,-1.5366270642468631
2,Germany_DUP3_farm2_field165_wheat_2019,Germany,wheat,Germany|wheat,812.3735961914062,9.81688117980957,9.866809945912742,9.758280831796151,8.544622993469238,Germany|wheat,0,-1.322186952443504
2,Germany_DUP3_farm2_field166_wheat_2020,Germany,wheat,Germany|wheat,812.3735961914062,10.155292510986328,9.610775389168136,9.758280831796151,8.544622993469238,Germany|wheat,0,-1.0661523956988983
2,Germany_DUP3_farm2_field173_rapeseed_2020,Germany,rapeseed,Germany|rapeseed,885.4637451171875,6.68973970413208,5.958920861270048,4.479201480962228,3.4644815921783447,Germany|rapeseed,0,-2.4944392690917034
2,Germany_DUP3_farm2_field175_wheat_2021,Germany,wheat,Germany|wheat,812.3735961914062,8.070727348327637,8.86683397339296,9.758280831796151,8.544622993469238,Germany|wheat,1,-0.3222109799237227
2,Germany_DUP3_farm2_field181_wheat_2017,Germany,wheat,Germany|wheat,812.3735961914062,8.252382278442383,9.732193036731653,9.758280831796151,8.544622993469238,Germany|wheat,1,-1.187570043262415
2,Germany_DUP3_farm2_field187_wheat_2017,Germany,wheat,Germany|wheat,812.3735961914062,10.516670227050781,10.371338433265198,9.758280831796151,8.544622993469238,Germany|wheat,0,-1.8267154397959597
2,Germany_DUP3_farm2_field188_wheat_2017,Germany,wheat,Germany|wheat,812.3735961914062,10.036564826965332,10.279609716837777,9.758280831796151,8.544622993469238,Germany|wheat,0,-1.7349867233685394
2,Germany_DUP3_farm2_field199_rapeseed_2022,Germany,rapeseed,Germany|rapeseed,885.4637451171875,4.540452480316162,4.866289975521855,4.479201480962228,3.4644815921783447,Germany|rapeseed,0,-1.4018083833435107
2,Germany_DUP3_farm2_field204_wheat_2022,Germany,wheat,Germany|wheat,812.3735961914062,9.003789901733398,9.475581809538104,9.758280831796151,8.544622993469238,Germany|wheat,0,-0.9309588160688662
2,Germany_DUP3_farm2_field212_wheat_2022,Germany,wheat,Germany|wheat,812.3735961914062,7.30798864364624,9.844241825368966,9.758280831796151,8.544622993469238,Germany|wheat,1,-1.2996188318997284
2,Germany_DUP3_farm2_field77_wheat_2021,Germany,wheat,Germany|wheat,812.3735961914062,8.754390716552734,9.723879909546918,9.758280831796151,8.544622993469238,Germany|wheat,0,-1.17925691607768
2,Germany_DUP3_farm3_field227_wheat_2019,Germany,wheat,Germany|wheat,812.3735961914062,4.91508674621582,8.799986038550687,9.758280831796151,8.544622993469238,Germany|wheat,1,-0.2553630450814488
2,Germany_DUP3_farm3_field230_rapeseed_2020,Germany,rapeseed,Germany|rapeseed,885.4637451171875,3.5180726051330566,4.216769713027639,4.479201480962228,3.4644815921783447,Germany|rapeseed,0,-0.7522881208492942
2,Germany_DUP3_farm3_field236_rapeseed_2017,Germany,rapeseed,Germany|rapeseed,885.4637451171875,2.8401525020599365,4.483240588717956,4.479201480962228,3.4644815921783447,Germany|rapeseed,1,-1.0187589965396109
2,Germany_DUP3_farm3_field240_rapeseed_2018,Germany,rapeseed,Germany|rapeseed,885.4637451171875,3.135594606399536,3.8794446284225454,4.479201480962228,3.4644815921783447,Germany|rapeseed,1,-0.4149630362442007
2,Germany_DUP3_farm4_field244_wheat_2019,Germany,wheat,Germany|wheat,812.3735961914062,7.964092254638672,9.859053959146657,9.758280831796151,8.544622993469238,Germany|wheat,1,-1.3144309656774187
2,Germany_DUP3_farm4_field252_wheat_2020,Germany,wheat,Germany|wheat,812.3735961914062,8.948681831359863,10.368959583935586,9.758280831796151,8.544622993469238,Germany|wheat,0,-1.8243365904663484
2,Germany_DUP3_farm4_field254_rapeseed_2016,Germany,rapeseed,Germany|rapeseed,885.4637451171875,4.692387580871582,4.209147575285662,4.479201480962228,3.4644815921783447,Germany|rapeseed,0,-0.7446659831073177
2,Germany_DUP3_farm4_field256_rapeseed_2017,Germany,rapeseed,Germany|rapeseed,885.4637451171875,2.44274640083313,4.353605025633984,4.479201480962228,3.4644815921783447,Germany|rapeseed,1,-0.889123433455639
2,Germany_DUP3_farm4_field259_rapeseed_2017,Germany,rapeseed,Germany|rapeseed,885.4637451171875,4.868704795837402,4.288070756588369,4.479201480962228,3.4644815921783447,Germany|rapeseed,0,-0.8235891644100244
2,Germany_DUP3_farm5_field268_wheat_2017,Germany,wheat,Germany|wheat,812.3735961914062,10.005956649780273,8.833243250130286,9.758280831796151,8.544622993469238,Germany|wheat,0,-0.28862025666104785
2,Germany_DUP3_farm5_field271_rapeseed_2017,Germany,rapeseed,Germany|rapeseed,885.4637451171875,1.0973284244537354,4.1351910900875835,4.479201480962228,3.4644815921783447,Germany|rapeseed,1,-0.6707094979092387
2,Germany_DUP3_farm6_field284_rapeseed_2020,Germany,rapeseed,Germany|rapeseed,885.4637451171875,3.4589855670928955,3.8742757950842366,4.479201480962228,3.4644815921783447,Germany|rapeseed,1,-0.40979420290589186
2,Uruguay_DUP4_farm10_field309_soybean_2019,Uruguay,soybean,Uruguay|soybean,1358.4512939453125,3.8736040592193604,3.6798504245936576,2.4098708967710363,1.3531898975372314,Uruguay|soybean,0,-2.3266605270564265
2,Uruguay_DUP4_farm10_field319_soybean_2019,Uruguay,soybean,Uruguay|soybean,1358.4512939453125,4.398415565490723,3.873716964023244,2.4098708967710363,1.3531898975372314,Uruguay|soybean,0,-2.5205270664860127
2,Uruguay_DUP4_farm10_field329_soybean_2020,Uruguay,soybean,Uruguay|soybean,1358.4512939453125,2.9296987056732178,2.227191529490716,2.4098708967710363,1.3531898975372314,Uruguay|soybean,0,-0.8740016319534847
2,Uruguay_DUP4_farm10_field333_soybean_2021,Uruguay,soybean,Uruguay|soybean,1358.4512939453125,2.409923791885376,2.1920891818569768,2.4098708967710363,1.3531898975372314,Uruguay|soybean,0,-0.8388992843197454
2,Uruguay_DUP4_farm10_field350_soybean_2021,Uruguay,soybean,Uruguay|soybean,1358.4512939453125,1.7333228588104248,1.9513345407716014,2.4098708967710363,1.3531898975372314,Uruguay|soybean,0,-0.59814464323437
2,Uruguay_DUP4_farm10_field358_soybean_2021,Uruguay,soybean,Uruguay|soybean,1358.4512939453125,2.3653085231781006,2.1399991364076505,2.4098708967710363,1.3531898975372314,Uruguay|soybean,0,-0.7868092388704191
2,Uruguay_DUP4_farm10_field369_soybean_2018,Uruguay,soybean,Uruguay|soybean,1358.4512939453125,1.1631176471710205,1.4799789975726572,2.4098708967710363,1.3531898975372314,Uruguay|soybean,1,-0.12678910003542576
2,Uruguay_DUP4_farm10_field372_soybean_2018,Uruguay,soybean,Uruguay|soybean,1358.4512939453125,0.8646675944328308,1.3887357505326052,2.4098708967710363,1.3531898975372314,Uruguay|soybean,1,-0.03554585299537383
2,Uruguay_DUP4_farm10_field390_soybean_2018,Uruguay,soybean,Uruguay|soybean,1358.4512939453125,3.5092477798461914,1.7075534809493553,2.4098708967710363,1.3531898975372314,Uruguay|soybean,0,-0.35436358341212393
2,Uruguay_DUP4_farm10_field394_soybean_2018,Uruguay,soybean,Uruguay|soybean,1358.4512939453125,1.339213252067566,1.4415598978564559,2.4098708967710363,1.3531898975372314,Uruguay|soybean,1,-0.08837000031922448
2,Uruguay_DUP4_farm10_field399_soybean_2018,Uruguay,soybean,Uruguay|soybean,1358.4512939453125,1.3458727598190308,1.4515137312371302,2.4098708967710363,1.3531898975372314,Uruguay|soybean,1,-0.09832383369989883
2,Uruguay_DUP4_farm10_field408_soybean_2018,Uruguay,soybean,Uruguay|soybean,1358.4512939453125,1.6810129880905151,1.3570364334753817,2.4098708967710363,1.3531898975372314,Uruguay|soybean,0,-0.0038465359381503195
2,Uruguay_DUP4_farm10_field409_soybean_2018,Uruguay,soybean,Uruguay|soybean,1358.4512939453125,1.8256875276565552,1.3122285769560973,2.4098708967710363,1.3531898975372314,Uruguay|soybean,0,0.04096132058113411
2,Uruguay_DUP4_farm10_field418_soybean_2018,Uruguay,soybean,Uruguay|soybean,1358.4512939453125,1.3720719814300537,1.4392317470074798,2.4098708967710363,1.3531898975372314,Uruguay|soybean,0,-0.0860418494702484
2,Uruguay_DUP4_farm10_field419_soybean_2018,Uruguay,soybean,Uruguay|soybean,1358.4512939453125,1.1247838735580444,1.6324637270797515,2.4098708967710363,1.3531898975372314,Uruguay|soybean,1,-0.2792738295425201
2,Uruguay_DUP4_farm10_field421_soybean_2018,Uruguay,soybean,Uruguay|soybean,1358.4512939453125,1.3511348962783813,1.6157028877034825,2.4098708967710363,1.3531898975372314,Uruguay|soybean,1,-0.26251299016625107
2,Uruguay_DUP4_farm10_field425_soybean_2018,Uruguay,soybean,Uruguay|soybean,1358.4512939453125,0.7332263588905334,1.39409995986935,2.4098708967710363,1.3531898975372314,Uruguay|soybean,1,-0.04091006233211858
2,Uruguay_DUP4_farm10_field430_soybean_2018,Uruguay,soybean,Uruguay|soybean,1358.4512939453125,1.473268985748291,1.4899735064361324,2.4098708967710363,1.3531898975372314,Uruguay|soybean,0,-0.13678360889890095
2,Uruguay_DUP4_farm10_field437_soybean_2018,Uruguay,soybean,Uruguay|soybean,1358.4512939453125,3.446382761001587,1.5221407209106212,2.4098708967710363,1.3531898975372314,Uruguay|soybean,0,-0.16895082337338985
2,Uruguay_DUP4_farm10_field454_soybean_2018,Uruguay,soybean,Uruguay|soybean,1358.4512939453125,1.909615159034729,1.8121831114246296,2.4098708967710363,1.3531898975372314,Uruguay|soybean,0,-0.4589932138873982
2,Uruguay_DUP4_farm10_field458_soybean_2018,Uruguay,soybean,Uruguay|soybean,1358.4512939453125,1.497491717338562,1.2855944416613627,2.4098708967710363,1.3531898975372314,Uruguay|soybean,0,0.06759545587586868
2,Uruguay_DUP4_farm10_field461_soybean_2018,Uruguay,soybean,Uruguay|soybean,1358.4512939453125,1.1287587881088257,1.3273105657488158,2.4098708967710363,1.3531898975372314,Uruguay|soybean,1,0.025879331788415616
2,Uruguay_DUP4_farm10_field467_soybean_2018,Uruguay,soybean,Uruguay|soybean,1358.4512939453125,2.1153945922851562,2.4737492161853094,2.4098708967710363,1.3531898975372314,Uruguay|soybean,0,-1.120559318648078
2,Uruguay_DUP4_farm10_field486_soybean_2022,Uruguay,soybean,Uruguay|soybean,1358.4512939453125,3.1260085105895996,2.928797227339789,2.4098708967710363,1.3531898975372314,Uruguay|soybean,0,-1.5756073298025577
2,Uruguay_DUP4_farm10_field492_soybean_2022,Uruguay,soybean,Uruguay|soybean,1358.4512939453125,3.2779622077941895,3.5984034879377864,2.4098708967710363,1.3531898975372314,Uruguay|soybean,0,-2.245213590400555
2,Uruguay_DUP4_farm10_field494_soybean_2022,Uruguay,soybean,Uruguay|soybean,1358.4512939453125,3.261688470840454,3.139639738751981,2.4098708967710363,1.3531898975372314,Uruguay|soybean,0,-1.7864498412147498
2,Uruguay_DUP4_farm10_field499_soybean_2022,Uruguay,soybean,Uruguay|soybean,1358.4512939453125,2.7335948944091797,3.379083852894343,2.4098708967710363,1.3531898975372314,Uruguay|soybean,0,-2.0258939553571116
2,Uruguay_DUP4_farm10_field501_soybean_2022,Uruguay,soybean,Uruguay|soybean,1358.4512939453125,3.887279510498047,2.92581917711989,2.4098708967710363,1.3531898975372314,Uruguay|soybean,0,-1.5726292795826586
2,Uruguay_DUP4_farm10_field507_soybean_2022,Uruguay,soybean,Uruguay|soybean,1358.4512939453125,2.9458301067352295,3.3726979980259837,2.4098708967710363,1.3531898975372314,Uruguay|soybean,0,-2.0195081004887525
2,Uruguay_DUP4_farm10_field509_soybean_2022,Uruguay,soybean,Uruguay|soybean,1358.4512939453125,2.86220121383667,3.049844540959828,2.4098708967710363,1.3531898975372314,Uruguay|soybean,0,-1.6966546434225964
2,Uruguay_DUP4_farm10_field519_soybean_2022,Uruguay,soybean,Uruguay|soybean,1358.4512939453125,3.1937015056610107,3.50116371605528,2.4098708967710363,1.3531898975372314,Uruguay|soybean,0,-2.1479738185180484
2,Uruguay_DUP4_farm10_field545_soybean_2022,Uruguay,soybean,Uruguay|soybean,1358.4512939453125,2.3786394596099854,2.5806541016257807,2.4098708967710363,1.3531898975372314,Uruguay|soybean,0,-1.2274642040885493
2,Uruguay_DUP4_farm10_field549_soybean_2022,Uruguay,soybean,Uruguay|soybean,1358.4512939453125,3.952338933944702,2.8878020710026795,2.4098708967710363,1.3531898975372314,Uruguay|soybean,0,-1.534612173465448
2,Uruguay_DUP4_farm10_field550_soybean_2022,Uruguay,soybean,Uruguay|soybean,1358.4512939453125,2.455794334411621,2.836015996219422,2.4098708967710363,1.3531898975372314,Uruguay|soybean,0,-1.4828260986821904
2,Uruguay_DUP4_farm10_field554_soybean_2022,Uruguay,soybean,Uruguay|soybean,1358.4512939453125,3.0977115631103516,3.2946011360410825,2.4098708967710363,1.3531898975372314,Uruguay|soybean,0,-1.9414112385038511
2,Uruguay_DUP4_farm10_field566_soybean_2019,Uruguay,soybean,Uruguay|soybean,1358.4512939453125,3.392350435256958,3.6375784666453006,2.4098708967710363,1.3531898975372314,Uruguay|soybean,0,-2.284388569108069
2,Uruguay_DUP4_farm10_field572_soybean_2019,Uruguay,soybean,Uruguay|soybean,1358.4512939453125,3.1449480056762695,3.3556529977650653,2.4098708967710363,1.3531898975372314,Uruguay|soybean,0,-2.0024631002278337
2,Uruguay_DUP4_farm1_field3_soybean_2019,Uruguay,soybean,Uruguay|soybean,1358.4512939453125,2.351896286010742,3.3982849610239794,2.4098708967710363,1.3531898975372314,Uruguay|soybean,0,-2.045095063486748
2,Uruguay_DUP4_farm2_field11_soybean_2021,Uruguay,soybean,Uruguay|soybean,1358.4512939453125,2.6270647048950195,2.3100448923903802,2.4098708967710363,1.3531898975372314,Uruguay|soybean,0,-0.9568549948531488
2,Uruguay_DUP4_farm2_field12_soybean_2021,Uruguay,soybean,Uruguay|soybean,1358.4512939453125,2.5545618534088135,2.4236312808457856,2.4098708967710363,1.3531898975372314,Uruguay|soybean,0,-1.0704413833085542
2,Uruguay_DUP4_farm2_field20_soybean_2021,Uruguay,soybean,Uruguay|soybean,1358.4512939453125,2.225886821746826,2.119143556359006,2.4098708967710363,1.3531898975372314,Uruguay|soybean,0,-0.7659536588217748
2,Uruguay_DUP4_farm2_field26_soybean_2019,Uruguay,soybean,Uruguay|soybean,1358.4512939453125,2.9249823093414307,3.3517740215741916,2.4098708967710363,1.3531898975372314,Uruguay|soybean,0,-1.9985841240369602
2,Uruguay_DUP4_farm2_field27_soybean_2021,Uruguay,soybean,Uruguay|soybean,1358.4512939453125,1.9300817251205444,2.5451846520487043,2.4098708967710363,1.3531898975372314,Uruguay|soybean,0,-1.1919947545114729
2,Uruguay_DUP4_farm2_field31_soybean_2018,Uruguay,soybean,Uruguay|soybean,1358.4512939453125,2.0568480491638184,2.004919787958465,2.4098708967710363,1.3531898975372314,Uruguay|soybean,0,-0.6517298904212334
2,Uruguay_DUP4_farm2_field32_soybean_2018,Uruguay,soybean,Uruguay|soybean,1358.4512939453125,0.8470730185508728,2.23337662299111,2.4098708967710363,1.3531898975372314,Uruguay|soybean,1,-0.8801867254538787
2,Uruguay_DUP4_farm2_field33_soybean_2018,Uruguay,soybean,Uruguay|soybean,1358.4512939453125,1.3993847370147705,2.4330440440397187,2.4098708967710363,1.3531898975372314,Uruguay|soybean,0,-1.0798541465024873
2,Uruguay_DUP4_farm2_field39_soybean_2018,Uruguay,soybean,Uruguay|soybean,1358.4512939453125,4.97405481338501,2.098510488064734,2.4098708967710363,1.3531898975372314,Uruguay|soybean,0,-0.7453205905275027
2,Uruguay_DUP4_farm2_field8_soybean_2019,Uruguay,soybean,Uruguay|soybean,1358.4512939453125,3.0108213424682617,3.458895201604845,2.4098708967710363,1.3531898975372314,Uruguay|soybean,0,-2.1057053040676132
2,Uruguay_DUP4_farm2_field9_soybean_2020,Uruguay,soybean,Uruguay|soybean,1358.4512939453125,1.4275484085083008,2.0312365618163817,2.4098708967710363,1.3531898975372314,Uruguay|soybean,0,-0.6780466642791503
2,Uruguay_DUP4_farm3_field63_soybean_2021,Uruguay,soybean,Uruguay|soybean,1358.4512939453125,2.579521656036377,2.3826332330792765,2.4098708967710363,1.3531898975372314,Uruguay|soybean,0,-1.0294433355420451
2,Uruguay_DUP4_farm3_field70_soybean_2019,Uruguay,soybean,Uruguay|soybean,1358.4512939453125,3.797386646270752,2.7545174059646356,2.4098708967710363,1.3531898975372314,Uruguay|soybean,0,-1.4013275084274042
2,Uruguay_DUP4_farm3_field73_soybean_2019,Uruguay,soybean,Uruguay|soybean,1358.4512939453125,3.78401780128479,3.167965651296716,2.4098708967710363,1.3531898975372314,Uruguay|soybean,0,-1.8147757537594844
2,Uruguay_DUP4_farm4_field106_soybean_2018,Uruguay,soybean,Uruguay|soybean,1358.4512939453125,1.0942317247390747,2.042392535553865,2.4098708967710363,1.3531898975372314,Uruguay|soybean,1,-0.6892026380166334
2,Uruguay_DUP4_farm4_field117_soybean_2018,Uruguay,soybean,Uruguay|soybean,1358.4512939453125,1.3852356672286987,1.9778232367895636,2.4098708967710363,1.3531898975372314,Uruguay|soybean,0,-0.6246333392523322
2,Uruguay_DUP4_farm4_field121_soybean_2018,Uruguay,soybean,Uruguay|soybean,1358.4512939453125,0.9711331725120544,2.0778020975283846,2.4098708967710363,1.3531898975372314,Uruguay|soybean,1,-0.7246121999911532
2,Uruguay_DUP4_farm4_field123_soybean_2019,Uruguay,soybean,Uruguay|soybean,1358.4512939453125,3.6124894618988037,3.2949587208361826,2.4098708967710363,1.3531898975372314,Uruguay|soybean,0,-1.9417688232989512
2,Uruguay_DUP4_farm4_field129_soybean_2019,Uruguay,soybean,Uruguay|soybean,1358.4512939453125,4.022403717041016,2.7332114379933534,2.4098708967710363,1.3531898975372314,Uruguay|soybean,0,-1.380021540456122
2,Uruguay_DUP4_farm4_field132_soybean_2018,Uruguay,soybean,Uruguay|soybean,1358.4512939453125,1.5064284801483154,1.6115265863083406,2.4098708967710363,1.3531898975372314,Uruguay|soybean,0,-0.25833668877110916
2,Uruguay_DUP4_farm4_field148_soybean_2022,Uruguay,soybean,Uruguay|soybean,1358.4512939453125,3.7745838165283203,2.833110761976238,2.4098708967710363,1.3531898975372314,Uruguay|soybean,0,-1.4799208644390067
2,Uruguay_DUP4_farm4_field152_soybean_2022,Uruguay,soybean,Uruguay|soybean,1358.4512939453125,3.371297836303711,2.767255084906,2.4098708967710363,1.3531898975372314,Uruguay|soybean,0,-1.4140651873687686
2,Uruguay_DUP4_farm4_field166_soybean_2019,Uruguay,soybean,Uruguay|soybean,1358.4512939453125,3.933269739151001,3.405435264732814,2.4098708967710363,1.3531898975372314,Uruguay|soybean,0,-2.0522453671955825
2,Uruguay_DUP4_farm4_field75_soybean_2019,Uruguay,soybean,Uruguay|soybean,1358.4512939453125,4.676286220550537,2.9251940970371506,2.4098708967710363,1.3531898975372314,Uruguay|soybean,0,-1.5720041994999192
2,Uruguay_DUP4_farm4_field76_soybean_2019,Uruguay,soybean,Uruguay|soybean,1358.4512939453125,3.76745867729187,3.1427806318798206,2.4098708967710363,1.3531898975372314,Uruguay|soybean,0,-1.7895907343425892
2,Uruguay_DUP4_farm4_field80_soybean_2019,Uruguay,soybean,Uruguay|soybean,1358.4512939453125,3.9741175174713135,3.382396871054522,2.4098708967710363,1.3531898975372314,Uruguay|soybean,0,-2.02920697351729
2,Uruguay_DUP4_farm4_field89_soybean_2021,Uruguay,soybean,Uruguay|soybean,1358.4512939453125,1.9347290992736816,1.8703541697019612,2.4098708967710363,1.3531898975372314,Uruguay|soybean,0,-0.5171642721647298
2,Uruguay_DUP4_farm4_field91_soybean_2021,Uruguay,soybean,Uruguay|soybean,1358.4512939453125,1.702459454536438,1.926761660655016,2.4098708967710363,1.3531898975372314,Uruguay|soybean,0,-0.5735717631177846
2,Uruguay_DUP4_farm4_field94_soybean_2021,Uruguay,soybean,Uruguay|soybean,1358.4512939453125,2.57528018951416,2.1370465522515087,2.4098708967710363,1.3531898975372314,Uruguay|soybean,0,-0.7838566547142773
2,Uruguay_DUP4_farm4_field98_soybean_2021,Uruguay,soybean,Uruguay|soybean,1358.4512939453125,1.243234634399414,2.0155708593682258,2.4098708967710363,1.3531898975372314,Uruguay|soybean,1,-0.6623809618309944
2,Uruguay_DUP4_farm6_field174_soybean_2019,Uruguay,soybean,Uruguay|soybean,1358.4512939453125,2.2168068885803223,2.635005665720576,2.4098708967710363,1.3531898975372314,Uruguay|soybean,0,-1.2818157681833446
2,Uruguay_DUP4_farm7_field182_soybean_2020,Uruguay,soybean,Uruguay|soybean,1358.4512939453125,3.28501033782959,2.8014978563130675,2.4098708967710363,1.3531898975372314,Uruguay|soybean,0,-1.448307958775836
2,Uruguay_DUP4_farm7_field188_soybean_2018,Uruguay,soybean,Uruguay|soybean,1358.4512939453125,4.035690784454346,1.844100432729336,2.4098708967710363,1.3531898975372314,Uruguay|soybean,0,-0.4909105351921046
2,Uruguay_DUP4_farm7_field190_soybean_2018,Uruguay,soybean,Uruguay|soybean,1358.4512939453125,1.6221749782562256,2.053437051020239,2.4098708967710363,1.3531898975372314,Uruguay|soybean,0,-0.7002471534830075
2,Uruguay_DUP4_farm7_field194_soybean_2018,Uruguay,soybean,Uruguay|soybean,1358.4512939453125,1.3293033838272095,2.129175028428947,2.4098708967710363,1.3531898975372314,Uruguay|soybean,1,-0.7759851308917154
2,Uruguay_DUP4_farm7_field197_soybean_2018,Uruguay,soybean,Uruguay|soybean,1358.4512939453125,2.2386724948883057,2.3071371427419387,2.4098708967710363,1.3531898975372314,Uruguay|soybean,0,-0.9539472452047073
2,Uruguay_DUP4_farm7_field207_soybean_2018,Uruguay,soybean,Uruguay|soybean,1358.4512939453125,1.8242532014846802,2.1754650598424594,2.4098708967710363,1.3531898975372314,Uruguay|soybean,0,-0.822275162305228
2,Uruguay_DUP4_farm7_field210_soybean_2018,Uruguay,soybean,Uruguay|soybean,1358.4512939453125,1.7316771745681763,2.084600046822182,2.4098708967710363,1.3531898975372314,Uruguay|soybean,0,-0.7314101492849507
2,Uruguay_DUP4_farm7_field212_soybean_2018,Uruguay,soybean,Uruguay|soybean,1358.4512939453125,1.7255641222000122,2.0574368522809214,2.4098708967710363,1.3531898975372314,Uruguay|soybean,0,-0.70424695474369
2,Uruguay_DUP4_farm7_field225_soybean_2019,Uruguay,soybean,Uruguay|soybean,1358.4512939453125,4.352810859680176,3.389748114294946,2.4098708967710363,1.3531898975372314,Uruguay|soybean,0,-2.0365582167577143
2,Uruguay_DUP4_farm7_field226_soybean_2019,Uruguay,soybean,Uruguay|soybean,1358.4512939453125,3.109001398086548,3.168391170572448,2.4098708967710363,1.3531898975372314,Uruguay|soybean,0,-1.8152012730352165
2,Uruguay_DUP4_farm8_field243_soybean_2019,Uruguay,soybean,Uruguay|soybean,1358.4512939453125,3.3115487098693848,3.5184808538948302,2.4098708967710363,1.3531898975372314,Uruguay|soybean,0,-2.165290956357599
2,Uruguay_DUP4_farm8_field245_soybean_2021,Uruguay,soybean,Uruguay|soybean,1358.4512939453125,1.3890055418014526,2.355621841935445,2.4098708967710363,1.3531898975372314,Uruguay|soybean,0,-1.0024319443982137
2,Uruguay_DUP4_farm8_field252_soybean_2019,Uruguay,soybean,Uruguay|soybean,1358.4512939453125,2.2136690616607666,2.587019423752627,2.4098708967710363,1.3531898975372314,Uruguay|soybean,0,-1.2338295262153955
2,Uruguay_DUP4_farm8_field254_soybean_2019,Uruguay,soybean,Uruguay|soybean,1358.4512939453125,2.3891501426696777,2.3927792987906686,2.4098708967710363,1.3531898975372314,Uruguay|soybean,0,-1.0395894012534372
2,Uruguay_DUP4_farm8_field257_soybean_2019,Uruguay,soybean,Uruguay|soybean,1358.4512939453125,3.613403081893921,2.774045292428304,2.4098708967710363,1.3531898975372314,Uruguay|soybean,0,-1.4208553948910725
2,Uruguay_DUP4_farm8_field258_soybean_2019,Uruguay,soybean,Uruguay|soybean,1358.4512939453125,3.1082310676574707,3.095061640080354,2.4098708967710363,1.3531898975372314,Uruguay|soybean,0,-1.7418717425431225
2,Uruguay_DUP4_farm9_field265_soybean_2019,Uruguay,soybean,Uruguay|soybean,1358.4512939453125,2.1042425632476807,2.3373663194561174,2.4098708967710363,1.3531898975372314,Uruguay|soybean,0,-0.984176421918886
2,Uruguay_DUP4_farm9_field270_soybean_2018,Uruguay,soybean,Uruguay|soybean,1358.4512939453125,3.5044057369232178,2.293132514668502,2.4098708967710363,1.3531898975372314,Uruguay|soybean,0,-0.9399426171312706
2,Uruguay_DUP4_farm9_field271_soybean_2018,Uruguay,soybean,Uruguay|soybean,1358.4512939453125,1.4167546033859253,2.0952793555248537,2.4098708967710363,1.3531898975372314,Uruguay|soybean,0,-0.7420894579876223
2,Uruguay_DUP4_farm9_field277_soybean_2019,Uruguay,soybean,Uruguay|soybean,1358.4512939453125,2.2958898544311523,3.0839424235828354,2.4098708967710363,1.3531898975372314,Uruguay|soybean,0,-1.730752526045604
2,Uruguay_DUP4_farm9_field287_soybean_2018,Uruguay,soybean,Uruguay|soybean,1358.4512939453125,2.1983728408813477,2.1650458814961397,2.4098708967710363,1.3531898975372314,Uruguay|soybean,0,-0.8118559839589083
2,Uruguay_DUP4_farm9_field288_soybean_2018,Uruguay,soybean,Uruguay|soybean,1358.4512939453125,2.7589340209960938,1.9015077172280526,2.4098708967710363,1.3531898975372314,Uruguay|soybean,0,-0.5483178196908212
3,Argentina_DUP1_farm14_field114_soybean_2022,Argentina,soybean,Argentina|soybean,1765.9866821289063,4.077847957611084,3.9912571156730166,3.512830210273916,2.4290585041046144,Argentina|soybean,0,-1.5621986115684021
3,Argentina_DUP1_farm14_field117_corn_2023,Argentina,corn,Argentina|corn,1720.4119384765625,7.169715881347656,5.466352299568345,8.691955015063286,6.163111209869385,Argentina|corn,0,0.6967589103010399
3,Argentina_DUP1_farm15_field125_soybean_2018,Argentina,soybean,Argentina|soybean,1765.9866821289063,3.900073528289795,3.717604775096409,3.512830210273916,2.4290585041046144,Argentina|soybean,0,-1.2885462709917945
3,Argentina_DUP1_farm15_field135_soybean_2019,Argentina,soybean,Argentina|soybean,1765.9866821289063,3.92604660987854,4.076957803695914,3.512830210273916,2.4290585041046144,Argentina|soybean,0,-1.6478992995913
3,Argentina_DUP1_farm15_field144_soybean_2020,Argentina,soybean,Argentina|soybean,1765.9866821289063,3.5069212913513184,2.7131239980733013,3.512830210273916,2.4290585041046144,Argentina|soybean,0,-0.28406549396868686
3,Argentina_DUP1_farm15_field150_soybean_2021,Argentina,soybean,Argentina|soybean,1765.9866821289063,5.143073081970215,4.268148281091605,3.512830210273916,2.4290585041046144,Argentina|soybean,0,-1.8390897769869907
3,Argentina_DUP1_farm15_field154_soybean_2022,Argentina,soybean,Argentina|soybean,1765.9866821289063,5.319962501525879,4.556350956264333,3.512830210273916,2.4290585041046144,Argentina|soybean,0,-2.1272924521597183
3,Argentina_DUP1_farm16_field157_soybean_2023,Argentina,soybean,Argentina|soybean,1765.9866821289063,1.2494542598724365,2.275728743401671,3.512830210273916,2.4290585041046144,Argentina|soybean,1,0.15332976070294357
3,Argentina_DUP1_farm17_field168_soybean_2018,Argentina,soybean,Argentina|soybean,1765.9866821289063,1.223634123802185,3.1245767558832913,3.512830210273916,2.4290585041046144,Argentina|soybean,1,-0.6955182517786769
3,Argentina_DUP1_farm17_field169_soybean_2019,Argentina,soybean,Argentina|soybean,1765.9866821289063,4.524634838104248,4.187593617888048,3.512830210273916,2.4290585041046144,Argentina|soybean,0,-1.7585351137834335
3,Argentina_DUP1_farm17_field182_soybean_2019,Argentina,soybean,Argentina|soybean,1765.9866821289063,4.038310527801514,4.1597055300258425,3.512830210273916,2.4290585041046144,Argentina|soybean,0,-1.730647025921228
3,Argentina_DUP1_farm17_field183_soybean_2021,Argentina,soybean,Argentina|soybean,1765.9866821289063,2.280846118927002,3.639732015358441,3.512830210273916,2.4290585041046144,Argentina|soybean,1,-1.2106735112538267
3,Argentina_DUP1_farm17_field189_soybean_2021,Argentina,soybean,Argentina|soybean,1765.9866821289063,1.8797327280044556,3.7517621928510616,3.512830210273916,2.4290585041046144,Argentina|soybean,1,-1.3227036887464472
3,Argentina_DUP1_farm19_field196_soybean_2022,Argentina,soybean,Argentina|soybean,1765.9866821289063,5.2486891746521,4.478973369852342,3.512830210273916,2.4290585041046144,Argentina|soybean,0,-2.049914865747728
3,Argentina_DUP1_farm19_field197_corn_2022,Argentina,corn,Argentina|corn,1720.4119384765625,12.48502254486084,10.378879649310832,8.691955015063286,6.163111209869385,Argentina|corn,0,-4.215768439441447
3,Argentina_DUP1_farm19_field198_corn_2022,Argentina,corn,Argentina|corn,1720.4119384765625,13.68151569366455,11.852264985594779,8.691955015063286,6.163111209869385,Argentina|corn,0,-5.689153775725394
3,Argentina_DUP1_farm23_field218_soybean_2019,Argentina,soybean,Argentina|soybean,1765.9866821289063,2.855816602706909,3.9425533425199495,3.512830210273916,2.4290585041046144,Argentina|soybean,0,-1.513494838415335
3,Argentina_DUP1_farm23_field231_soybean_2021,Argentina,soybean,Argentina|soybean,1765.9866821289063,4.768322944641113,2.787724822992848,3.512830210273916,2.4290585041046144,Argentina|soybean,0,-0.3586663188882335
3,Argentina_DUP1_farm24_field238_corn_2021,Argentina,corn,Argentina|corn,1720.4119384765625,9.808682441711426,6.714220713699927,8.691955015063286,6.163111209869385,Argentina|corn,0,-0.551109503830542
3,Argentina_DUP1_farm25_field245_corn_2023,Argentina,corn,Argentina|corn,1720.4119384765625,8.207260131835938,7.2422789015486115,8.691955015063286,6.163111209869385,Argentina|corn,0,-1.0791676916792268
3,Argentina_DUP1_farm25_field258_corn_2023,Argentina,corn,Argentina|corn,1720.4119384765625,8.343838691711426,9.316446137231194,8.691955015063286,6.163111209869385,Argentina|corn,0,-3.1533349273618096
3,Argentina_DUP1_farm25_field260_corn_2023,Argentina,corn,Argentina|corn,1720.4119384765625,6.742878437042236,7.3458854701044665,8.691955015063286,6.163111209869385,Argentina|corn,0,-1.1827742602350817
3,Argentina_DUP1_farm25_field263_soybean_2023,Argentina,soybean,Argentina|soybean,1765.9866821289063,1.6766700744628906,2.641742709209503,3.512830210273916,2.4290585041046144,Argentina|soybean,1,-0.2126842051048885
3,Argentina_DUP1_farm25_field267_corn_2023,Argentina,corn,Argentina|corn,1720.4119384765625,6.310557842254639,6.074150071054004,8.691955015063286,6.163111209869385,Argentina|corn,0,0.08896113881538081
3,Argentina_DUP1_farm27_field275_soybean_2021,Argentina,soybean,Argentina|soybean,1765.9866821289063,3.8535122871398926,3.5183547948622054,3.512830210273916,2.4290585041046144,Argentina|soybean,0,-1.089296290757591
3,Argentina_DUP1_farm27_field282_soybean_2021,Argentina,soybean,Argentina|soybean,1765.9866821289063,2.9482030868530273,3.1481842403912443,3.512830210273916,2.4290585041046144,Argentina|soybean,0,-0.7191257362866299
3,Argentina_DUP1_farm27_field292_soybean_2020,Argentina,soybean,Argentina|soybean,1765.9866821289063,4.491723537445068,3.6476858851013954,3.512830210273916,2.4290585041046144,Argentina|soybean,0,-1.218627380996781
3,Argentina_DUP1_farm27_field297_soybean_2020,Argentina,soybean,Argentina|soybean,1765.9866821289063,3.6583564281463623,3.8860487444542997,3.512830210273916,2.4290585041046144,Argentina|soybean,0,-1.4569902403496853
3,Argentina_DUP1_farm27_field309_soybean_2021,Argentina,soybean,Argentina|soybean,1765.9866821289063,3.608588457107544,2.9630819462628084,3.512830210273916,2.4290585041046144,Argentina|soybean,0,-0.534023442158194
3,Argentina_DUP1_farm29_field329_soybean_2023,Argentina,soybean,Argentina|soybean,1765.9866821289063,1.8735607862472534,2.84776429124049,3.512830210273916,2.4290585041046144,Argentina|soybean,1,-0.4187057871358757
3,Argentina_DUP1_farm2_field18_corn_2022,Argentina,corn,Argentina|corn,1720.4119384765625,11.46400260925293,11.769310845607901,8.691955015063286,6.163111209869385,Argentina|corn,0,-5.606199635738516
3,Argentina_DUP1_farm2_field34_soybean_2023,Argentina,soybean,Argentina|soybean,1765.9866821289063,3.9179561138153076,4.530662964176416,3.512830210273916,2.4290585041046144,Argentina|soybean,0,-2.101604460071801
3,Argentina_DUP1_farm2_field35_soybean_2023,Argentina,soybean,Argentina|soybean,1765.9866821289063,2.3820455074310303,3.8419459562658367,3.512830210273916,2.4290585041046144,Argentina|soybean,1,-1.4128874521612222
3,Argentina_DUP1_farm2_field44_soybean_2023,Argentina,soybean,Argentina|soybean,1765.9866821289063,3.2150309085845947,3.7535546303016125,3.512830210273916,2.4290585041046144,Argentina|soybean,0,-1.324496126196998
3,Argentina_DUP1_farm2_field46_soybean_2023,Argentina,soybean,Argentina|soybean,1765.9866821289063,3.931553840637207,4.020057421654678,3.512830210273916,2.4290585041046144,Argentina|soybean,0,-1.5909989175500634
3,Argentina_DUP1_farm2_field48_corn_2024,Argentina,corn,Argentina|corn,1720.4119384765625,6.928237438201904,7.657248984736102,8.691955015063286,6.163111209869385,Argentina|corn,0,-1.4941377748667168
3,Argentina_DUP1_farm32_field341_corn_2023,Argentina,corn,Argentina|corn,1720.4119384765625,4.540485858917236,8.137976242420166,8.691955015063286,6.163111209869385,Argentina|corn,1,-1.974865032550781
3,Argentina_DUP1_farm34_field343_soybean_2022,Argentina,soybean,Argentina|soybean,1765.9866821289063,4.658246994018555,4.2330838540595135,3.512830210273916,2.4290585041046144,Argentina|soybean,0,-1.804025349954899
3,Argentina_DUP1_farm35_field347_soybean_2022,Argentina,soybean,Argentina|soybean,1765.9866821289063,2.554513692855835,3.1471116869472135,3.512830210273916,2.4290585041046144,Argentina|soybean,0,-0.7180531828425991
3,Argentina_DUP1_farm36_field358_corn_2021,Argentina,corn,Argentina|corn,1720.4119384765625,7.103315353393555,6.9435735013364654,8.691955015063286,6.163111209869385,Argentina|corn,0,-0.7804622914670807
3,Argentina_DUP1_farm36_field369_soybean_2022,Argentina,soybean,Argentina|soybean,1765.9866821289063,2.8406505584716797,3.2647911817934077,3.512830210273916,2.4290585041046144,Argentina|soybean,0,-0.8357326776887932
3,Argentina_DUP1_farm36_field374_soybean_2022,Argentina,soybean,Argentina|soybean,1765.9866821289063,3.977745771408081,3.4513933172618496,3.512830210273916,2.4290585041046144,Argentina|soybean,0,-1.0223348131572352
3,Argentina_DUP1_farm36_field390_corn_2022,Argentina,corn,Argentina|corn,1720.4119384765625,6.56842041015625,7.5262039462302655,8.691955015063286,6.163111209869385,Argentina|corn,0,-1.3630927363608807
3,Argentina_DUP1_farm36_field391_soybean_2022,Argentina,soybean,Argentina|soybean,1765.9866821289063,3.151064157485962,2.9691445260232303,3.512830210273916,2.4290585041046144,Argentina|soybean,0,-0.5400860219186159
3,Argentina_DUP1_farm37_field408_soybean_2020,Argentina,soybean,Argentina|soybean,1765.9866821289063,5.070003986358643,4.2499835455171135,3.512830210273916,2.4290585041046144,Argentina|soybean,0,-1.8209250414124991
3,Argentina_DUP1_farm37_field411_soybean_2021,Argentina,soybean,Argentina|soybean,1765.9866821289063,1.6555449962615967,3.046563072787385,3.512830210273916,2.4290585041046144,Argentina|soybean,1,-0.6175045686827705
3,Argentina_DUP1_farm37_field412_soybean_2021,Argentina,soybean,Argentina|soybean,1765.9866821289063,4.1647748947143555,2.94700950151581,3.512830210273916,2.4290585041046144,Argentina|soybean,0,-0.5179509974111958
3,Argentina_DUP1_farm42_field440_soybean_2021,Argentina,soybean,Argentina|soybean,1765.9866821289063,3.405916452407837,3.9900464029030394,3.512830210273916,2.4290585041046144,Argentina|soybean,0,-1.560987898798425
3,Argentina_DUP1_farm44_field449_wheat_2018,Argentina,wheat,Argentina|wheat,1056.085675048828,3.2202141284942627,3.3354593028621142,4.135075228041913,2.029330730438233,Argentina|wheat,0,-1.3061285724238814
3,Argentina_DUP1_farm44_field450_corn_2021,Argentina,corn,Argentina|corn,1720.4119384765625,7.9806389808654785,6.405529634296899,8.691955015063286,6.163111209869385,Argentina|corn,0,-0.24241842442751427
3,Argentina_DUP1_farm44_field452_soybean_2020,Argentina,soybean,Argentina|soybean,1765.9866821289063,3.424290418624878,4.215137972169433,3.512830210273916,2.4290585041046144,Argentina|soybean,0,-1.7860794680648189
3,Argentina_DUP1_farm44_field461_wheat_2021,Argentina,wheat,Argentina|wheat,1056.085675048828,3.349882125854492,1.840857682465363,4.135075228041913,2.029330730438233,Argentina|wheat,0,0.1884730479728698
3,Argentina_DUP1_farm44_field462_soybean_2020,Argentina,soybean,Argentina|soybean,1765.9866821289063,4.6820969581604,4.390781089409317,3.512830210273916,2.4290585041046144,Argentina|soybean,0,-1.9617225853047024
3,Argentina_DUP1_farm44_field473_corn_2021,Argentina,corn,Argentina|corn,1720.4119384765625,11.483881950378418,6.544685862065474,8.691955015063286,6.163111209869385,Argentina|corn,0,-0.38157465219608966
3,Argentina_DUP1_farm44_field481_soybean_2019,Argentina,soybean,Argentina|soybean,1765.9866821289063,4.2340006828308105,4.358116695696114,3.512830210273916,2.4290585041046144,Argentina|soybean,0,-1.9290581915914995
3,Argentina_DUP1_farm44_field484_soybean_2018,Argentina,soybean,Argentina|soybean,1765.9866821289063,4.172374248504639,3.4266229261294336,3.512830210273916,2.4290585041046144,Argentina|soybean,0,-0.9975644220248192
3,Argentina_DUP1_farm44_field496_soybean_2021,Argentina,soybean,Argentina|soybean,1765.9866821289063,1.9881240129470825,3.876886130563143,3.512830210273916,2.4290585041046144,Argentina|soybean,1,-1.4478276264585284
3,Argentina_DUP1_farm44_field500_soybean_2020,Argentina,soybean,Argentina|soybean,1765.9866821289063,3.447204351425171,4.447996618758539,3.512830210273916,2.4290585041046144,Argentina|soybean,0,-2.018938114653925
3,Argentina_DUP1_farm44_field503_soybean_2018,Argentina,soybean,Argentina|soybean,1765.9866821289063,3.670666217803955,3.692559721463515,3.512830210273916,2.4290585041046144,Argentina|soybean,0,-1.2635012173589004
3,Argentina_DUP1_farm44_field505_soybean_2021,Argentina,soybean,Argentina|soybean,1765.9866821289063,3.1494650840759277,3.0280521003631415,3.512830210273916,2.4290585041046144,Argentina|soybean,0,-0.5989935962585271
3,Argentina_DUP1_farm44_field506_soybean_2021,Argentina,soybean,Argentina|soybean,1765.9866821289063,2.557133436203003,2.857331544046515,3.512830210273916,2.4290585041046144,Argentina|soybean,0,-0.42827303994190036
3,Argentina_DUP1_farm44_field508_soybean_2019,Argentina,soybean,Argentina|soybean,1765.9866821289063,3.796565532684326,3.9700068285054373,3.512830210273916,2.4290585041046144,Argentina|soybean,0,-1.5409483244008229
3,Argentina_DUP1_farm44_field510_soybean_2019,Argentina,soybean,Argentina|soybean,1765.9866821289063,3.9510750770568848,4.230360162264393,3.512830210273916,2.4290585041046144,Argentina|soybean,0,-1.8013016581597787
3,Argentina_DUP1_farm44_field518_soybean_2020,Argentina,soybean,Argentina|soybean,1765.9866821289063,2.855581045150757,2.7795358188933093,3.512830210273916,2.4290585041046144,Argentina|soybean,0,-0.3504773147886948
3,Argentina_DUP1_farm44_field519_soybean_2020,Argentina,soybean,Argentina|soybean,1765.9866821289063,3.964035749435425,3.9735417555034616,3.512830210273916,2.4290585041046144,Argentina|soybean,0,-1.5444832513988471
3,Argentina_DUP1_farm44_field536_soybean_2019,Argentina,soybean,Argentina|soybean,1765.9866821289063,4.50089168548584,4.246200147334864,3.512830210273916,2.4290585041046144,Argentina|soybean,0,-1.8171416432302498
3,Argentina_DUP1_farm44_field547_soybean_2018,Argentina,soybean,Argentina|soybean,1765.9866821289063,2.847217559814453,2.8249652529228197,3.512830210273916,2.4290585041046144,Argentina|soybean,0,-0.3959067488182053
3,Argentina_DUP1_farm44_field557_corn_2018,Argentina,corn,Argentina|corn,1720.4119384765625,4.47698974609375,6.001257961377508,8.691955015063286,6.163111209869385,Argentina|corn,1,0.16185324849187666
3,Argentina_DUP1_farm45_field589_corn_2020,Argentina,corn,Argentina|corn,1720.4119384765625,12.453889846801758,11.560502776100599,8.691955015063286,6.163111209869385,Argentina|corn,0,-5.397391566231214
3,Argentina_DUP1_farm45_field592_corn_2020,Argentina,corn,Argentina|corn,1720.4119384765625,12.958222389221191,11.019099437040152,8.691955015063286,6.163111209869385,Argentina|corn,0,-4.8559882271707675
3,Argentina_DUP1_farm45_field596_corn_2020,Argentina,corn,Argentina|corn,1720.4119384765625,12.130420684814453,11.595499063126177,8.691955015063286,6.163111209869385,Argentina|corn,0,-5.432387853256792
3,Argentina_DUP1_farm45_field601_wheat_2019,Argentina,wheat,Argentina|wheat,1056.085675048828,6.201404571533203,5.8168527920152275,4.135075228041913,2.029330730438233,Argentina|wheat,0,-3.7875220615769947
3,Argentina_DUP1_farm45_field603_wheat_2021,Argentina,wheat,Argentina|wheat,1056.085675048828,7.786730766296387,5.662145441865285,4.135075228041913,2.029330730438233,Argentina|wheat,0,-3.6328147114270517
3,Argentina_DUP1_farm45_field607_wheat_2020,Argentina,wheat,Argentina|wheat,1056.085675048828,6.705805778503418,6.24439499845299,4.135075228041913,2.029330730438233,Argentina|wheat,0,-4.215064268014757
3,Argentina_DUP1_farm45_field618_wheat_2021,Argentina,wheat,Argentina|wheat,1056.085675048828,6.5878376960754395,5.591791309561382,4.135075228041913,2.029330730438233,Argentina|wheat,0,-3.5624605791231487
3,Argentina_DUP1_farm45_field638_corn_2018,Argentina,corn,Argentina|corn,1720.4119384765625,10.892257690429688,9.774160239286555,8.691955015063286,6.163111209869385,Argentina|corn,0,-3.6110490294171704
3,Argentina_DUP1_farm45_field647_corn_2023,Argentina,corn,Argentina|corn,1720.4119384765625,2.9263737201690674,5.269600843134205,8.691955015063286,6.163111209869385,Argentina|corn,1,0.89351036673518
3,Argentina_DUP1_farm51_field668_soybean_2022,Argentina,soybean,Argentina|soybean,1765.9866821289063,1.4079108238220215,3.0758090700366947,3.512830210273916,2.4290585041046144,Argentina|soybean,1,-0.6467505659320802
3,Argentina_DUP1_farm51_field676_wheat_2021,Argentina,wheat,Argentina|wheat,1056.085675048828,5.653107166290283,5.643591953335196,4.135075228041913,2.029330730438233,Argentina|wheat,0,-3.6142612228969635
3,Argentina_DUP1_farm51_field680_corn_2022,Argentina,corn,Argentina|corn,1720.4119384765625,9.317485809326172,11.058802439999107,8.691955015063286,6.163111209869385,Argentina|corn,0,-4.895691230129723
3,Argentina_DUP1_farm51_field685_wheat_2022,Argentina,wheat,Argentina|wheat,1056.085675048828,1.9370661973953247,3.1226241603977973,4.135075228041913,2.029330730438233,Argentina|wheat,1,-1.0932934299595645
3,Argentina_DUP1_farm52_field686_soybean_2020,Argentina,soybean,Argentina|soybean,1765.9866821289063,2.813114643096924,3.4891972233496666,3.512830210273916,2.4290585041046144,Argentina|soybean,0,-1.0601387192450522
3,Argentina_DUP1_farm52_field697_soybean_2022,Argentina,soybean,Argentina|soybean,1765.9866821289063,4.865903377532959,4.691765936943008,3.512830210273916,2.4290585041046144,Argentina|soybean,0,-2.2627074328383934
3,Argentina_DUP1_farm52_field706_soybean_2022,Argentina,soybean,Argentina|soybean,1765.9866821289063,5.757415771484375,4.91330283380724,3.512830210273916,2.4290585041046144,Argentina|soybean,0,-2.4842443297026255
3,Argentina_DUP1_farm52_field714_soybean_2021,Argentina,soybean,Argentina|soybean,1765.9866821289063,2.7373156547546387,2.9503378317330435,3.512830210273916,2.4290585041046144,Argentina|soybean,0,-0.5212793276284291
3,Argentina_DUP1_farm52_field717_soybean_2021,Argentina,soybean,Argentina|soybean,1765.9866821289063,4.156802654266357,4.35905620359986,3.512830210273916,2.4290585041046144,Argentina|soybean,0,-1.929997699495246
3,Argentina_DUP1_farm52_field727_soybean_2021,Argentina,soybean,Argentina|soybean,1765.9866821289063,3.8810455799102783,4.183854932492467,3.512830210273916,2.4290585041046144,Argentina|soybean,0,-1.754796428387853
3,Argentina_DUP1_farm54_field733_wheat_2020,Argentina,wheat,Argentina|wheat,1056.085675048828,2.2495839595794678,1.9297432764235931,4.135075228041913,2.029330730438233,Argentina|wheat,0,0.09958745401463975
3,Argentina_DUP1_farm54_field735_soybean_2021,Argentina,soybean,Argentina|soybean,1765.9866821289063,0.7536706924438477,2.3057126069250424,3.512830210273916,2.4290585041046144,Argentina|soybean,1,0.123345897179572
3,Argentina_DUP1_farm54_field739_soybean_2018,Argentina,soybean,Argentina|soybean,1765.9866821289063,3.4476916790008545,3.7142130872385763,3.512830210273916,2.4290585041046144,Argentina|soybean,0,-1.285154583133962
3,Argentina_DUP1_farm54_field743_soybean_2020,Argentina,soybean,Argentina|soybean,1765.9866821289063,4.636996269226074,4.521553998600835,3.512830210273916,2.4290585041046144,Argentina|soybean,0,-2.0924954944962204
3,Argentina_DUP1_farm55_field747_corn_2023,Argentina,corn,Argentina|corn,1720.4119384765625,6.004730701446533,5.863245913676408,8.691955015063286,6.163111209869385,Argentina|corn,1,0.2998652961929764
3,Argentina_DUP1_farm56_field750_soybean_2023,Argentina,soybean,Argentina|soybean,1765.9866821289063,1.5359516143798828,2.7786535339015384,3.512830210273916,2.4290585041046144,Argentina|soybean,1,-0.3495950297969239
3,Argentina_DUP1_farm5_field64_soybean_2024,Argentina,soybean,Argentina|soybean,1765.9866821289063,2.95475435256958,3.5945087968824865,3.512830210273916,2.4290585041046144,Argentina|soybean,0,-1.165450292777872
3,Argentina_DUP1_farm5_field65_corn_2024,Argentina,corn,Argentina|corn,1720.4119384765625,11.944779396057129,11.643701404856586,8.691955015063286,6.163111209869385,Argentina|corn,0,-5.480590194987201
3,Argentina_DUP1_farm6_field78_soybean_2023,Argentina,soybean,Argentina|soybean,1765.9866821289063,1.835261583328247,2.489741390438703,3.512830210273916,2.4290585041046144,Argentina|soybean,1,-0.06068288633408869
3,Argentina_DUP1_farm7_field86_soybean_2024,Argentina,soybean,Argentina|soybean,1765.9866821289063,2.7664196491241455,4.070881324559743,3.512830210273916,2.4290585041046144,Argentina|soybean,0,-1.6418228204551282
3,Argentina_DUP1_farm9_field94_corn_2024,Argentina,corn,Argentina|corn,1720.4119384765625,9.31701374053955,10.115339123728056,8.691955015063286,6.163111209869385,Argentina|corn,0,-3.952227913858671
3,Brazil_DUP2_farm2_field15_wheat_2017,Brazil,wheat,Brazil|wheat,1056.085675048828,3.5504167079925537,3.6793275548407323,3.7483099491224374,3.056740236282349,Brazil|wheat,0,-0.6225873185583835
3,Brazil_DUP2_farm2_field18_soybean_2019,Brazil,soybean,Brazil|soybean,1765.9866821289063,3.74405837059021,3.6073895990417677,4.141856733015028,3.656761693954468,Brazil|soybean,0,0.04937209491270034
3,Brazil_DUP2_farm2_field25_corn_2019,Brazil,corn,Brazil|corn,1720.4119384765625,7.2953948974609375,7.515652796216706,6.680697711308797,4.840037059783936,Brazil|corn,0,-2.6756157364327704
3,Brazil_DUP2_farm2_field36_soybean_2022,Brazil,soybean,Brazil|soybean,1765.9866821289063,4.307104110717773,4.219655007459549,4.141856733015028,3.656761693954468,Brazil|soybean,0,-0.5628933135050809
3,Brazil_DUP2_farm2_field38_soybean_2020,Brazil,soybean,Brazil|soybean,1765.9866821289063,4.140893936157227,4.540824838833031,4.141856733015028,3.656761693954468,Brazil|soybean,0,-0.8840631448785632
3,Brazil_DUP2_farm2_field41_soybean_2019,Brazil,soybean,Brazil|soybean,1765.9866821289063,3.871553659439087,3.8940661668541123,4.141856733015028,3.656761693954468,Brazil|soybean,0,-0.2373044728996443
3,Brazil_DUP2_farm2_field44_wheat_2020,Brazil,wheat,Brazil|wheat,1056.085675048828,4.408825397491455,4.230947621493248,3.7483099491224374,3.056740236282349,Brazil|wheat,0,-1.1742073852108996
3,Brazil_DUP2_farm2_field46_corn_2023,Brazil,corn,Brazil|corn,1720.4119384765625,8.691034317016602,7.692471268252891,6.680697711308797,4.840037059783936,Brazil|corn,0,-2.8524342084689556
3,Brazil_DUP2_farm2_field50_soybean_2024,Brazil,soybean,Brazil|soybean,1765.9866821289063,3.9796488285064697,4.17418599789635,4.141856733015028,3.656761693954468,Brazil|soybean,0,-0.517424303941882
3,Brazil_DUP2_farm4_field113_soybean_2023,Brazil,soybean,Brazil|soybean,1765.9866821289063,4.134476661682129,4.360404360472853,4.141856733015028,3.656761693954468,Brazil|soybean,0,-0.7036426665183853
3,Brazil_DUP2_farm4_field129_corn_2024,Brazil,corn,Brazil|corn,1720.4119384765625,4.312436580657959,6.140324708717525,6.680697711308797,4.840037059783936,Brazil|corn,1,-1.3002876489335895
3,Brazil_DUP2_farm4_field134_corn_2018,Brazil,corn,Brazil|corn,1720.4119384765625,7.684322834014893,6.839713138186847,6.680697711308797,4.840037059783936,Brazil|corn,0,-1.9996760784029108
3,Brazil_DUP2_farm4_field67_soybean_2020,Brazil,soybean,Brazil|soybean,1765.9866821289063,4.458172798156738,4.427781615911638,4.141856733015028,3.656761693954468,Brazil|soybean,0,-0.7710199219571696
3,Brazil_DUP2_farm4_field83_wheat_2020,Brazil,wheat,Brazil|wheat,1056.085675048828,3.2220044136047363,3.5603128452645283,3.7483099491224374,3.056740236282349,Brazil|wheat,0,-0.5035726089821795
3,Brazil_DUP2_farm4_field88_soybean_2019,Brazil,soybean,Brazil|soybean,1765.9866821289063,2.7837440967559814,3.474703706931143,4.141856733015028,3.656761693954468,Brazil|soybean,1,0.1820579870233252
3,Brazil_DUP2_farm4_field95_soybean_2019,Brazil,soybean,Brazil|soybean,1765.9866821289063,2.6613800525665283,3.6266126869499096,4.141856733015028,3.656761693954468,Brazil|soybean,1,0.03014900700455847
3,Brazil_DUP2_farm5_field146_corn_2023,Brazil,corn,Brazil|corn,1720.4119384765625,7.280275821685791,6.808650136524681,6.680697711308797,4.840037059783936,Brazil|corn,0,-1.9686130767407457
3,Brazil_DUP2_farm5_field153_soybean_2018,Brazil,soybean,Brazil|soybean,1765.9866821289063,4.145542144775391,4.320272005009944,4.141856733015028,3.656761693954468,Brazil|soybean,0,-0.6635103110554756
3,Brazil_DUP2_farm5_field156_corn_2023,Brazil,corn,Brazil|corn,1720.4119384765625,5.96615743637085,6.9918164970578145,6.680697711308797,4.840037059783936,Brazil|corn,0,-2.1517794372738788
3,Brazil_DUP2_farm5_field164_wheat_2018,Brazil,wheat,Brazil|wheat,1056.085675048828,5.133892059326172,3.940228695494149,3.7483099491224374,3.056740236282349,Brazil|wheat,0,-0.8834884592118
3,Brazil_DUP2_farm5_field167_wheat_2019,Brazil,wheat,Brazil|wheat,1056.085675048828,3.5153419971466064,4.016208161669006,3.7483099491224374,3.056740236282349,Brazil|wheat,0,-0.9594679253866571
3,Brazil_DUP2_farm5_field177_soybean_2019,Brazil,soybean,Brazil|soybean,1765.9866821289063,3.472752332687378,3.290361349282803,4.141856733015028,3.656761693954468,Brazil|soybean,1,0.36640034467166505
3,Brazil_DUP2_farm5_field178_wheat_2021,Brazil,wheat,Brazil|wheat,1056.085675048828,4.578473091125488,4.730543402585738,3.7483099491224374,3.056740236282349,Brazil|wheat,0,-1.6738031663033892
3,Brazil_DUP2_farm5_field184_soybean_2019,Brazil,soybean,Brazil|soybean,1765.9866821289063,2.2968311309814453,3.1130790893421816,4.141856733015028,3.656761693954468,Brazil|soybean,1,0.5436826046122865
3,Brazil_DUP2_farm5_field185_soybean_2021,Brazil,soybean,Brazil|soybean,1765.9866821289063,3.7659876346588135,4.1748100676212205,4.141856733015028,3.656761693954468,Brazil|soybean,0,-0.5180483736667525
3,Brazil_DUP2_farm5_field191_soybean_2024,Brazil,soybean,Brazil|soybean,1765.9866821289063,3.446136713027954,3.8540428993372893,4.141856733015028,3.656761693954468,Brazil|soybean,1,-0.19728120538282123
3,Brazil_DUP2_farm5_field195_corn_2019,Brazil,corn,Brazil|corn,1720.4119384765625,7.561824798583984,6.996115670394118,6.680697711308797,4.840037059783936,Brazil|corn,0,-2.156078610610182
3,Brazil_DUP2_farm5_field218_soybean_2018,Brazil,soybean,Brazil|soybean,1765.9866821289063,4.720359802246094,4.269832239127432,4.141856733015028,3.656761693954468,Brazil|soybean,0,-0.6130705451729637
3,Brazil_DUP2_farm5_field234_soybean_2022,Brazil,soybean,Brazil|soybean,1765.9866821289063,3.153770923614502,3.129314355766872,4.141856733015028,3.656761693954468,Brazil|soybean,1,0.5274473381875961
3,Brazil_DUP2_farm5_field238_soybean_2021,Brazil,soybean,Brazil|soybean,1765.9866821289063,4.45763635635376,4.309097037908043,4.141856733015028,3.656761693954468,Brazil|soybean,0,-0.6523353439535753
3,Brazil_DUP2_farm5_field255_soybean_2019,Brazil,soybean,Brazil|soybean,1765.9866821289063,2.6488635540008545,3.111112199030892,4.141856733015028,3.656761693954468,Brazil|soybean,1,0.545649494923576
3,Brazil_DUP2_farm5_field273_corn_2020,Brazil,corn,Brazil|corn,1720.4119384765625,9.866704940795898,6.695971398042446,6.680697711308797,4.840037059783936,Brazil|corn,0,-1.8559343382585105
3,Brazil_DUP2_farm5_field277_wheat_2018,Brazil,wheat,Brazil|wheat,1056.085675048828,4.971075057983398,3.4130265341227544,3.7483099491224374,3.056740236282349,Brazil|wheat,0,-0.35628629784040555
3,Brazil_DUP2_farm5_field281_soybean_2024,Brazil,soybean,Brazil|soybean,1765.9866821289063,3.672234058380127,4.177803005717912,4.141856733015028,3.656761693954468,Brazil|soybean,0,-0.5210413117634443
3,Brazil_DUP2_farm6_field293_wheat_2021,Brazil,wheat,Brazil|wheat,1056.085675048828,5.280581951141357,4.806516973455824,3.7483099491224374,3.056740236282349,Brazil|wheat,0,-1.749776737173475
3,Brazil_DUP2_farm6_field301_wheat_2021,Brazil,wheat,Brazil|wheat,1056.085675048828,4.109171390533447,4.469959502674042,3.7483099491224374,3.056740236282349,Brazil|wheat,0,-1.4132192663916934
3,Brazil_DUP2_farm6_field302_soybean_2018,Brazil,soybean,Brazil|soybean,1765.9866821289063,4.501225471496582,4.196359184627231,4.141856733015028,3.656761693954468,Brazil|soybean,0,-0.539597490672763
3,Brazil_DUP2_farm6_field305_soybean_2023,Brazil,soybean,Brazil|soybean,1765.9866821289063,3.9402313232421875,4.2185092375297275,4.141856733015028,3.656761693954468,Brazil|soybean,0,-0.5617475435752595
3,Brazil_DUP2_farm6_field317_soybean_2018,Brazil,soybean,Brazil|soybean,1765.9866821289063,4.2405924797058105,4.015865006242509,4.141856733015028,3.656761693954468,Brazil|soybean,0,-0.3591033122880414
3,Brazil_DUP2_farm6_field318_soybean_2019,Brazil,soybean,Brazil|soybean,1765.9866821289063,3.2935357093811035,3.2898701480684935,4.141856733015028,3.656761693954468,Brazil|soybean,1,0.3668915458859745
3,Brazil_DUP2_farm6_field319_corn_2024,Brazil,corn,Brazil|corn,1720.4119384765625,5.417327880859375,5.962977327312286,6.680697711308797,4.840037059783936,Brazil|corn,0,-1.1229402675283504
3,Brazil_DUP2_farm6_field325_wheat_2018,Brazil,wheat,Brazil|wheat,1056.085675048828,2.8940229415893555,2.8015673513605672,3.7483099491224374,3.056740236282349,Brazil|wheat,1,0.2551728849217816
3,Brazil_DUP2_farm6_field331_wheat_2019,Brazil,wheat,Brazil|wheat,1056.085675048828,4.073089122772217,3.688787491505015,3.7483099491224374,3.056740236282349,Brazil|wheat,0,-0.6320472552226661
3,Brazil_DUP2_farm6_field332_soybean_2020,Brazil,soybean,Brazil|soybean,1765.9866821289063,4.528463840484619,4.2203763760627,4.141856733015028,3.656761693954468,Brazil|soybean,0,-0.563614682108232
3,Brazil_DUP2_farm6_field334_soybean_2020,Brazil,soybean,Brazil|soybean,1765.9866821289063,3.682724714279175,4.1145927879436694,4.141856733015028,3.656761693954468,Brazil|soybean,0,-0.4578310939892014
3,Brazil_DUP2_farm6_field336_soybean_2018,Brazil,soybean,Brazil|soybean,1765.9866821289063,4.660524845123291,4.296946902988108,4.141856733015028,3.656761693954468,Brazil|soybean,0,-0.6401852090336404
3,Brazil_DUP2_farm6_field343_soybean_2017,Brazil,soybean,Brazil|soybean,1765.9866821289063,5.014899730682373,4.563625239184589,4.141856733015028,3.656761693954468,Brazil|soybean,0,-0.9068635452301206
3,Brazil_DUP2_farm6_field347_corn_2019,Brazil,corn,Brazil|corn,1720.4119384765625,6.527939319610596,6.152917896161275,6.680697711308797,4.840037059783936,Brazil|corn,0,-1.3128808363773397
3,Brazil_DUP2_farm6_field354_soybean_2022,Brazil,soybean,Brazil|soybean,1765.9866821289063,4.1620683670043945,4.2495970602712365,4.141856733015028,3.656761693954468,Brazil|soybean,0,-0.5928353663167685
3,Brazil_DUP2_farm6_field358_corn_2024,Brazil,corn,Brazil|corn,1720.4119384765625,7.944735050201416,6.682407349494663,6.680697711308797,4.840037059783936,Brazil|corn,0,-1.8423702897107272
3,Brazil_DUP2_farm6_field361_soybean_2021,Brazil,soybean,Brazil|soybean,1765.9866821289063,4.1926679611206055,4.05756824846816,4.141856733015028,3.656761693954468,Brazil|soybean,0,-0.4008065545136916
3,Brazil_DUP2_farm6_field371_soybean_2023,Brazil,soybean,Brazil|soybean,1765.9866821289063,3.2868411540985107,4.180777045713238,4.141856733015028,3.656761693954468,Brazil|soybean,1,-0.5240153517587696
3,Brazil_DUP2_farm6_field372_corn_2020,Brazil,corn,Brazil|corn,1720.4119384765625,10.143900871276855,8.24156806891568,6.680697711308797,4.840037059783936,Brazil|corn,0,-3.4015310091317437
3,Brazil_DUP2_farm6_field373_corn_2019,Brazil,corn,Brazil|corn,1720.4119384765625,7.1012959480285645,6.013485933210975,6.680697711308797,4.840037059783936,Brazil|corn,0,-1.1734488734270396
3,Brazil_DUP2_farm6_field377_soybean_2021,Brazil,soybean,Brazil|soybean,1765.9866821289063,4.079043388366699,4.1942049892587585,4.141856733015028,3.656761693954468,Brazil|soybean,0,-0.5374432953042905
3,Brazil_DUP2_farm6_field382_wheat_2019,Brazil,wheat,Brazil|wheat,1056.085675048828,3.7733302116394043,3.889753271704052,3.7483099491224374,3.056740236282349,Brazil|wheat,0,-0.8330130354217031
3,Brazil_DUP2_farm6_field385_soybean_2023,Brazil,soybean,Brazil|soybean,1765.9866821289063,4.831797122955322,3.950779344878825,4.141856733015028,3.656761693954468,Brazil|soybean,0,-0.29401765092435683
3,Brazil_DUP2_farm6_field390_wheat_2022,Brazil,wheat,Brazil|wheat,1056.085675048828,3.507200241088867,3.588003768581011,3.7483099491224374,3.056740236282349,Brazil|wheat,0,-0.5312635322986621
3,Brazil_DUP2_farm6_field392_soybean_2019,Brazil,soybean,Brazil|soybean,1765.9866821289063,3.5063679218292236,3.5459945904673695,4.141856733015028,3.656761693954468,Brazil|soybean,1,0.1107671034870985
3,Brazil_DUP2_farm6_field398_soybean_2019,Brazil,soybean,Brazil|soybean,1765.9866821289063,4.125811576843262,3.502337900132238,4.141856733015028,3.656761693954468,Brazil|soybean,0,0.15442379382223015
3,Brazil_DUP2_farm6_field402_corn_2020,Brazil,corn,Brazil|corn,1720.4119384765625,5.578191757202148,7.8094801532582165,6.680697711308797,4.840037059783936,Brazil|corn,0,-2.969443093474281
3,Brazil_DUP2_farm6_field405_wheat_2018,Brazil,wheat,Brazil|wheat,1056.085675048828,5.12394380569458,4.124460636381194,3.7483099491224374,3.056740236282349,Brazil|wheat,0,-1.0677204000988452
3,Brazil_DUP2_farm6_field408_corn_2019,Brazil,corn,Brazil|corn,1720.4119384765625,6.854948043823242,6.15457118154764,6.680697711308797,4.840037059783936,Brazil|corn,0,-1.314534121763704
3,Brazil_DUP2_farm6_field413_soybean_2018,Brazil,soybean,Brazil|soybean,1765.9866821289063,4.2945685386657715,4.097793651845883,4.141856733015028,3.656761693954468,Brazil|soybean,0,-0.44103195789141525
3,Brazil_DUP2_farm6_field416_corn_2023,Brazil,corn,Brazil|corn,1720.4119384765625,2.661848783493042,4.441294636339052,6.680697711308797,4.840037059783936,Brazil|corn,1,0.398742423444884
3,Brazil_DUP2_farm6_field419_soybean_2021,Brazil,soybean,Brazil|soybean,1765.9866821289063,4.081830978393555,4.009311393738781,4.141856733015028,3.656761693954468,Brazil|soybean,0,-0.3525496997843134
3,Brazil_DUP2_farm6_field424_soybean_2021,Brazil,soybean,Brazil|soybean,1765.9866821289063,4.107974052429199,4.150999422715099,4.141856733015028,3.656761693954468,Brazil|soybean,0,-0.494237728760631
3,Brazil_DUP2_farm6_field442_corn_2020,Brazil,corn,Brazil|corn,1720.4119384765625,5.412701606750488,6.475892312661007,6.680697711308797,4.840037059783936,Brazil|corn,0,-1.6358552528770716
3,Brazil_DUP2_farm6_field446_corn_2017,Brazil,corn,Brazil|corn,1720.4119384765625,7.504764556884766,6.881792173862222,6.680697711308797,4.840037059783936,Brazil|corn,0,-2.0417551140782866
3,Brazil_DUP2_farm6_field457_soybean_2018,Brazil,soybean,Brazil|soybean,1765.9866821289063,4.795234680175781,4.344756899323409,4.141856733015028,3.656761693954468,Brazil|soybean,0,-0.6879952053689409
3,Brazil_DUP2_farm6_field458_corn_2024,Brazil,corn,Brazil|corn,1720.4119384765625,6.387229919433594,6.164187557712713,6.680697711308797,4.840037059783936,Brazil|corn,0,-1.3241504979287777
3,Brazil_DUP2_farm6_field460_wheat_2022,Brazil,wheat,Brazil|wheat,1056.085675048828,3.684356212615967,3.8511154259092866,3.7483099491224374,3.056740236282349,Brazil|wheat,0,-0.7943751896269378
3,Brazil_DUP2_farm6_field472_soybean_2021,Brazil,soybean,Brazil|soybean,1765.9866821289063,3.885075092315674,4.1214410841556735,4.141856733015028,3.656761693954468,Brazil|soybean,0,-0.4646793902012054
3,Brazil_DUP2_farm7_field479_soybean_2018,Brazil,soybean,Brazil|soybean,1765.9866821289063,2.7960479259490967,3.7742045267914315,4.141856733015028,3.656761693954468,Brazil|soybean,1,-0.11744283283696344
3,Brazil_DUP2_farm7_field482_soybean_2019,Brazil,soybean,Brazil|soybean,1765.9866821289063,2.4720380306243896,3.8915174226907543,4.141856733015028,3.656761693954468,Brazil|soybean,1,-0.23475572873628625
3,Brazil_DUP2_farm7_field484_soybean_2017,Brazil,soybean,Brazil|soybean,1765.9866821289063,3.841712236404419,3.646799021566044,4.141856733015028,3.656761693954468,Brazil|soybean,0,0.009962672388423854
3,Brazil_DUP2_farm7_field486_soybean_2019,Brazil,soybean,Brazil|soybean,1765.9866821289063,2.5930209159851074,3.8963499997083533,4.141856733015028,3.656761693954468,Brazil|soybean,1,-0.23958830575388523
3,Brazil_DUP2_farm7_field487_soybean_2019,Brazil,soybean,Brazil|soybean,1765.9866821289063,2.331937789916992,3.6984303498776905,4.141856733015028,3.656761693954468,Brazil|soybean,1,-0.04166865592322244
3,Brazil_DUP2_farm9_field502_soybean_2022,Brazil,soybean,Brazil|soybean,1765.9866821289063,4.081422328948975,4.188107871874793,4.141856733015028,3.656761693954468,Brazil|soybean,0,-0.5313461779203252
3,Brazil_DUP2_farm9_field510_wheat_2020,Brazil,wheat,Brazil|wheat,1056.085675048828,3.1211400032043457,3.517958713215273,3.7483099491224374,3.056740236282349,Brazil|wheat,0,-0.4612184769329244
3,Brazil_DUP2_farm9_field514_soybean_2018,Brazil,soybean,Brazil|soybean,1765.9866821289063,4.365799427032471,4.2237180588922785,4.141856733015028,3.656761693954468,Brazil|soybean,0,-0.5669563649378104
3,Brazil_DUP2_farm9_field519_corn_2023,Brazil,corn,Brazil|corn,1720.4119384765625,7.775006294250488,7.290381594826215,6.680697711308797,4.840037059783936,Brazil|corn,0,-2.4503445350422792
3,Brazil_DUP2_farm9_field528_wheat_2023,Brazil,wheat,Brazil|wheat,1056.085675048828,2.8958580493927,3.089036775158884,3.7483099491224374,3.056740236282349,Brazil|wheat,1,-0.03229653887653505
3,Brazil_DUP2_farm9_field545_soybean_2019,Brazil,soybean,Brazil|soybean,1765.9866821289063,3.7210769653320312,3.6988968941040405,4.141856733015028,3.656761693954468,Brazil|soybean,0,-0.042135200149572505
3,Germany_DUP3_farm1_field10_wheat_2016,Germany,wheat,Germany|wheat,1056.085675048828,9.957723617553711,9.55169284316145,9.758280831796151,8.544622993469238,Germany|wheat,0,-1.0070698496922112
3,Germany_DUP3_farm1_field22_rapeseed_2016,Germany,rapeseed,Germany|rapeseed,1151.102868652344,5.980362415313721,4.29258475362523,4.479201480962228,3.4644815921783447,Germany|rapeseed,0,-0.8281031614468857
3,Germany_DUP3_farm1_field24_rapeseed_2017,Germany,rapeseed,Germany|rapeseed,1151.102868652344,6.159890174865723,4.497773979433418,4.479201480962228,3.4644815921783447,Germany|rapeseed,0,-1.0332923872550737
3,Germany_DUP3_farm1_field2_wheat_2016,Germany,wheat,Germany|wheat,1056.085675048828,11.239669799804688,9.184990332113768,9.758280831796151,8.544622993469238,Germany|wheat,0,-0.6403673386445305
3,Germany_DUP3_farm1_field30_wheat_2017,Germany,wheat,Germany|wheat,1056.085675048828,11.840201377868652,10.587294275604853,9.758280831796151,8.544622993469238,Germany|wheat,0,-2.0426712821356148
3,Germany_DUP3_farm1_field33_wheat_2016,Germany,wheat,Germany|wheat,1056.085675048828,8.857559204101562,8.829334683749359,9.758280831796151,8.544622993469238,Germany|wheat,0,-0.2847116902801208
3,Germany_DUP3_farm1_field34_wheat_2017,Germany,wheat,Germany|wheat,1056.085675048828,14.349177360534668,11.05260392259018,9.758280831796151,8.544622993469238,Germany|wheat,0,-2.507980929120942
3,Germany_DUP3_farm1_field36_wheat_2017,Germany,wheat,Germany|wheat,1056.085675048828,13.383131980895996,10.96851060946032,9.758280831796151,8.544622993469238,Germany|wheat,0,-2.4238876159910827
3,Germany_DUP3_farm1_field39_wheat_2019,Germany,wheat,Germany|wheat,1056.085675048828,8.287920951843262,9.05805705349524,9.758280831796151,8.544622993469238,Germany|wheat,1,-0.5134340600260021
3,Germany_DUP3_farm1_field42_wheat_2019,Germany,wheat,Germany|wheat,1056.085675048828,10.541364669799805,10.351261207040718,9.758280831796151,8.544622993469238,Germany|wheat,0,-1.80663821357148
3,Germany_DUP3_farm1_field43_wheat_2016,Germany,wheat,Germany|wheat,1056.085675048828,12.243258476257324,9.230662198301195,9.758280831796151,8.544622993469238,Germany|wheat,0,-0.6860392048319568
3,Germany_DUP3_farm1_field46_wheat_2019,Germany,wheat,Germany|wheat,1056.085675048828,9.841507911682129,10.155315586278467,9.758280831796151,8.544622993469238,Germany|wheat,0,-1.6106925928092295
3,Germany_DUP3_farm1_field4_rapeseed_2016,Germany,rapeseed,Germany|rapeseed,1151.102868652344,4.564465522766113,4.791467285500691,4.479201480962228,3.4644815921783447,Germany|rapeseed,0,-1.3269856933223458
3,Germany_DUP3_farm1_field61_wheat_2019,Germany,wheat,Germany|wheat,1056.085675048828,8.98876953125,9.177054296278941,9.758280831796151,8.544622993469238,Germany|wheat,0,-0.632431302809703
3,Germany_DUP3_farm1_field62_wheat_2019,Germany,wheat,Germany|wheat,1056.085675048828,8.745471000671387,9.715233521035897,9.758280831796151,8.544622993469238,Germany|wheat,0,-1.1706105275666587
3,Germany_DUP3_farm1_field8_rapeseed_2016,Germany,rapeseed,Germany|rapeseed,1151.102868652344,4.611868858337402,4.813051996337253,4.479201480962228,3.4644815921783447,Germany|rapeseed,0,-1.3485704041589086
3,Germany_DUP3_farm2_field129_wheat_2021,Germany,wheat,Germany|wheat,1056.085675048828,9.400776863098145,9.865433835884982,9.758280831796151,8.544622993469238,Germany|wheat,0,-1.320810842415744
3,Germany_DUP3_farm2_field143_wheat_2016,Germany,wheat,Germany|wheat,1056.085675048828,13.214431762695312,10.059086008261767,9.758280831796151,8.544622993469238,Germany|wheat,0,-1.514463014792529
3,Germany_DUP3_farm2_field146_rapeseed_2021,Germany,rapeseed,Germany|rapeseed,1151.102868652344,5.823606967926025,5.196394283671196,4.479201480962228,3.4644815921783447,Germany|rapeseed,0,-1.7319126914928509
3,Germany_DUP3_farm2_field158_wheat_2018,Germany,wheat,Germany|wheat,1056.085675048828,7.912439823150635,9.582070243500828,9.758280831796151,8.544622993469238,Germany|wheat,1,-1.0374472500315903
3,Germany_DUP3_farm2_field165_wheat_2019,Germany,wheat,Germany|wheat,1056.085675048828,9.81688117980957,9.70051779152703,9.758280831796151,8.544622993469238,Germany|wheat,0,-1.1558947980577923
3,Germany_DUP3_farm2_field166_wheat_2020,Germany,wheat,Germany|wheat,1056.085675048828,10.155292510986328,9.68608801941896,9.758280831796151,8.544622993469238,Germany|wheat,0,-1.1414650259497225
3,Germany_DUP3_farm2_field173_rapeseed_2020,Germany,rapeseed,Germany|rapeseed,1151.102868652344,6.68973970413208,5.962296943332127,4.479201480962228,3.4644815921783447,Germany|rapeseed,0,-2.4978153511537826
3,Germany_DUP3_farm2_field175_wheat_2021,Germany,wheat,Germany|wheat,1056.085675048828,8.070727348327637,9.328637640608333,9.758280831796151,8.544622993469238,Germany|wheat,1,-0.7840146471390952
3,Germany_DUP3_farm2_field181_wheat_2017,Germany,wheat,Germany|wheat,1056.085675048828,8.252382278442383,9.518907265601449,9.758280831796151,8.544622993469238,Germany|wheat,1,-0.9742842721322109
3,Germany_DUP3_farm2_field187_wheat_2017,Germany,wheat,Germany|wheat,1056.085675048828,10.516670227050781,10.304224988210095,9.758280831796151,8.544622993469238,Germany|wheat,0,-1.7596019947408568
3,Germany_DUP3_farm2_field188_wheat_2017,Germany,wheat,Germany|wheat,1056.085675048828,10.036564826965332,10.228149173767004,9.758280831796151,8.544622993469238,Germany|wheat,0,-1.6835261802977666
3,Germany_DUP3_farm2_field199_rapeseed_2022,Germany,rapeseed,Germany|rapeseed,1151.102868652344,4.540452480316162,4.672652561826252,4.479201480962228,3.4644815921783447,Germany|rapeseed,0,-1.2081709696479077
3,Germany_DUP3_farm2_field204_wheat_2022,Germany,wheat,Germany|wheat,1056.085675048828,9.003789901733398,9.578254772507838,9.758280831796151,8.544622993469238,Germany|wheat,0,-1.0336317790386005
3,Germany_DUP3_farm2_field212_wheat_2022,Germany,wheat,Germany|wheat,1056.085675048828,7.30798864364624,9.011199710881513,9.758280831796151,8.544622993469238,Germany|wheat,1,-0.46657671741227524
3,Germany_DUP3_farm2_field77_wheat_2021,Germany,wheat,Germany|wheat,1056.085675048828,8.754390716552734,9.544095145599476,9.758280831796151,8.544622993469238,Germany|wheat,0,-0.9994721521302381
3,Germany_DUP3_farm3_field227_wheat_2019,Germany,wheat,Germany|wheat,1056.085675048828,4.91508674621582,8.17802346057832,9.758280831796151,8.544622993469238,Germany|wheat,1,0.36659953289091796
3,Germany_DUP3_farm3_field230_rapeseed_2020,Germany,rapeseed,Germany|rapeseed,1151.102868652344,3.5180726051330566,3.604111970632339,4.479201480962228,3.4644815921783447,Germany|rapeseed,0,-0.13963037845399429
3,Germany_DUP3_farm3_field236_rapeseed_2017,Germany,rapeseed,Germany|rapeseed,1151.102868652344,2.8401525020599365,4.457729989940696,4.479201480962228,3.4644815921783447,Germany|rapeseed,1,-0.9932483977623514
3,Germany_DUP3_farm3_field240_rapeseed_2018,Germany,rapeseed,Germany|rapeseed,1151.102868652344,3.135594606399536,3.874683939071975,4.479201480962228,3.4644815921783447,Germany|rapeseed,1,-0.4102023468936302
3,Germany_DUP3_farm4_field244_wheat_2019,Germany,wheat,Germany|wheat,1056.085675048828,7.964092254638672,10.136457484148863,9.758280831796151,8.544622993469238,Germany|wheat,1,-1.5918344906796253
3,Germany_DUP3_farm4_field252_wheat_2020,Germany,wheat,Germany|wheat,1056.085675048828,8.948681831359863,9.810713396714624,9.758280831796151,8.544622993469238,Germany|wheat,0,-1.2660904032453857
3,Germany_DUP3_farm4_field254_rapeseed_2016,Germany,rapeseed,Germany|rapeseed,1151.102868652344,4.692387580871582,4.335557135127479,4.479201480962228,3.4644815921783447,Germany|rapeseed,0,-0.8710755429491339
3,Germany_DUP3_farm4_field256_rapeseed_2017,Germany,rapeseed,Germany|rapeseed,1151.102868652344,2.44274640083313,4.617119368372287,4.479201480962228,3.4644815921783447,Germany|rapeseed,1,-1.1526377761939424
3,Germany_DUP3_farm4_field259_rapeseed_2017,Germany,rapeseed,Germany|rapeseed,1151.102868652344,4.868704795837402,4.5617320381947275,4.479201480962228,3.4644815921783447,Germany|rapeseed,0,-1.0972504460163828
3,Germany_DUP3_farm5_field268_wheat_2017,Germany,wheat,Germany|wheat,1056.085675048828,10.005956649780273,9.189030777065053,9.758280831796151,8.544622993469238,Germany|wheat,0,-0.6444077835958151
3,Germany_DUP3_farm5_field271_rapeseed_2017,Germany,rapeseed,Germany|rapeseed,1151.102868652344,1.0973284244537354,4.712562677041755,4.479201480962228,3.4644815921783447,Germany|rapeseed,1,-1.2480810848634105
3,Germany_DUP3_farm6_field284_rapeseed_2020,Germany,rapeseed,Germany|rapeseed,1151.102868652344,3.4589855670928955,4.296196680510444,4.479201480962228,3.4644815921783447,Germany|rapeseed,1,-0.831715088332099
3,Uruguay_DUP4_farm10_field309_soybean_2019,Uruguay,soybean,Uruguay|soybean,1765.9866821289063,3.8736040592193604,3.7330207385127845,2.4098708967710363,1.3531898975372314,Uruguay|soybean,0,-2.3798308409755533
3,Uruguay_DUP4_farm10_field319_soybean_2019,Uruguay,soybean,Uruguay|soybean,1765.9866821289063,4.398415565490723,3.7532638712200574,2.4098708967710363,1.3531898975372314,Uruguay|soybean,0,-2.400073973682826
3,Uruguay_DUP4_farm10_field329_soybean_2020,Uruguay,soybean,Uruguay|soybean,1765.9866821289063,2.9296987056732178,2.4063690907173076,2.4098708967710363,1.3531898975372314,Uruguay|soybean,0,-1.0531791931800762
3,Uruguay_DUP4_farm10_field333_soybean_2021,Uruguay,soybean,Uruguay|soybean,1765.9866821289063,2.409923791885376,2.273320978043314,2.4098708967710363,1.3531898975372314,Uruguay|soybean,0,-0.9201310805060825
3,Uruguay_DUP4_farm10_field350_soybean_2021,Uruguay,soybean,Uruguay|soybean,1765.9866821289063,1.7333228588104248,2.3349070893445716,2.4098708967710363,1.3531898975372314,Uruguay|soybean,0,-0.9817171918073402
3,Uruguay_DUP4_farm10_field358_soybean_2021,Uruguay,soybean,Uruguay|soybean,1765.9866821289063,2.3653085231781006,2.449754165730235,2.4098708967710363,1.3531898975372314,Uruguay|soybean,0,-1.0965642681930035
3,Uruguay_DUP4_farm10_field369_soybean_2018,Uruguay,soybean,Uruguay|soybean,1765.9866821289063,1.1631176471710205,1.3553181204020006,2.4098708967710363,1.3531898975372314,Uruguay|soybean,1,-0.0021282228647692136
3,Uruguay_DUP4_farm10_field372_soybean_2018,Uruguay,soybean,Uruguay|soybean,1765.9866821289063,0.8646675944328308,1.2528630288905125,2.4098708967710363,1.3531898975372314,Uruguay|soybean,1,0.10032686864671891
3,Uruguay_DUP4_farm10_field390_soybean_2018,Uruguay,soybean,Uruguay|soybean,1765.9866821289063,3.5092477798461914,2.511321315956445,2.4098708967710363,1.3531898975372314,Uruguay|soybean,0,-1.1581314184192137
3,Uruguay_DUP4_farm10_field394_soybean_2018,Uruguay,soybean,Uruguay|soybean,1765.9866821289063,1.339213252067566,1.300800180516569,2.4098708967710363,1.3531898975372314,Uruguay|soybean,1,0.05238971702066242
3,Uruguay_DUP4_farm10_field399_soybean_2018,Uruguay,soybean,Uruguay|soybean,1765.9866821289063,1.3458727598190308,1.1987653681191566,2.4098708967710363,1.3531898975372314,Uruguay|soybean,1,0.15442452941807483
3,Uruguay_DUP4_farm10_field408_soybean_2018,Uruguay,soybean,Uruguay|soybean,1765.9866821289063,1.6810129880905151,1.4568291879380006,2.4098708967710363,1.3531898975372314,Uruguay|soybean,0,-0.10363929040076925
3,Uruguay_DUP4_farm10_field409_soybean_2018,Uruguay,soybean,Uruguay|soybean,1765.9866821289063,1.8256875276565552,1.5112299696208924,2.4098708967710363,1.3531898975372314,Uruguay|soybean,0,-0.158040072083661
3,Uruguay_DUP4_farm10_field418_soybean_2018,Uruguay,soybean,Uruguay|soybean,1765.9866821289063,1.3720719814300537,1.3820491692625891,2.4098708967710363,1.3531898975372314,Uruguay|soybean,0,-0.028859271725357738
3,Uruguay_DUP4_farm10_field419_soybean_2018,Uruguay,soybean,Uruguay|soybean,1765.9866821289063,1.1247838735580444,1.482745370614038,2.4098708967710363,1.3531898975372314,Uruguay|soybean,1,-0.1295554730768067
3,Uruguay_DUP4_farm10_field421_soybean_2018,Uruguay,soybean,Uruguay|soybean,1765.9866821289063,1.3511348962783813,1.6872561267145851,2.4098708967710363,1.3531898975372314,Uruguay|soybean,1,-0.33406622917735374
3,Uruguay_DUP4_farm10_field425_soybean_2018,Uruguay,soybean,Uruguay|soybean,1765.9866821289063,0.7332263588905334,1.2725335977642636,2.4098708967710363,1.3531898975372314,Uruguay|soybean,1,0.08065629977296784
3,Uruguay_DUP4_farm10_field430_soybean_2018,Uruguay,soybean,Uruguay|soybean,1765.9866821289063,1.473268985748291,1.3246658556618247,2.4098708967710363,1.3531898975372314,Uruguay|soybean,0,0.02852404187540669
3,Uruguay_DUP4_farm10_field437_soybean_2018,Uruguay,soybean,Uruguay|soybean,1765.9866821289063,3.446382761001587,1.3944044305090222,2.4098708967710363,1.3531898975372314,Uruguay|soybean,0,-0.041214532971790785
3,Uruguay_DUP4_farm10_field454_soybean_2018,Uruguay,soybean,Uruguay|soybean,1765.9866821289063,1.909615159034729,2.2782058585227083,2.4098708967710363,1.3531898975372314,Uruguay|soybean,0,-0.9250159609854769
3,Uruguay_DUP4_farm10_field458_soybean_2018,Uruguay,soybean,Uruguay|soybean,1765.9866821289063,1.497491717338562,1.0891463587074712,2.4098708967710363,1.3531898975372314,Uruguay|soybean,0,0.26404353882976017
3,Uruguay_DUP4_farm10_field461_soybean_2018,Uruguay,soybean,Uruguay|soybean,1765.9866821289063,1.1287587881088257,1.3101894606474978,2.4098708967710363,1.3531898975372314,Uruguay|soybean,1,0.04300043688973365
3,Uruguay_DUP4_farm10_field467_soybean_2018,Uruguay,soybean,Uruguay|soybean,1765.9866821289063,2.1153945922851562,2.031268335034272,2.4098708967710363,1.3531898975372314,Uruguay|soybean,0,-0.6780784374970408
3,Uruguay_DUP4_farm10_field486_soybean_2022,Uruguay,soybean,Uruguay|soybean,1765.9866821289063,3.1260085105895996,2.9972757872482414,2.4098708967710363,1.3531898975372314,Uruguay|soybean,0,-1.64408588971101
3,Uruguay_DUP4_farm10_field492_soybean_2022,Uruguay,soybean,Uruguay|soybean,1765.9866821289063,3.2779622077941895,3.786800610765941,2.4098708967710363,1.3531898975372314,Uruguay|soybean,0,-2.4336107132287097
3,Uruguay_DUP4_farm10_field494_soybean_2022,Uruguay,soybean,Uruguay|soybean,1765.9866821289063,3.261688470840454,3.2103984802377155,2.4098708967710363,1.3531898975372314,Uruguay|soybean,0,-1.857208582700484
3,Uruguay_DUP4_farm10_field499_soybean_2022,Uruguay,soybean,Uruguay|soybean,1765.9866821289063,2.7335948944091797,3.7139828638551133,2.4098708967710363,1.3531898975372314,Uruguay|soybean,0,-2.3607929663178817
3,Uruguay_DUP4_farm10_field501_soybean_2022,Uruguay,soybean,Uruguay|soybean,1765.9866821289063,3.887279510498047,2.675996279358384,2.4098708967710363,1.3531898975372314,Uruguay|soybean,0,-1.3228063818211526
3,Uruguay_DUP4_farm10_field507_soybean_2022,Uruguay,soybean,Uruguay|soybean,1765.9866821289063,2.9458301067352295,3.2819874951378236,2.4098708967710363,1.3531898975372314,Uruguay|soybean,0,-1.9287975976005922
3,Uruguay_DUP4_farm10_field509_soybean_2022,Uruguay,soybean,Uruguay|soybean,1765.9866821289063,2.86220121383667,3.0472441279700226,2.4098708967710363,1.3531898975372314,Uruguay|soybean,0,-1.6940542304327912
3,Uruguay_DUP4_farm10_field519_soybean_2022,Uruguay,soybean,Uruguay|soybean,1765.9866821289063,3.1937015056610107,3.6035802210045427,2.4098708967710363,1.3531898975372314,Uruguay|soybean,0,-2.250390323467311
3,Uruguay_DUP4_farm10_field545_soybean_2022,Uruguay,soybean,Uruguay|soybean,1765.9866821289063,2.3786394596099854,2.822949841278755,2.4098708967710363,1.3531898975372314,Uruguay|soybean,0,-1.4697599437415236
3,Uruguay_DUP4_farm10_field549_soybean_2022,Uruguay,soybean,Uruguay|soybean,1765.9866821289063,3.952338933944702,2.425398716164348,2.4098708967710363,1.3531898975372314,Uruguay|soybean,0,-1.0722088186271168
3,Uruguay_DUP4_farm10_field550_soybean_2022,Uruguay,soybean,Uruguay|soybean,1765.9866821289063,2.455794334411621,1.9839774628859217,2.4098708967710363,1.3531898975372314,Uruguay|soybean,0,-0.6307875653486903
3,Uruguay_DUP4_farm10_field554_soybean_2022,Uruguay,soybean,Uruguay|soybean,1765.9866821289063,3.0977115631103516,3.81786305239842,2.4098708967710363,1.3531898975372314,Uruguay|soybean,0,-2.464673154861188
3,Uruguay_DUP4_farm10_field566_soybean_2019,Uruguay,soybean,Uruguay|soybean,1765.9866821289063,3.392350435256958,3.816670905111974,2.4098708967710363,1.3531898975372314,Uruguay|soybean,0,-2.4634810075747424
3,Uruguay_DUP4_farm10_field572_soybean_2019,Uruguay,soybean,Uruguay|soybean,1765.9866821289063,3.1449480056762695,2.857580836968433,2.4098708967710363,1.3531898975372314,Uruguay|soybean,0,-1.5043909394312014
3,Uruguay_DUP4_farm1_field3_soybean_2019,Uruguay,soybean,Uruguay|soybean,1765.9866821289063,2.351896286010742,3.471886709871531,2.4098708967710363,1.3531898975372314,Uruguay|soybean,0,-2.1186968123342993
3,Uruguay_DUP4_farm2_field11_soybean_2021,Uruguay,soybean,Uruguay|soybean,1765.9866821289063,2.6270647048950195,2.475925543636247,2.4098708967710363,1.3531898975372314,Uruguay|soybean,0,-1.1227356460990154
3,Uruguay_DUP4_farm2_field12_soybean_2021,Uruguay,soybean,Uruguay|soybean,1765.9866821289063,2.5545618534088135,2.1274191636356745,2.4098708967710363,1.3531898975372314,Uruguay|soybean,0,-0.7742292660984431
3,Uruguay_DUP4_farm2_field20_soybean_2021,Uruguay,soybean,Uruguay|soybean,1765.9866821289063,2.225886821746826,2.095622631232107,2.4098708967710363,1.3531898975372314,Uruguay|soybean,0,-0.7424327336948757
3,Uruguay_DUP4_farm2_field26_soybean_2019,Uruguay,soybean,Uruguay|soybean,1765.9866821289063,2.9249823093414307,3.153806455632971,2.4098708967710363,1.3531898975372314,Uruguay|soybean,0,-1.8006165580957394
3,Uruguay_DUP4_farm2_field27_soybean_2021,Uruguay,soybean,Uruguay|soybean,1765.9866821289063,1.9300817251205444,2.272373459084673,2.4098708967710363,1.3531898975372314,Uruguay|soybean,0,-0.9191835615474415
3,Uruguay_DUP4_farm2_field31_soybean_2018,Uruguay,soybean,Uruguay|soybean,1765.9866821289063,2.0568480491638184,1.5654141310022966,2.4098708967710363,1.3531898975372314,Uruguay|soybean,0,-0.21222423346506525
3,Uruguay_DUP4_farm2_field32_soybean_2018,Uruguay,soybean,Uruguay|soybean,1765.9866821289063,0.8470730185508728,2.206568522289005,2.4098708967710363,1.3531898975372314,Uruguay|soybean,1,-0.8533786247517734
3,Uruguay_DUP4_farm2_field33_soybean_2018,Uruguay,soybean,Uruguay|soybean,1765.9866821289063,1.3993847370147705,1.9225040383754355,2.4098708967710363,1.3531898975372314,Uruguay|soybean,0,-0.5693141408382041
3,Uruguay_DUP4_farm2_field39_soybean_2018,Uruguay,soybean,Uruguay|soybean,1765.9866821289063,4.97405481338501,1.9403625901878983,2.4098708967710363,1.3531898975372314,Uruguay|soybean,0,-0.5871726926506668
3,Uruguay_DUP4_farm2_field8_soybean_2019,Uruguay,soybean,Uruguay|soybean,1765.9866821289063,3.0108213424682617,3.3954085169019588,2.4098708967710363,1.3531898975372314,Uruguay|soybean,0,-2.0422186193647276
3,Uruguay_DUP4_farm2_field9_soybean_2020,Uruguay,soybean,Uruguay|soybean,1765.9866821289063,1.4275484085083008,1.751635375687509,2.4098708967710363,1.3531898975372314,Uruguay|soybean,0,-0.39844547815027753
3,Uruguay_DUP4_farm3_field63_soybean_2021,Uruguay,soybean,Uruguay|soybean,1765.9866821289063,2.579521656036377,2.6275981579211662,2.4098708967710363,1.3531898975372314,Uruguay|soybean,0,-1.2744082603839348
3,Uruguay_DUP4_farm3_field70_soybean_2019,Uruguay,soybean,Uruguay|soybean,1765.9866821289063,3.797386646270752,2.8896312230915178,2.4098708967710363,1.3531898975372314,Uruguay|soybean,0,-1.5364413255542864
3,Uruguay_DUP4_farm3_field73_soybean_2019,Uruguay,soybean,Uruguay|soybean,1765.9866821289063,3.78401780128479,2.8271778191154375,2.4098708967710363,1.3531898975372314,Uruguay|soybean,0,-1.4739879215782061
3,Uruguay_DUP4_farm4_field106_soybean_2018,Uruguay,soybean,Uruguay|soybean,1765.9866821289063,1.0942317247390747,1.675709529953278,2.4098708967710363,1.3531898975372314,Uruguay|soybean,1,-0.32251963241604664
3,Uruguay_DUP4_farm4_field117_soybean_2018,Uruguay,soybean,Uruguay|soybean,1765.9866821289063,1.3852356672286987,1.6004817051732878,2.4098708967710363,1.3531898975372314,Uruguay|soybean,0,-0.2472918076360564
3,Uruguay_DUP4_farm4_field121_soybean_2018,Uruguay,soybean,Uruguay|soybean,1765.9866821289063,0.9711331725120544,1.7839518171430195,2.4098708967710363,1.3531898975372314,Uruguay|soybean,1,-0.43076191960578814
3,Uruguay_DUP4_farm4_field123_soybean_2019,Uruguay,soybean,Uruguay|soybean,1765.9866821289063,3.6124894618988037,3.0649940665711135,2.4098708967710363,1.3531898975372314,Uruguay|soybean,0,-1.711804169033882
3,Uruguay_DUP4_farm4_field129_soybean_2019,Uruguay,soybean,Uruguay|soybean,1765.9866821289063,4.022403717041016,2.3024211000843615,2.4098708967710363,1.3531898975372314,Uruguay|soybean,0,-0.9492312025471301
3,Uruguay_DUP4_farm4_field132_soybean_2018,Uruguay,soybean,Uruguay|soybean,1765.9866821289063,1.5064284801483154,1.5310653664172944,2.4098708967710363,1.3531898975372314,Uruguay|soybean,0,-0.177875468880063
3,Uruguay_DUP4_farm4_field148_soybean_2022,Uruguay,soybean,Uruguay|soybean,1765.9866821289063,3.7745838165283203,3.1286162619236544,2.4098708967710363,1.3531898975372314,Uruguay|soybean,0,-1.775426364386423
3,Uruguay_DUP4_farm4_field152_soybean_2022,Uruguay,soybean,Uruguay|soybean,1765.9866821289063,3.371297836303711,2.937663273786548,2.4098708967710363,1.3531898975372314,Uruguay|soybean,0,-1.5844733762493164
3,Uruguay_DUP4_farm4_field166_soybean_2019,Uruguay,soybean,Uruguay|soybean,1765.9866821289063,3.933269739151001,3.582877662867892,2.4098708967710363,1.3531898975372314,Uruguay|soybean,0,-2.2296877653306604
3,Uruguay_DUP4_farm4_field75_soybean_2019,Uruguay,soybean,Uruguay|soybean,1765.9866821289063,4.676286220550537,3.4851359204202486,2.4098708967710363,1.3531898975372314,Uruguay|soybean,0,-2.1319460228830174
3,Uruguay_DUP4_farm4_field76_soybean_2019,Uruguay,soybean,Uruguay|soybean,1765.9866821289063,3.76745867729187,3.285809309141124,2.4098708967710363,1.3531898975372314,Uruguay|soybean,0,-1.9326194116038924
3,Uruguay_DUP4_farm4_field80_soybean_2019,Uruguay,soybean,Uruguay|soybean,1765.9866821289063,3.9741175174713135,3.559533943757904,2.4098708967710363,1.3531898975372314,Uruguay|soybean,0,-2.2063440462206723
3,Uruguay_DUP4_farm4_field89_soybean_2021,Uruguay,soybean,Uruguay|soybean,1765.9866821289063,1.9347290992736816,1.6844494976929414,2.4098708967710363,1.3531898975372314,Uruguay|soybean,0,-0.33125960015571
3,Uruguay_DUP4_farm4_field91_soybean_2021,Uruguay,soybean,Uruguay|soybean,1765.9866821289063,1.702459454536438,1.570277835492059,2.4098708967710363,1.3531898975372314,Uruguay|soybean,0,-0.21708793795482761
3,Uruguay_DUP4_farm4_field94_soybean_2021,Uruguay,soybean,Uruguay|soybean,1765.9866821289063,2.57528018951416,1.8429866493703473,2.4098708967710363,1.3531898975372314,Uruguay|soybean,0,-0.4897967518331159
3,Uruguay_DUP4_farm4_field98_soybean_2021,Uruguay,soybean,Uruguay|soybean,1765.9866821289063,1.243234634399414,1.628565671970605,2.4098708967710363,1.3531898975372314,Uruguay|soybean,1,-0.2753757744333736
3,Uruguay_DUP4_farm6_field174_soybean_2019,Uruguay,soybean,Uruguay|soybean,1765.9866821289063,2.2168068885803223,2.538667392987519,2.4098708967710363,1.3531898975372314,Uruguay|soybean,0,-1.1854774954502878
3,Uruguay_DUP4_farm7_field182_soybean_2020,Uruguay,soybean,Uruguay|soybean,1765.9866821289063,3.28501033782959,3.1624873789823877,2.4098708967710363,1.3531898975372314,Uruguay|soybean,0,-1.8092974814451563
3,Uruguay_DUP4_farm7_field188_soybean_2018,Uruguay,soybean,Uruguay|soybean,1765.9866821289063,4.035690784454346,1.470321052945445,2.4098708967710363,1.3531898975372314,Uruguay|soybean,0,-0.1171311554082135
3,Uruguay_DUP4_farm7_field190_soybean_2018,Uruguay,soybean,Uruguay|soybean,1765.9866821289063,1.6221749782562256,1.4652156118958266,2.4098708967710363,1.3531898975372314,Uruguay|soybean,0,-0.11202571435859521
3,Uruguay_DUP4_farm7_field194_soybean_2018,Uruguay,soybean,Uruguay|soybean,1765.9866821289063,1.3293033838272095,1.5391278646527917,2.4098708967710363,1.3531898975372314,Uruguay|soybean,1,-0.18593796711556032
3,Uruguay_DUP4_farm7_field197_soybean_2018,Uruguay,soybean,Uruguay|soybean,1765.9866821289063,2.2386724948883057,1.8396548716598977,2.4098708967710363,1.3531898975372314,Uruguay|soybean,0,-0.4864649741226663
3,Uruguay_DUP4_farm7_field207_soybean_2018,Uruguay,soybean,Uruguay|soybean,1765.9866821289063,1.8242532014846802,2.1684926565215634,2.4098708967710363,1.3531898975372314,Uruguay|soybean,0,-0.815302758984332
3,Uruguay_DUP4_farm7_field210_soybean_2018,Uruguay,soybean,Uruguay|soybean,1765.9866821289063,1.7316771745681763,1.8870132727168967,2.4098708967710363,1.3531898975372314,Uruguay|soybean,0,-0.5338233751796653
3,Uruguay_DUP4_farm7_field212_soybean_2018,Uruguay,soybean,Uruguay|soybean,1765.9866821289063,1.7255641222000122,1.4898185215636173,2.4098708967710363,1.3531898975372314,Uruguay|soybean,0,-0.13662862402638587
3,Uruguay_DUP4_farm7_field225_soybean_2019,Uruguay,soybean,Uruguay|soybean,1765.9866821289063,4.352810859680176,3.5028132543463375,2.4098708967710363,1.3531898975372314,Uruguay|soybean,0,-2.149623356809106
3,Uruguay_DUP4_farm7_field226_soybean_2019,Uruguay,soybean,Uruguay|soybean,1765.9866821289063,3.109001398086548,3.1022898852786613,2.4098708967710363,1.3531898975372314,Uruguay|soybean,0,-1.74909998774143
3,Uruguay_DUP4_farm8_field243_soybean_2019,Uruguay,soybean,Uruguay|soybean,1765.9866821289063,3.3115487098693848,3.714176555512135,2.4098708967710363,1.3531898975372314,Uruguay|soybean,0,-2.3609866579749035
3,Uruguay_DUP4_farm8_field245_soybean_2021,Uruguay,soybean,Uruguay|soybean,1765.9866821289063,1.3890055418014526,2.172148848546108,2.4098708967710363,1.3531898975372314,Uruguay|soybean,0,-0.8189589510088766
3,Uruguay_DUP4_farm8_field252_soybean_2019,Uruguay,soybean,Uruguay|soybean,1765.9866821289063,2.2136690616607666,2.5543479876644692,2.4098708967710363,1.3531898975372314,Uruguay|soybean,0,-1.2011580901272378
3,Uruguay_DUP4_farm8_field254_soybean_2019,Uruguay,soybean,Uruguay|soybean,1765.9866821289063,2.3891501426696777,2.1502094455547587,2.4098708967710363,1.3531898975372314,Uruguay|soybean,0,-0.7970195480175273
3,Uruguay_DUP4_farm8_field257_soybean_2019,Uruguay,soybean,Uruguay|soybean,1765.9866821289063,3.613403081893921,2.6048591468314495,2.4098708967710363,1.3531898975372314,Uruguay|soybean,0,-1.251669249294218
3,Uruguay_DUP4_farm8_field258_soybean_2019,Uruguay,soybean,Uruguay|soybean,1765.9866821289063,3.1082310676574707,2.8772250655105864,2.4098708967710363,1.3531898975372314,Uruguay|soybean,0,-1.524035167973355
3,Uruguay_DUP4_farm9_field265_soybean_2019,Uruguay,soybean,Uruguay|soybean,1765.9866821289063,2.1042425632476807,2.1177656280863406,2.4098708967710363,1.3531898975372314,Uruguay|soybean,0,-0.7645757305491092
3,Uruguay_DUP4_farm9_field270_soybean_2018,Uruguay,soybean,Uruguay|soybean,1765.9866821289063,3.5044057369232178,2.3628047906207126,2.4098708967710363,1.3531898975372314,Uruguay|soybean,0,-1.0096148930834812
3,Uruguay_DUP4_farm9_field271_soybean_2018,Uruguay,soybean,Uruguay|soybean,1765.9866821289063,1.4167546033859253,2.1394817735632996,2.4098708967710363,1.3531898975372314,Uruguay|soybean,0,-0.7862918760260682
3,Uruguay_DUP4_farm9_field277_soybean_2019,Uruguay,soybean,Uruguay|soybean,1765.9866821289063,2.2958898544311523,2.135664918083684,2.4098708967710363,1.3531898975372314,Uruguay|soybean,0,-0.7824750205464526
3,Uruguay_DUP4_farm9_field287_soybean_2018,Uruguay,soybean,Uruguay|soybean,1765.9866821289063,2.1983728408813477,2.1500112284284594,2.4098708967710363,1.3531898975372314,Uruguay|soybean,0,-0.796821330891228
3,Uruguay_DUP4_farm9_field288_soybean_2018,Uruguay,soybean,Uruguay|soybean,1765.9866821289063,2.7589340209960938,1.9175958226200214,2.4098708967710363,1.3531898975372314,Uruguay|soybean,0,-0.56440592508279
