fold,field_id,farm,group,target,prediction,baseline,cutoff,low
1,Argentina_DUP1_farm10_field104_soybean_2024,Argentina|DUP1|farm10,Argentina|soybean,4.9698100090026855,4.19824185687304,3.3560553200900816,2.29231915473938,0
1,Argentina_DUP1_farm10_field105_soybean_2024,Argentina|DUP1|farm10,Argentina|soybean,3.439929962158203,4.512055726769381,3.3560553200900816,2.29231915473938,0
1,Argentina_DUP1_farm14_field113_soybean_2022,Argentina|DUP1|farm14,Argentina|soybean,3.288707733154297,3.8149413219392843,3.3560553200900816,2.29231915473938,0
1,Argentina_DUP1_farm14_field114_soybean_2022,Argentina|DUP1|farm14,Argentina|soybean,4.077847957611084,4.159082035451883,3.3560553200900816,2.29231915473938,0
1,Argentina_DUP1_farm14_field115_soybean_2022,Argentina|DUP1|farm14,Argentina|soybean,3.356135129928589,3.5795572915051714,3.3560553200900816,2.29231915473938,0
1,Argentina_DUP1_farm14_field116_corn_2023,Argentina|DUP1|farm14,Argentina|corn,6.6592559814453125,6.076693999531919,9.180868778626124,6.925798225402832,1
1,Argentina_DUP1_farm14_field117_corn_2023,Argentina|DUP1|farm14,Argentina|corn,7.169715881347656,5.278894941017985,9.180868778626124,6.925798225402832,0
1,Argentina_DUP1_farm14_field118_corn_2023,Argentina|DUP1|farm14,Argentina|corn,7.422622203826904,6.707856456051763,9.180868778626124,6.925798225402832,0
1,Argentina_DUP1_farm20_field208_soybean_2023,Argentina|DUP1|farm20,Argentina|soybean,3.4732041358947754,3.529922428605064,3.3560553200900816,2.29231915473938,0
1,Argentina_DUP1_farm20_field209_soybean_2023,Argentina|DUP1|farm20,Argentina|soybean,2.601668357849121,3.558052243177522,3.3560553200900816,2.29231915473938,0
1,Argentina_DUP1_farm25_field240_corn_2023,Argentina|DUP1|farm25,Argentina|corn,6.163111209869385,7.338774509698153,9.180868778626124,6.925798225402832,1
1,Argentina_DUP1_farm25_field241_soybean_2023,Argentina|DUP1|farm25,Argentina|soybean,2.025871515274048,3.558721595304906,3.3560553200900816,2.29231915473938,1
1,Argentina_DUP1_farm25_field243_soybean_2023,Argentina|DUP1|farm25,Argentina|soybean,1.6614036560058594,3.617617824843259,3.3560553200900816,2.29231915473938,1
1,Argentina_DUP1_farm25_field244_corn_2023,Argentina|DUP1|farm25,Argentina|corn,7.3150634765625,9.062204326239211,9.180868778626124,6.925798225402832,0
1,Argentina_DUP1_farm25_field245_corn_2023,Argentina|DUP1|farm25,Argentina|corn,8.207260131835938,7.55645993932402,9.180868778626124,6.925798225402832,0
1,Argentina_DUP1_farm25_field246_corn_2023,Argentina|DUP1|farm25,Argentina|corn,6.059258937835693,7.400715313537153,9.180868778626124,6.925798225402832,1
1,Argentina_DUP1_farm25_field247_soybean_2023,Argentina|DUP1|farm25,Argentina|soybean,1.3509501218795776,3.512536501249975,3.3560553200900816,2.29231915473938,1
1,Argentina_DUP1_farm25_field248_corn_2023,Argentina|DUP1|farm25,Argentina|corn,8.969398498535156,10.114452129546263,9.180868778626124,6.925798225402832,0
1,Argentina_DUP1_farm25_field250_corn_2023,Argentina|DUP1|farm25,Argentina|corn,8.849778175354004,9.073741056302516,9.180868778626124,6.925798225402832,0
1,Argentina_DUP1_farm25_field251_soybean_2023,Argentina|DUP1|farm25,Argentina|soybean,1.1157004833221436,2.852061573255528,3.3560553200900816,2.29231915473938,1
1,Argentina_DUP1_farm25_field254_soybean_2023,Argentina|DUP1|farm25,Argentina|soybean,1.8528048992156982,3.357004361021194,3.3560553200900816,2.29231915473938,1
1,Argentina_DUP1_farm25_field255_soybean_2023,Argentina|DUP1|farm25,Argentina|soybean,5.6968584060668945,3.672441457902983,3.3560553200900816,2.29231915473938,0
1,Argentina_DUP1_farm25_field257_corn_2023,Argentina|DUP1|farm25,Argentina|corn,6.935965061187744,7.559129231345356,9.180868778626124,6.925798225402832,0
1,Argentina_DUP1_farm25_field258_corn_2023,Argentina|DUP1|farm25,Argentina|corn,8.343838691711426,9.796877946916618,9.180868778626124,6.925798225402832,0
1,Argentina_DUP1_farm25_field260_corn_2023,Argentina|DUP1|farm25,Argentina|corn,6.742878437042236,8.042749720491312,9.180868778626124,6.925798225402832,1
1,Argentina_DUP1_farm25_field262_corn_2023,Argentina|DUP1|farm25,Argentina|corn,5.221014022827148,6.741473151930757,9.180868778626124,6.925798225402832,1
1,Argentina_DUP1_farm25_field263_soybean_2023,Argentina|DUP1|farm25,Argentina|soybean,1.6766700744628906,3.2197453592488556,3.3560553200900816,2.29231915473938,1
1,Argentina_DUP1_farm25_field264_corn_2023,Argentina|DUP1|farm25,Argentina|corn,5.946253776550293,6.206104471663008,9.180868778626124,6.925798225402832,1
1,Argentina_DUP1_farm25_field265_corn_2023,Argentina|DUP1|farm25,Argentina|corn,6.954435348510742,7.945740741496984,9.180868778626124,6.925798225402832,0
1,Argentina_DUP1_farm25_field266_soybean_2023,Argentina|DUP1|farm25,Argentina|soybean,1.6826969385147095,3.48432943438296,3.3560553200900816,2.29231915473938,1
1,Argentina_DUP1_farm25_field267_corn_2023,Argentina|DUP1|farm25,Argentina|corn,6.310557842254639,6.546685904088078,9.180868778626124,6.925798225402832,1
1,Argentina_DUP1_farm26_field268_corn_2022,Argentina|DUP1|farm26,Argentina|corn,7.810363292694092,11.052241687056652,9.180868778626124,6.925798225402832,0
1,Argentina_DUP1_farm26_field269_soybean_2023,Argentina|DUP1|farm26,Argentina|soybean,2.464921712875366,2.603748468670479,3.3560553200900816,2.29231915473938,0
1,Argentina_DUP1_farm27_field271_soybean_2021,Argentina|DUP1|farm27,Argentina|soybean,3.700870990753174,3.1902453093152783,3.3560553200900816,2.29231915473938,0
1,Argentina_DUP1_farm27_field272_soybean_2021,Argentina|DUP1|farm27,Argentina|soybean,2.6120121479034424,2.2372765325823,3.3560553200900816,2.29231915473938,0
1,Argentina_DUP1_farm27_field273_soybean_2021,Argentina|DUP1|farm27,Argentina|soybean,3.9569242000579834,3.1019605296495714,3.3560553200900816,2.29231915473938,0
1,Argentina_DUP1_farm27_field274_soybean_2021,Argentina|DUP1|farm27,Argentina|soybean,3.1057066917419434,4.192076275682587,3.3560553200900816,2.29231915473938,0
1,Argentina_DUP1_farm27_field275_soybean_2021,Argentina|DUP1|farm27,Argentina|soybean,3.8535122871398926,3.6224110979866024,3.3560553200900816,2.29231915473938,0
1,Argentina_DUP1_farm27_field277_soybean_2021,Argentina|DUP1|farm27,Argentina|soybean,3.554532289505005,2.8418313292271296,3.3560553200900816,2.29231915473938,0
1,Argentina_DUP1_farm27_field278_soybean_2021,Argentina|DUP1|farm27,Argentina|soybean,3.7834856510162354,3.000233632426562,3.3560553200900816,2.29231915473938,0
1,Argentina_DUP1_farm27_field279_soybean_2021,Argentina|DUP1|farm27,Argentina|soybean,4.855313301086426,3.848357592350759,3.3560553200900816,2.29231915473938,0
1,Argentina_DUP1_farm27_field281_soybean_2021,Argentina|DUP1|farm27,Argentina|soybean,3.162588596343994,2.6368134359605464,3.3560553200900816,2.29231915473938,0
1,Argentina_DUP1_farm27_field282_soybean_2021,Argentina|DUP1|farm27,Argentina|soybean,2.9482030868530273,2.938259553247345,3.3560553200900816,2.29231915473938,0
1,Argentina_DUP1_farm27_field283_soybean_2021,Argentina|DUP1|farm27,Argentina|soybean,2.373455286026001,3.503149189491078,3.3560553200900816,2.29231915473938,0
1,Argentina_DUP1_farm27_field284_soybean_2021,Argentina|DUP1|farm27,Argentina|soybean,3.082868814468384,3.024793627680568,3.3560553200900816,2.29231915473938,0
1,Argentina_DUP1_farm27_field285_soybean_2021,Argentina|DUP1|farm27,Argentina|soybean,2.466569423675537,2.4340202730247604,3.3560553200900816,2.29231915473938,0
1,Argentina_DUP1_farm27_field288_soybean_2017,Argentina|DUP1|farm27,Argentina|soybean,5.497624397277832,3.9503008085042945,3.3560553200900816,2.29231915473938,0
1,Argentina_DUP1_farm27_field289_soybean_2020,Argentina|DUP1|farm27,Argentina|soybean,3.834390878677368,4.203917804782639,3.3560553200900816,2.29231915473938,0
1,Argentina_DUP1_farm27_field290_soybean_2020,Argentina|DUP1|farm27,Argentina|soybean,4.182098865509033,4.289874837185117,3.3560553200900816,2.29231915473938,0
1,Argentina_DUP1_farm27_field291_soybean_2020,Argentina|DUP1|farm27,Argentina|soybean,4.310147285461426,3.34381245934746,3.3560553200900816,2.29231915473938,0
1,Argentina_DUP1_farm27_field292_soybean_2020,Argentina|DUP1|farm27,Argentina|soybean,4.491723537445068,3.462363180910597,3.3560553200900816,2.29231915473938,0
1,Argentina_DUP1_farm27_field293_soybean_2020,Argentina|DUP1|farm27,Argentina|soybean,3.0765111446380615,3.251447772689576,3.3560553200900816,2.29231915473938,0
1,Argentina_DUP1_farm27_field294_soybean_2020,Argentina|DUP1|farm27,Argentina|soybean,4.229416370391846,3.6776408879398303,3.3560553200900816,2.29231915473938,0
1,Argentina_DUP1_farm27_field295_soybean_2020,Argentina|DUP1|farm27,Argentina|soybean,3.6645750999450684,3.4135275323369427,3.3560553200900816,2.29231915473938,0
1,Argentina_DUP1_farm27_field296_soybean_2022,Argentina|DUP1|farm27,Argentina|soybean,6.182585716247559,3.1180496385881113,3.3560553200900816,2.29231915473938,0
1,Argentina_DUP1_farm27_field297_soybean_2020,Argentina|DUP1|farm27,Argentina|soybean,3.6583564281463623,3.97598601190521,3.3560553200900816,2.29231915473938,0
1,Argentina_DUP1_farm27_field298_soybean_2022,Argentina|DUP1|farm27,Argentina|soybean,5.990981578826904,2.8386249625694804,3.3560553200900816,2.29231915473938,0
1,Argentina_DUP1_farm27_field299_soybean_2022,Argentina|DUP1|farm27,Argentina|soybean,5.873492240905762,3.2678744488864857,3.3560553200900816,2.29231915473938,0
1,Argentina_DUP1_farm27_field300_soybean_2022,Argentina|DUP1|farm27,Argentina|soybean,5.580543518066406,3.1500215819088413,3.3560553200900816,2.29231915473938,0
1,Argentina_DUP1_farm27_field301_soybean_2020,Argentina|DUP1|farm27,Argentina|soybean,4.45192289352417,3.6637693998280034,3.3560553200900816,2.29231915473938,0
1,Argentina_DUP1_farm27_field302_soybean_2020,Argentina|DUP1|farm27,Argentina|soybean,4.0592145919799805,3.9616493727643047,3.3560553200900816,2.29231915473938,0
1,Argentina_DUP1_farm27_field303_soybean_2020,Argentina|DUP1|farm27,Argentina|soybean,3.6582345962524414,2.9914997902079548,3.3560553200900816,2.29231915473938,0
1,Argentina_DUP1_farm27_field304_soybean_2020,Argentina|DUP1|farm27,Argentina|soybean,3.9769608974456787,3.8890710491390825,3.3560553200900816,2.29231915473938,0
1,Argentina_DUP1_farm27_field305_soybean_2020,Argentina|DUP1|farm27,Argentina|soybean,3.8682501316070557,3.9429863994683103,3.3560553200900816,2.29231915473938,0
1,Argentina_DUP1_farm27_field306_soybean_2020,Argentina|DUP1|farm27,Argentina|soybean,3.1472177505493164,3.1427358300813184,3.3560553200900816,2.29231915473938,0
1,Argentina_DUP1_farm27_field307_soybean_2020,Argentina|DUP1|farm27,Argentina|soybean,3.866696357727051,3.6240164082011272,3.3560553200900816,2.29231915473938,0
1,Argentina_DUP1_farm27_field308_soybean_2020,Argentina|DUP1|farm27,Argentina|soybean,3.5659828186035156,3.1516052692920082,3.3560553200900816,2.29231915473938,0
1,Argentina_DUP1_farm27_field309_soybean_2021,Argentina|DUP1|farm27,Argentina|soybean,3.608588457107544,2.6170107868972408,3.3560553200900816,2.29231915473938,0
1,Argentina_DUP1_farm27_field312_soybean_2021,Argentina|DUP1|farm27,Argentina|soybean,3.5195648670196533,2.792201944704515,3.3560553200900816,2.29231915473938,0
1,Argentina_DUP1_farm32_field335_soybean_2022,Argentina|DUP1|farm32,Argentina|soybean,2.011998414993286,2.6240748272791703,3.3560553200900816,2.29231915473938,1
1,Argentina_DUP1_farm32_field336_soybean_2022,Argentina|DUP1|farm32,Argentina|soybean,4.169549942016602,3.5982112318461446,3.3560553200900816,2.29231915473938,0
1,Argentina_DUP1_farm32_field337_soybean_2022,Argentina|DUP1|farm32,Argentina|soybean,2.687927722930908,2.7278095392738897,3.3560553200900816,2.29231915473938,0
1,Argentina_DUP1_farm32_field338_soybean_2022,Argentina|DUP1|farm32,Argentina|soybean,1.5561952590942383,3.067341480419738,3.3560553200900816,2.29231915473938,1
1,Argentina_DUP1_farm32_field339_soybean_2022,Argentina|DUP1|farm32,Argentina|soybean,2.7340404987335205,2.3398158675854415,3.3560553200900816,2.29231915473938,0
1,Argentina_DUP1_farm32_field341_corn_2023,Argentina|DUP1|farm32,Argentina|corn,4.540485858917236,8.326786866771782,9.180868778626124,6.925798225402832,1
1,Argentina_DUP1_farm35_field345_corn_2022,Argentina|DUP1|farm35,Argentina|corn,6.367640018463135,8.296115305107527,9.180868778626124,6.925798225402832,1
1,Argentina_DUP1_farm35_field346_corn_2022,Argentina|DUP1|farm35,Argentina|corn,9.250591278076172,8.895712896158505,9.180868778626124,6.925798225402832,0
1,Argentina_DUP1_farm35_field347_soybean_2022,Argentina|DUP1|farm35,Argentina|soybean,2.554513692855835,3.1785562134447423,3.3560553200900816,2.29231915473938,0
1,Argentina_DUP1_farm35_field348_soybean_2022,Argentina|DUP1|farm35,Argentina|soybean,2.086683511734009,3.3666997918556025,3.3560553200900816,2.29231915473938,1
1,Argentina_DUP1_farm35_field349_corn_2022,Argentina|DUP1|farm35,Argentina|corn,9.300451278686523,8.595344077951276,9.180868778626124,6.925798225402832,0
1,Argentina_DUP1_farm35_field350_soybean_2023,Argentina|DUP1|farm35,Argentina|soybean,2.6907758712768555,3.190473032752556,3.3560553200900816,2.29231915473938,0
1,Argentina_DUP1_farm35_field351_corn_2022,Argentina|DUP1|farm35,Argentina|corn,6.181455135345459,9.245614400927483,9.180868778626124,6.925798225402832,1
1,Argentina_DUP1_farm35_field352_soybean_2022,Argentina|DUP1|farm35,Argentina|soybean,2.0671913623809814,2.3205595736018605,3.3560553200900816,2.29231915473938,1
1,Argentina_DUP1_farm35_field353_corn_2022,Argentina|DUP1|farm35,Argentina|corn,8.541718482971191,8.404307990200033,9.180868778626124,6.925798225402832,0
1,Argentina_DUP1_farm35_field354_soybean_2022,Argentina|DUP1|farm35,Argentina|soybean,4.82171630859375,2.7129465719253387,3.3560553200900816,2.29231915473938,0
1,Argentina_DUP1_farm35_field355_corn_2022,Argentina|DUP1|farm35,Argentina|corn,6.763973712921143,7.4694609571021795,9.180868778626124,6.925798225402832,1
1,Argentina_DUP1_farm35_field356_corn_2022,Argentina|DUP1|farm35,Argentina|corn,8.216141700744629,8.508964064564301,9.180868778626124,6.925798225402832,0
1,Argentina_DUP1_farm35_field357_corn_2022,Argentina|DUP1|farm35,Argentina|corn,5.9323649406433105,6.858592703928855,9.180868778626124,6.925798225402832,1
1,Argentina_DUP1_farm39_field418_corn_2022,Argentina|DUP1|farm39,Argentina|corn,9.591556549072266,9.718478232207996,9.180868778626124,6.925798225402832,0
1,Argentina_DUP1_farm39_field419_wheat_2022,Argentina|DUP1|farm39,Argentina|wheat,1.0908105373382568,1.0467900527591802,4.307884547682035,2.2237918376922607,1
1,Argentina_DUP1_farm39_field420_wheat_2022,Argentina|DUP1|farm39,Argentina|wheat,2.7468459606170654,4.175558625969202,4.307884547682035,2.2237918376922607,0
1,Argentina_DUP1_farm39_field421_wheat_2022,Argentina|DUP1|farm39,Argentina|wheat,3.028872489929199,3.0732157853495328,4.307884547682035,2.2237918376922607,0
1,Argentina_DUP1_farm39_field422_soybean_2023,Argentina|DUP1|farm39,Argentina|soybean,1.4092966318130493,1.7789265265224243,3.3560553200900816,2.29231915473938,1
1,Argentina_DUP1_farm39_field423_soybean_2024,Argentina|DUP1|farm39,Argentina|soybean,5.198772430419922,4.206113471190646,3.3560553200900816,2.29231915473938,0
1,Argentina_DUP1_farm39_field424_corn_2024,Argentina|DUP1|farm39,Argentina|corn,12.210554122924805,10.59507762817434,9.180868778626124,6.925798225402832,0
1,Argentina_DUP1_farm39_field425_wheat_2023,Argentina|DUP1|farm39,Argentina|wheat,3.628329038619995,5.617433918120669,4.307884547682035,2.2237918376922607,0
1,Argentina_DUP1_farm39_field426_soybean_2024,Argentina|DUP1|farm39,Argentina|soybean,5.297545433044434,4.232463973867523,3.3560553200900816,2.29231915473938,0
1,Argentina_DUP1_farm39_field427_wheat_2023,Argentina|DUP1|farm39,Argentina|wheat,3.4955356121063232,6.77522783425197,4.307884547682035,2.2237918376922607,0
1,Argentina_DUP1_farm39_field429_soybean_2024,Argentina|DUP1|farm39,Argentina|soybean,4.775148868560791,4.196665031441771,3.3560553200900816,2.29231915473938,0
1,Argentina_DUP1_farm39_field430_soybean_2024,Argentina|DUP1|farm39,Argentina|soybean,5.103338241577148,4.394131410522954,3.3560553200900816,2.29231915473938,0
1,Argentina_DUP1_farm50_field666_wheat_2021,Argentina|DUP1|farm50,Argentina|wheat,6.197607517242432,5.650753148975786,4.307884547682035,2.2237918376922607,0
1,Argentina_DUP1_farm51_field667_soybean_2022,Argentina|DUP1|farm51,Argentina|soybean,2.705599546432495,2.8646837475708913,3.3560553200900816,2.29231915473938,0
1,Argentina_DUP1_farm51_field668_soybean_2022,Argentina|DUP1|farm51,Argentina|soybean,1.4079108238220215,2.781790168170599,3.3560553200900816,2.29231915473938,1
1,Argentina_DUP1_farm51_field669_soybean_2022,Argentina|DUP1|farm51,Argentina|soybean,1.6183972358703613,1.9409635829209988,3.3560553200900816,2.29231915473938,1
1,Argentina_DUP1_farm51_field670_soybean_2022,Argentina|DUP1|farm51,Argentina|soybean,3.330092430114746,3.810866252110256,3.3560553200900816,2.29231915473938,0
1,Argentina_DUP1_farm51_field671_soybean_2022,Argentina|DUP1|farm51,Argentina|soybean,1.088268756866455,1.743023600910263,3.3560553200900816,2.29231915473938,1
1,Argentina_DUP1_farm51_field672_soybean_2022,Argentina|DUP1|farm51,Argentina|soybean,1.8815526962280273,3.9084642706271997,3.3560553200900816,2.29231915473938,1
1,Argentina_DUP1_farm51_field673_soybean_2022,Argentina|DUP1|farm51,Argentina|soybean,3.0642240047454834,3.2280370246133003,3.3560553200900816,2.29231915473938,0
1,Argentina_DUP1_farm51_field674_soybean_2022,Argentina|DUP1|farm51,Argentina|soybean,3.6357386112213135,2.757704911085244,3.3560553200900816,2.29231915473938,0
1,Argentina_DUP1_farm51_field675_wheat_2021,Argentina|DUP1|farm51,Argentina|wheat,7.092201232910156,6.088153678082962,4.307884547682035,2.2237918376922607,0
1,Argentina_DUP1_farm51_field676_wheat_2021,Argentina|DUP1|farm51,Argentina|wheat,5.653107166290283,6.013367820867199,4.307884547682035,2.2237918376922607,0
1,Argentina_DUP1_farm51_field678_corn_2022,Argentina|DUP1|farm51,Argentina|corn,4.933140754699707,6.645597392762854,9.180868778626124,6.925798225402832,1
1,Argentina_DUP1_farm51_field679_corn_2022,Argentina|DUP1|farm51,Argentina|corn,6.004333019256592,4.3857030011179,9.180868778626124,6.925798225402832,1
1,Argentina_DUP1_farm51_field680_corn_2022,Argentina|DUP1|farm51,Argentina|corn,9.317485809326172,11.403972672817682,9.180868778626124,6.925798225402832,0
1,Argentina_DUP1_farm51_field682_corn_2022,Argentina|DUP1|farm51,Argentina|corn,7.432716369628906,6.116796609085538,9.180868778626124,6.925798225402832,0
1,Argentina_DUP1_farm51_field683_wheat_2022,Argentina|DUP1|farm51,Argentina|wheat,1.9965876340866089,3.9647910516941405,4.307884547682035,2.2237918376922607,1
1,Argentina_DUP1_farm51_field684_wheat_2022,Argentina|DUP1|farm51,Argentina|wheat,2.1196327209472656,2.378055387947935,4.307884547682035,2.2237918376922607,1
1,Argentina_DUP1_farm51_field685_wheat_2022,Argentina|DUP1|farm51,Argentina|wheat,1.9370661973953247,3.241907124450446,4.307884547682035,2.2237918376922607,1
1,Argentina_DUP1_farm56_field748_wheat_2023,Argentina|DUP1|farm56,Argentina|wheat,1.3058000802993774,2.6896154273853936,4.307884547682035,2.2237918376922607,1
1,Argentina_DUP1_farm56_field749_wheat_2023,Argentina|DUP1|farm56,Argentina|wheat,5.699956893920898,3.8442983732580083,4.307884547682035,2.2237918376922607,0
1,Argentina_DUP1_farm56_field750_soybean_2023,Argentina|DUP1|farm56,Argentina|soybean,1.5359516143798828,2.4726184061136576,3.3560553200900816,2.29231915473938,1
1,Argentina_DUP1_farm56_field752_wheat_2023,Argentina|DUP1|farm56,Argentina|wheat,2.2707977294921875,3.330734748777317,4.307884547682035,2.2237918376922607,0
1,Argentina_DUP1_farm57_field753_soybean_2022,Argentina|DUP1|farm57,Argentina|soybean,2.242797613143921,3.507540613078466,3.3560553200900816,2.29231915473938,1
1,Uruguay_DUP4_farm10_field290_soybean_2019,Uruguay|DUP4|farm10,Uruguay|soybean,4.082549571990967,3.434392501585677,2.4354127491291484,1.502111792564392,0
1,Uruguay_DUP4_farm10_field291_soybean_2019,Uruguay|DUP4|farm10,Uruguay|soybean,3.6286444664001465,2.829997099414361,2.4354127491291484,1.502111792564392,0
1,Uruguay_DUP4_farm10_field292_soybean_2019,Uruguay|DUP4|farm10,Uruguay|soybean,4.163275241851807,3.5708924054516085,2.4354127491291484,1.502111792564392,0
1,Uruguay_DUP4_farm10_field296_soybean_2019,Uruguay|DUP4|farm10,Uruguay|soybean,3.50614070892334,2.7467761686859196,2.4354127491291484,1.502111792564392,0
1,Uruguay_DUP4_farm10_field297_soybean_2019,Uruguay|DUP4|farm10,Uruguay|soybean,2.1943323612213135,2.5353721946414245,2.4354127491291484,1.502111792564392,0
1,Uruguay_DUP4_farm10_field298_soybean_2019,Uruguay|DUP4|farm10,Uruguay|soybean,3.2545080184936523,2.875202722784164,2.4354127491291484,1.502111792564392,0
1,Uruguay_DUP4_farm10_field299_soybean_2019,Uruguay|DUP4|farm10,Uruguay|soybean,1.6587072610855103,1.8692069011217955,2.4354127491291484,1.502111792564392,0
1,Uruguay_DUP4_farm10_field300_soybean_2019,Uruguay|DUP4|farm10,Uruguay|soybean,2.138275623321533,2.7920696128886444,2.4354127491291484,1.502111792564392,0
1,Uruguay_DUP4_farm10_field301_soybean_2019,Uruguay|DUP4|farm10,Uruguay|soybean,3.120407819747925,3.793702285890822,2.4354127491291484,1.502111792564392,0
1,Uruguay_DUP4_farm10_field302_soybean_2019,Uruguay|DUP4|farm10,Uruguay|soybean,3.6885831356048584,3.511128634059671,2.4354127491291484,1.502111792564392,0
1,Uruguay_DUP4_farm10_field303_soybean_2019,Uruguay|DUP4|farm10,Uruguay|soybean,3.7261812686920166,3.9732297422231913,2.4354127491291484,1.502111792564392,0
1,Uruguay_DUP4_farm10_field305_soybean_2019,Uruguay|DUP4|farm10,Uruguay|soybean,3.713834285736084,3.6580226376199994,2.4354127491291484,1.502111792564392,0
1,Uruguay_DUP4_farm10_field306_soybean_2019,Uruguay|DUP4|farm10,Uruguay|soybean,3.525247812271118,2.7960628400137795,2.4354127491291484,1.502111792564392,0
1,Uruguay_DUP4_farm10_field307_soybean_2019,Uruguay|DUP4|farm10,Uruguay|soybean,3.0684432983398438,2.5491948372526494,2.4354127491291484,1.502111792564392,0
1,Uruguay_DUP4_farm10_field308_soybean_2019,Uruguay|DUP4|farm10,Uruguay|soybean,1.732975959777832,2.2872872280779863,2.4354127491291484,1.502111792564392,0
1,Uruguay_DUP4_farm10_field309_soybean_2019,Uruguay|DUP4|farm10,Uruguay|soybean,3.8736040592193604,3.4297995977870377,2.4354127491291484,1.502111792564392,0
1,Uruguay_DUP4_farm10_field310_soybean_2019,Uruguay|DUP4|farm10,Uruguay|soybean,2.4938011169433594,2.798759260969291,2.4354127491291484,1.502111792564392,0
1,Uruguay_DUP4_farm10_field311_soybean_2019,Uruguay|DUP4|farm10,Uruguay|soybean,3.852038860321045,3.5424849950686843,2.4354127491291484,1.502111792564392,0
1,Uruguay_DUP4_farm10_field312_soybean_2019,Uruguay|DUP4|farm10,Uruguay|soybean,4.091180801391602,3.1087398465446205,2.4354127491291484,1.502111792564392,0
1,Uruguay_DUP4_farm10_field313_soybean_2019,Uruguay|DUP4|farm10,Uruguay|soybean,3.9436349868774414,3.3738691286018114,2.4354127491291484,1.502111792564392,0
1,Uruguay_DUP4_farm10_field314_soybean_2019,Uruguay|DUP4|farm10,Uruguay|soybean,2.1780436038970947,3.297986257987338,2.4354127491291484,1.502111792564392,0
1,Uruguay_DUP4_farm10_field315_soybean_2019,Uruguay|DUP4|farm10,Uruguay|soybean,4.44348669052124,3.463700731873897,2.4354127491291484,1.502111792564392,0
1,Uruguay_DUP4_farm10_field317_soybean_2019,Uruguay|DUP4|farm10,Uruguay|soybean,3.8928515911102295,3.4290389105414705,2.4354127491291484,1.502111792564392,0
1,Uruguay_DUP4_farm10_field318_soybean_2019,Uruguay|DUP4|farm10,Uruguay|soybean,3.9589810371398926,3.305329158280723,2.4354127491291484,1.502111792564392,0
1,Uruguay_DUP4_farm10_field319_soybean_2019,Uruguay|DUP4|farm10,Uruguay|soybean,4.398415565490723,3.8364797183451023,2.4354127491291484,1.502111792564392,0
1,Uruguay_DUP4_farm10_field320_soybean_2019,Uruguay|DUP4|farm10,Uruguay|soybean,4.270547389984131,3.109528289413506,2.4354127491291484,1.502111792564392,0
1,Uruguay_DUP4_farm10_field322_soybean_2019,Uruguay|DUP4|farm10,Uruguay|soybean,4.01133394241333,3.2977909781775447,2.4354127491291484,1.502111792564392,0
1,Uruguay_DUP4_farm10_field323_soybean_2019,Uruguay|DUP4|farm10,Uruguay|soybean,3.092991590499878,3.1071634149016556,2.4354127491291484,1.502111792564392,0
1,Uruguay_DUP4_farm10_field324_soybean_2019,Uruguay|DUP4|farm10,Uruguay|soybean,4.2536187171936035,3.3740195040758167,2.4354127491291484,1.502111792564392,0
1,Uruguay_DUP4_farm10_field326_soybean_2019,Uruguay|DUP4|farm10,Uruguay|soybean,4.024853229522705,3.8547860133461676,2.4354127491291484,1.502111792564392,0
1,Uruguay_DUP4_farm10_field327_soybean_2019,Uruguay|DUP4|farm10,Uruguay|soybean,3.781477689743042,3.778455058422326,2.4354127491291484,1.502111792564392,0
1,Uruguay_DUP4_farm10_field328_soybean_2020,Uruguay|DUP4|farm10,Uruguay|soybean,3.276489019393921,2.274393934702898,2.4354127491291484,1.502111792564392,0
1,Uruguay_DUP4_farm10_field329_soybean_2020,Uruguay|DUP4|farm10,Uruguay|soybean,2.9296987056732178,1.8976439311574036,2.4354127491291484,1.502111792564392,0
1,Uruguay_DUP4_farm10_field330_soybean_2021,Uruguay|DUP4|farm10,Uruguay|soybean,1.5003668069839478,2.124016121762895,2.4354127491291484,1.502111792564392,1
1,Uruguay_DUP4_farm10_field331_soybean_2019,Uruguay|DUP4|farm10,Uruguay|soybean,3.3279080390930176,3.414019587977812,2.4354127491291484,1.502111792564392,0
1,Uruguay_DUP4_farm10_field332_soybean_2021,Uruguay|DUP4|farm10,Uruguay|soybean,2.3273873329162598,2.4384920166185315,2.4354127491291484,1.502111792564392,0
1,Uruguay_DUP4_farm10_field333_soybean_2021,Uruguay|DUP4|farm10,Uruguay|soybean,2.409923791885376,2.0571851469901925,2.4354127491291484,1.502111792564392,0
1,Uruguay_DUP4_farm10_field334_soybean_2019,Uruguay|DUP4|farm10,Uruguay|soybean,3.4782726764678955,3.2763044520212814,2.4354127491291484,1.502111792564392,0
1,Uruguay_DUP4_farm10_field335_soybean_2021,Uruguay|DUP4|farm10,Uruguay|soybean,2.0964415073394775,1.460737272588246,2.4354127491291484,1.502111792564392,0
1,Uruguay_DUP4_farm10_field336_soybean_2021,Uruguay|DUP4|farm10,Uruguay|soybean,2.2009482383728027,1.8550005284708373,2.4354127491291484,1.502111792564392,0
1,Uruguay_DUP4_farm10_field337_soybean_2021,Uruguay|DUP4|farm10,Uruguay|soybean,2.2223963737487793,1.6664740614567277,2.4354127491291484,1.502111792564392,0
1,Uruguay_DUP4_farm10_field338_soybean_2021,Uruguay|DUP4|farm10,Uruguay|soybean,1.9021694660186768,1.5997586783587727,2.4354127491291484,1.502111792564392,0
1,Uruguay_DUP4_farm10_field339_soybean_2019,Uruguay|DUP4|farm10,Uruguay|soybean,4.116392135620117,3.3926533804865464,2.4354127491291484,1.502111792564392,0
1,Uruguay_DUP4_farm10_field341_soybean_2019,Uruguay|DUP4|farm10,Uruguay|soybean,4.229065418243408,3.294617205189339,2.4354127491291484,1.502111792564392,0
1,Uruguay_DUP4_farm10_field342_soybean_2021,Uruguay|DUP4|farm10,Uruguay|soybean,0.9872077703475952,1.9170184543301647,2.4354127491291484,1.502111792564392,1
1,Uruguay_DUP4_farm10_field343_soybean_2021,Uruguay|DUP4|farm10,Uruguay|soybean,0.37174633145332336,2.049756466294843,2.4354127491291484,1.502111792564392,1
1,Uruguay_DUP4_farm10_field345_soybean_2021,Uruguay|DUP4|farm10,Uruguay|soybean,0.6244512796401978,1.8983073674576483,2.4354127491291484,1.502111792564392,1
1,Uruguay_DUP4_farm10_field346_soybean_2021,Uruguay|DUP4|farm10,Uruguay|soybean,1.5300010442733765,1.7409355627273513,2.4354127491291484,1.502111792564392,0
1,Uruguay_DUP4_farm10_field348_soybean_2021,Uruguay|DUP4|farm10,Uruguay|soybean,2.039130210876465,1.8769198981480901,2.4354127491291484,1.502111792564392,0
1,Uruguay_DUP4_farm10_field349_soybean_2021,Uruguay|DUP4|farm10,Uruguay|soybean,3.8642489910125732,2.8903755832515783,2.4354127491291484,1.502111792564392,0
1,Uruguay_DUP4_farm10_field350_soybean_2021,Uruguay|DUP4|farm10,Uruguay|soybean,1.7333228588104248,2.35299720958265,2.4354127491291484,1.502111792564392,0
1,Uruguay_DUP4_farm10_field351_soybean_2021,Uruguay|DUP4|farm10,Uruguay|soybean,1.6989418268203735,2.014722840945183,2.4354127491291484,1.502111792564392,0
1,Uruguay_DUP4_farm10_field352_soybean_2021,Uruguay|DUP4|farm10,Uruguay|soybean,2.1372525691986084,2.1632499326779326,2.4354127491291484,1.502111792564392,0
1,Uruguay_DUP4_farm10_field353_soybean_2021,Uruguay|DUP4|farm10,Uruguay|soybean,1.6692596673965454,2.213050805385358,2.4354127491291484,1.502111792564392,0
1,Uruguay_DUP4_farm10_field354_soybean_2021,Uruguay|DUP4|farm10,Uruguay|soybean,1.6008977890014648,2.036719467663715,2.4354127491291484,1.502111792564392,0
1,Uruguay_DUP4_farm10_field355_soybean_2019,Uruguay|DUP4|farm10,Uruguay|soybean,3.871948480606079,3.2228322453806215,2.4354127491291484,1.502111792564392,0
1,Uruguay_DUP4_farm10_field356_soybean_2021,Uruguay|DUP4|farm10,Uruguay|soybean,2.50512433052063,1.6592079031509734,2.4354127491291484,1.502111792564392,0
1,Uruguay_DUP4_farm10_field357_soybean_2021,Uruguay|DUP4|farm10,Uruguay|soybean,2.5322141647338867,1.721009458624959,2.4354127491291484,1.502111792564392,0
1,Uruguay_DUP4_farm10_field358_soybean_2021,Uruguay|DUP4|farm10,Uruguay|soybean,2.3653085231781006,1.828060207765164,2.4354127491291484,1.502111792564392,0
1,Uruguay_DUP4_farm10_field359_soybean_2021,Uruguay|DUP4|farm10,Uruguay|soybean,2.199373483657837,1.5449188360621497,2.4354127491291484,1.502111792564392,0
1,Uruguay_DUP4_farm10_field360_soybean_2021,Uruguay|DUP4|farm10,Uruguay|soybean,0.9380208849906921,2.0423267737236834,2.4354127491291484,1.502111792564392,1
1,Uruguay_DUP4_farm10_field361_soybean_2021,Uruguay|DUP4|farm10,Uruguay|soybean,2.166541814804077,2.261086649941541,2.4354127491291484,1.502111792564392,0
1,Uruguay_DUP4_farm10_field363_soybean_2021,Uruguay|DUP4|farm10,Uruguay|soybean,1.1587367057800293,1.5952643766320875,2.4354127491291484,1.502111792564392,1
1,Uruguay_DUP4_farm10_field364_soybean_2018,Uruguay|DUP4|farm10,Uruguay|soybean,1.4696505069732666,1.8939356538486551,2.4354127491291484,1.502111792564392,1
1,Uruguay_DUP4_farm10_field365_soybean_2018,Uruguay|DUP4|farm10,Uruguay|soybean,0.9161267280578613,1.8179590862180044,2.4354127491291484,1.502111792564392,1
1,Uruguay_DUP4_farm10_field368_soybean_2018,Uruguay|DUP4|farm10,Uruguay|soybean,1.9924685955047607,1.866430858355745,2.4354127491291484,1.502111792564392,0
1,Uruguay_DUP4_farm10_field369_soybean_2018,Uruguay|DUP4|farm10,Uruguay|soybean,1.1631176471710205,1.7909291100984115,2.4354127491291484,1.502111792564392,1
1,Uruguay_DUP4_farm10_field371_soybean_2018,Uruguay|DUP4|farm10,Uruguay|soybean,1.4367238283157349,1.7214970075629248,2.4354127491291484,1.502111792564392,1
1,Uruguay_DUP4_farm10_field372_soybean_2018,Uruguay|DUP4|farm10,Uruguay|soybean,0.8646675944328308,1.7844760534199782,2.4354127491291484,1.502111792564392,1
1,Uruguay_DUP4_farm10_field374_soybean_2018,Uruguay|DUP4|farm10,Uruguay|soybean,1.4888660907745361,2.018037524763489,2.4354127491291484,1.502111792564392,1
1,Uruguay_DUP4_farm10_field375_soybean_2018,Uruguay|DUP4|farm10,Uruguay|soybean,0.9958848357200623,1.800137726265937,2.4354127491291484,1.502111792564392,1
1,Uruguay_DUP4_farm10_field378_soybean_2018,Uruguay|DUP4|farm10,Uruguay|soybean,0.893182098865509,2.0923052254785524,2.4354127491291484,1.502111792564392,1
1,Uruguay_DUP4_farm10_field379_soybean_2018,Uruguay|DUP4|farm10,Uruguay|soybean,1.7962547540664673,1.521260483158016,2.4354127491291484,1.502111792564392,0
1,Uruguay_DUP4_farm10_field380_soybean_2018,Uruguay|DUP4|farm10,Uruguay|soybean,1.0647612810134888,1.8346506801731448,2.4354127491291484,1.502111792564392,1
1,Uruguay_DUP4_farm10_field381_soybean_2019,Uruguay|DUP4|farm10,Uruguay|soybean,2.8061270713806152,3.245274719416413,2.4354127491291484,1.502111792564392,0
1,Uruguay_DUP4_farm10_field382_soybean_2018,Uruguay|DUP4|farm10,Uruguay|soybean,1.5896437168121338,1.951403353183208,2.4354127491291484,1.502111792564392,0
1,Uruguay_DUP4_farm10_field383_soybean_2018,Uruguay|DUP4|farm10,Uruguay|soybean,0.7377678155899048,1.7284190757863669,2.4354127491291484,1.502111792564392,1
1,Uruguay_DUP4_farm10_field384_soybean_2018,Uruguay|DUP4|farm10,Uruguay|soybean,1.1061877012252808,1.6269036999025814,2.4354127491291484,1.502111792564392,1
1,Uruguay_DUP4_farm10_field385_soybean_2018,Uruguay|DUP4|farm10,Uruguay|soybean,1.9242231845855713,1.6313527774976997,2.4354127491291484,1.502111792564392,0
1,Uruguay_DUP4_farm10_field386_soybean_2018,Uruguay|DUP4|farm10,Uruguay|soybean,1.9034382104873657,1.437448177233292,2.4354127491291484,1.502111792564392,0
1,Uruguay_DUP4_farm10_field387_soybean_2018,Uruguay|DUP4|farm10,Uruguay|soybean,1.1194114685058594,1.6691044047980903,2.4354127491291484,1.502111792564392,1
1,Uruguay_DUP4_farm10_field388_soybean_2018,Uruguay|DUP4|farm10,Uruguay|soybean,1.3364392518997192,1.8280448520592354,2.4354127491291484,1.502111792564392,1
1,Uruguay_DUP4_farm10_field389_soybean_2018,Uruguay|DUP4|farm10,Uruguay|soybean,1.3533564805984497,1.4830772575887197,2.4354127491291484,1.502111792564392,1
1,Uruguay_DUP4_farm10_field390_soybean_2018,Uruguay|DUP4|farm10,Uruguay|soybean,3.5092477798461914,2.1105674260870337,2.4354127491291484,1.502111792564392,0
1,Uruguay_DUP4_farm10_field391_soybean_2018,Uruguay|DUP4|farm10,Uruguay|soybean,1.507399559020996,2.361997885350696,2.4354127491291484,1.502111792564392,0
1,Uruguay_DUP4_farm10_field392_soybean_2018,Uruguay|DUP4|farm10,Uruguay|soybean,2.4311797618865967,2.218721488887904,2.4354127491291484,1.502111792564392,0
1,Uruguay_DUP4_farm10_field393_soybean_2018,Uruguay|DUP4|farm10,Uruguay|soybean,1.0719428062438965,2.004575695665988,2.4354127491291484,1.502111792564392,1
1,Uruguay_DUP4_farm10_field394_soybean_2018,Uruguay|DUP4|farm10,Uruguay|soybean,1.339213252067566,1.8230655228466843,2.4354127491291484,1.502111792564392,1
1,Uruguay_DUP4_farm10_field395_soybean_2019,Uruguay|DUP4|farm10,Uruguay|soybean,2.8000290393829346,2.847110474149842,2.4354127491291484,1.502111792564392,0
1,Uruguay_DUP4_farm10_field396_soybean_2018,Uruguay|DUP4|farm10,Uruguay|soybean,3.5840401649475098,2.1727493308895367,2.4354127491291484,1.502111792564392,0
1,Uruguay_DUP4_farm10_field397_soybean_2018,Uruguay|DUP4|farm10,Uruguay|soybean,1.5945593118667603,2.5588173490979833,2.4354127491291484,1.502111792564392,0
1,Uruguay_DUP4_farm10_field398_soybean_2018,Uruguay|DUP4|farm10,Uruguay|soybean,0.9986316561698914,1.867298161451333,2.4354127491291484,1.502111792564392,1
1,Uruguay_DUP4_farm10_field399_soybean_2018,Uruguay|DUP4|farm10,Uruguay|soybean,1.3458727598190308,1.7596340338348837,2.4354127491291484,1.502111792564392,1
1,Uruguay_DUP4_farm10_field400_soybean_2018,Uruguay|DUP4|farm10,Uruguay|soybean,1.4940292835235596,1.7582871855838735,2.4354127491291484,1.502111792564392,1
1,Uruguay_DUP4_farm10_field401_soybean_2018,Uruguay|DUP4|farm10,Uruguay|soybean,1.8865536451339722,1.7723613130967935,2.4354127491291484,1.502111792564392,0
1,Uruguay_DUP4_farm10_field402_soybean_2018,Uruguay|DUP4|farm10,Uruguay|soybean,1.6694858074188232,1.579077464155728,2.4354127491291484,1.502111792564392,0
1,Uruguay_DUP4_farm10_field403_soybean_2018,Uruguay|DUP4|farm10,Uruguay|soybean,1.040474772453308,2.2006814888512958,2.4354127491291484,1.502111792564392,1
1,Uruguay_DUP4_farm10_field404_soybean_2018,Uruguay|DUP4|farm10,Uruguay|soybean,0.9787667393684387,2.2322866890367603,2.4354127491291484,1.502111792564392,1
1,Uruguay_DUP4_farm10_field405_soybean_2018,Uruguay|DUP4|farm10,Uruguay|soybean,1.1269198656082153,2.038903507452217,2.4354127491291484,1.502111792564392,1
1,Uruguay_DUP4_farm10_field406_soybean_2018,Uruguay|DUP4|farm10,Uruguay|soybean,1.3525235652923584,2.575195193858691,2.4354127491291484,1.502111792564392,1
1,Uruguay_DUP4_farm10_field407_soybean_2018,Uruguay|DUP4|farm10,Uruguay|soybean,1.5801929235458374,1.8158911351692624,2.4354127491291484,1.502111792564392,0
1,Uruguay_DUP4_farm10_field408_soybean_2018,Uruguay|DUP4|farm10,Uruguay|soybean,1.6810129880905151,1.9706050657998762,2.4354127491291484,1.502111792564392,0
1,Uruguay_DUP4_farm10_field409_soybean_2018,Uruguay|DUP4|farm10,Uruguay|soybean,1.8256875276565552,2.0825510653297696,2.4354127491291484,1.502111792564392,0
1,Uruguay_DUP4_farm10_field410_soybean_2018,Uruguay|DUP4|farm10,Uruguay|soybean,1.51240074634552,2.3914162403982915,2.4354127491291484,1.502111792564392,0
1,Uruguay_DUP4_farm10_field411_soybean_2018,Uruguay|DUP4|farm10,Uruguay|soybean,2.5807313919067383,1.8353140620469008,2.4354127491291484,1.502111792564392,0
1,Uruguay_DUP4_farm10_field412_soybean_2018,Uruguay|DUP4|farm10,Uruguay|soybean,1.473449468612671,2.039298740894183,2.4354127491291484,1.502111792564392,1
1,Uruguay_DUP4_farm10_field413_soybean_2018,Uruguay|DUP4|farm10,Uruguay|soybean,1.3091028928756714,1.9777150022449506,2.4354127491291484,1.502111792564392,1
1,Uruguay_DUP4_farm10_field414_soybean_2018,Uruguay|DUP4|farm10,Uruguay|soybean,2.005251884460449,1.757701448934366,2.4354127491291484,1.502111792564392,0
1,Uruguay_DUP4_farm10_field415_soybean_2018,Uruguay|DUP4|farm10,Uruguay|soybean,3.0556697845458984,1.4962253046133647,2.4354127491291484,1.502111792564392,0
1,Uruguay_DUP4_farm10_field416_soybean_2018,Uruguay|DUP4|farm10,Uruguay|soybean,1.698593258857727,1.64498286389439,2.4354127491291484,1.502111792564392,0
1,Uruguay_DUP4_farm10_field417_soybean_2018,Uruguay|DUP4|farm10,Uruguay|soybean,0.6710728406906128,1.6049243570003973,2.4354127491291484,1.502111792564392,1
1,Uruguay_DUP4_farm10_field418_soybean_2018,Uruguay|DUP4|farm10,Uruguay|soybean,1.3720719814300537,1.6751659290645469,2.4354127491291484,1.502111792564392,1
1,Uruguay_DUP4_farm10_field419_soybean_2018,Uruguay|DUP4|farm10,Uruguay|soybean,1.1247838735580444,1.7233756374677784,2.4354127491291484,1.502111792564392,1
1,Uruguay_DUP4_farm10_field420_soybean_2018,Uruguay|DUP4|farm10,Uruguay|soybean,2.0662953853607178,1.6092734939291096,2.4354127491291484,1.502111792564392,0
1,Uruguay_DUP4_farm10_field421_soybean_2018,Uruguay|DUP4|farm10,Uruguay|soybean,1.3511348962783813,1.8052597553524263,2.4354127491291484,1.502111792564392,1
1,Uruguay_DUP4_farm10_field423_soybean_2018,Uruguay|DUP4|farm10,Uruguay|soybean,0.8953635096549988,1.480971396735788,2.4354127491291484,1.502111792564392,1
1,Uruguay_DUP4_farm10_field424_soybean_2018,Uruguay|DUP4|farm10,Uruguay|soybean,1.3271102905273438,1.5683961672079143,2.4354127491291484,1.502111792564392,1
1,Uruguay_DUP4_farm10_field425_soybean_2018,Uruguay|DUP4|farm10,Uruguay|soybean,0.7332263588905334,1.6083161834093116,2.4354127491291484,1.502111792564392,1
1,Uruguay_DUP4_farm10_field426_soybean_2018,Uruguay|DUP4|farm10,Uruguay|soybean,1.5512008666992188,1.813636875996518,2.4354127491291484,1.502111792564392,0
1,Uruguay_DUP4_farm10_field428_soybean_2018,Uruguay|DUP4|farm10,Uruguay|soybean,0.5303843021392822,1.9235819278633728,2.4354127491291484,1.502111792564392,1
1,Uruguay_DUP4_farm10_field429_soybean_2018,Uruguay|DUP4|farm10,Uruguay|soybean,0.7120528221130371,1.6411934286327692,2.4354127491291484,1.502111792564392,1
1,Uruguay_DUP4_farm10_field430_soybean_2018,Uruguay|DUP4|farm10,Uruguay|soybean,1.473268985748291,1.6787414086056378,2.4354127491291484,1.502111792564392,1
1,Uruguay_DUP4_farm10_field431_soybean_2018,Uruguay|DUP4|farm10,Uruguay|soybean,1.746283769607544,1.69721995852722,2.4354127491291484,1.502111792564392,0
1,Uruguay_DUP4_farm10_field432_soybean_2018,Uruguay|DUP4|farm10,Uruguay|soybean,1.114410161972046,1.9020675400360894,2.4354127491291484,1.502111792564392,1
1,Uruguay_DUP4_farm10_field433_soybean_2018,Uruguay|DUP4|farm10,Uruguay|soybean,1.2335832118988037,1.9689635891959545,2.4354127491291484,1.502111792564392,1
1,Uruguay_DUP4_farm10_field434_soybean_2018,Uruguay|DUP4|farm10,Uruguay|soybean,0.9401230812072754,1.5424019674192277,2.4354127491291484,1.502111792564392,1
1,Uruguay_DUP4_farm10_field435_soybean_2018,Uruguay|DUP4|farm10,Uruguay|soybean,0.8434292078018188,2.0437896288974864,2.4354127491291484,1.502111792564392,1
1,Uruguay_DUP4_farm10_field436_soybean_2018,Uruguay|DUP4|farm10,Uruguay|soybean,1.048107385635376,1.842490880005753,2.4354127491291484,1.502111792564392,1
1,Uruguay_DUP4_farm10_field437_soybean_2018,Uruguay|DUP4|farm10,Uruguay|soybean,3.446382761001587,1.648090235519668,2.4354127491291484,1.502111792564392,0
1,Uruguay_DUP4_farm10_field438_soybean_2018,Uruguay|DUP4|farm10,Uruguay|soybean,1.6951959133148193,1.6399501821658586,2.4354127491291484,1.502111792564392,0
1,Uruguay_DUP4_farm10_field439_soybean_2018,Uruguay|DUP4|farm10,Uruguay|soybean,1.7029715776443481,1.7080772199448506,2.4354127491291484,1.502111792564392,0
1,Uruguay_DUP4_farm10_field440_soybean_2018,Uruguay|DUP4|farm10,Uruguay|soybean,0.5063343048095703,2.068850371398646,2.4354127491291484,1.502111792564392,1
1,Uruguay_DUP4_farm10_field441_soybean_2018,Uruguay|DUP4|farm10,Uruguay|soybean,0.8292347192764282,1.6475262800530373,2.4354127491291484,1.502111792564392,1
1,Uruguay_DUP4_farm10_field442_soybean_2018,Uruguay|DUP4|farm10,Uruguay|soybean,1.4061193466186523,1.865512275424023,2.4354127491291484,1.502111792564392,1
1,Uruguay_DUP4_farm10_field443_soybean_2018,Uruguay|DUP4|farm10,Uruguay|soybean,1.1408456563949585,1.7941678021420513,2.4354127491291484,1.502111792564392,1
1,Uruguay_DUP4_farm10_field444_soybean_2018,Uruguay|DUP4|farm10,Uruguay|soybean,1.0819084644317627,1.6779426730451128,2.4354127491291484,1.502111792564392,1
1,Uruguay_DUP4_farm10_field445_soybean_2018,Uruguay|DUP4|farm10,Uruguay|soybean,1.1087545156478882,1.6483195381604894,2.4354127491291484,1.502111792564392,1
1,Uruguay_DUP4_farm10_field446_soybean_2018,Uruguay|DUP4|farm10,Uruguay|soybean,1.5359864234924316,1.7060839198354674,2.4354127491291484,1.502111792564392,0
1,Uruguay_DUP4_farm10_field447_soybean_2018,Uruguay|DUP4|farm10,Uruguay|soybean,1.7503814697265625,1.5063832078847292,2.4354127491291484,1.502111792564392,0
1,Uruguay_DUP4_farm10_field448_soybean_2018,Uruguay|DUP4|farm10,Uruguay|soybean,2.49609375,2.3469482963870445,2.4354127491291484,1.502111792564392,0
1,Uruguay_DUP4_farm10_field450_soybean_2018,Uruguay|DUP4|farm10,Uruguay|soybean,2.4449782371520996,2.9894238228047665,2.4354127491291484,1.502111792564392,0
1,Uruguay_DUP4_farm10_field451_soybean_2018,Uruguay|DUP4|farm10,Uruguay|soybean,2.359250545501709,2.874070371927398,2.4354127491291484,1.502111792564392,0
1,Uruguay_DUP4_farm10_field452_soybean_2018,Uruguay|DUP4|farm10,Uruguay|soybean,1.984431266784668,2.857514554048764,2.4354127491291484,1.502111792564392,0
1,Uruguay_DUP4_farm10_field453_soybean_2018,Uruguay|DUP4|farm10,Uruguay|soybean,0.4928164482116699,1.685918980805476,2.4354127491291484,1.502111792564392,1
1,Uruguay_DUP4_farm10_field454_soybean_2018,Uruguay|DUP4|farm10,Uruguay|soybean,1.909615159034729,2.822980891298703,2.4354127491291484,1.502111792564392,0
1,Uruguay_DUP4_farm10_field455_soybean_2018,Uruguay|DUP4|farm10,Uruguay|soybean,2.1973204612731934,1.546585113177969,2.4354127491291484,1.502111792564392,0
1,Uruguay_DUP4_farm10_field456_soybean_2018,Uruguay|DUP4|farm10,Uruguay|soybean,0.8330739736557007,1.7388310676474803,2.4354127491291484,1.502111792564392,1
1,Uruguay_DUP4_farm10_field457_soybean_2018,Uruguay|DUP4|farm10,Uruguay|soybean,0.36484286189079285,1.7123197870704607,2.4354127491291484,1.502111792564392,1
1,Uruguay_DUP4_farm10_field458_soybean_2018,Uruguay|DUP4|farm10,Uruguay|soybean,1.497491717338562,1.697093647796133,2.4354127491291484,1.502111792564392,1
1,Uruguay_DUP4_farm10_field459_soybean_2018,Uruguay|DUP4|farm10,Uruguay|soybean,0.9040318131446838,1.8251736637999736,2.4354127491291484,1.502111792564392,1
1,Uruguay_DUP4_farm10_field460_soybean_2018,Uruguay|DUP4|farm10,Uruguay|soybean,1.3275463581085205,1.7767717784705779,2.4354127491291484,1.502111792564392,1
1,Uruguay_DUP4_farm10_field461_soybean_2018,Uruguay|DUP4|farm10,Uruguay|soybean,1.1287587881088257,1.702326254462826,2.4354127491291484,1.502111792564392,1
1,Uruguay_DUP4_farm10_field462_soybean_2018,Uruguay|DUP4|farm10,Uruguay|soybean,1.7733575105667114,3.0251487162313,2.4354127491291484,1.502111792564392,0
1,Uruguay_DUP4_farm10_field463_soybean_2018,Uruguay|DUP4|farm10,Uruguay|soybean,0.8389256000518799,1.7296583401603947,2.4354127491291484,1.502111792564392,1
1,Uruguay_DUP4_farm10_field464_soybean_2018,Uruguay|DUP4|farm10,Uruguay|soybean,1.0487947463989258,1.7084864882907602,2.4354127491291484,1.502111792564392,1
1,Uruguay_DUP4_farm10_field465_soybean_2018,Uruguay|DUP4|farm10,Uruguay|soybean,1.1567164659500122,1.7246499230105024,2.4354127491291484,1.502111792564392,1
1,Uruguay_DUP4_farm10_field467_soybean_2018,Uruguay|DUP4|farm10,Uruguay|soybean,2.1153945922851562,2.2552949464359497,2.4354127491291484,1.502111792564392,0
1,Uruguay_DUP4_farm10_field468_soybean_2018,Uruguay|DUP4|farm10,Uruguay|soybean,3.566887378692627,1.9964806904948331,2.4354127491291484,1.502111792564392,0
1,Uruguay_DUP4_farm10_field469_soybean_2018,Uruguay|DUP4|farm10,Uruguay|soybean,0.622735321521759,1.8202955424398624,2.4354127491291484,1.502111792564392,1
1,Uruguay_DUP4_farm10_field470_soybean_2018,Uruguay|DUP4|farm10,Uruguay|soybean,1.1978962421417236,1.9053801104122754,2.4354127491291484,1.502111792564392,1
1,Uruguay_DUP4_farm10_field471_soybean_2018,Uruguay|DUP4|farm10,Uruguay|soybean,1.6808934211730957,1.7041967981130868,2.4354127491291484,1.502111792564392,0
1,Uruguay_DUP4_farm10_field472_soybean_2018,Uruguay|DUP4|farm10,Uruguay|soybean,2.0284948348999023,1.6047338058271754,2.4354127491291484,1.502111792564392,0
1,Uruguay_DUP4_farm10_field473_soybean_2018,Uruguay|DUP4|farm10,Uruguay|soybean,1.8574634790420532,2.4980931980754235,2.4354127491291484,1.502111792564392,0
1,Uruguay_DUP4_farm10_field474_soybean_2018,Uruguay|DUP4|farm10,Uruguay|soybean,2.268859624862671,2.01345584519939,2.4354127491291484,1.502111792564392,0
1,Uruguay_DUP4_farm10_field477_soybean_2018,Uruguay|DUP4|farm10,Uruguay|soybean,0.4187958836555481,1.8697825074809762,2.4354127491291484,1.502111792564392,1
1,Uruguay_DUP4_farm10_field478_soybean_2018,Uruguay|DUP4|farm10,Uruguay|soybean,0.48138704895973206,1.7122843318696797,2.4354127491291484,1.502111792564392,1
1,Uruguay_DUP4_farm10_field479_soybean_2018,Uruguay|DUP4|farm10,Uruguay|soybean,0.6870454549789429,1.9005051057332758,2.4354127491291484,1.502111792564392,1
1,Uruguay_DUP4_farm10_field480_soybean_2018,Uruguay|DUP4|farm10,Uruguay|soybean,0.6809248924255371,1.7564124494474513,2.4354127491291484,1.502111792564392,1
1,Uruguay_DUP4_farm10_field482_soybean_2018,Uruguay|DUP4|farm10,Uruguay|soybean,0.8167766332626343,2.2562642273803304,2.4354127491291484,1.502111792564392,1
1,Uruguay_DUP4_farm10_field483_soybean_2018,Uruguay|DUP4|farm10,Uruguay|soybean,0.7279146909713745,2.0211626519644232,2.4354127491291484,1.502111792564392,1
1,Uruguay_DUP4_farm10_field484_soybean_2018,Uruguay|DUP4|farm10,Uruguay|soybean,0.6426303386688232,1.767392544198953,2.4354127491291484,1.502111792564392,1
1,Uruguay_DUP4_farm10_field485_soybean_2022,Uruguay|DUP4|farm10,Uruguay|soybean,3.229780435562134,2.814531182682425,2.4354127491291484,1.502111792564392,0
1,Uruguay_DUP4_farm10_field486_soybean_2022,Uruguay|DUP4|farm10,Uruguay|soybean,3.1260085105895996,2.769415539212012,2.4354127491291484,1.502111792564392,0
1,Uruguay_DUP4_farm10_field487_soybean_2022,Uruguay|DUP4|farm10,Uruguay|soybean,3.6383016109466553,3.1251127846698754,2.4354127491291484,1.502111792564392,0
1,Uruguay_DUP4_farm10_field488_soybean_2022,Uruguay|DUP4|farm10,Uruguay|soybean,3.5945611000061035,3.198107806328267,2.4354127491291484,1.502111792564392,0
1,Uruguay_DUP4_farm10_field489_soybean_2022,Uruguay|DUP4|farm10,Uruguay|soybean,3.016710042953491,2.695560243235029,2.4354127491291484,1.502111792564392,0
1,Uruguay_DUP4_farm10_field490_soybean_2022,Uruguay|DUP4|farm10,Uruguay|soybean,2.8497493267059326,2.669575970459508,2.4354127491291484,1.502111792564392,0
1,Uruguay_DUP4_farm10_field491_soybean_2022,Uruguay|DUP4|farm10,Uruguay|soybean,2.7328784465789795,2.846613482882063,2.4354127491291484,1.502111792564392,0
1,Uruguay_DUP4_farm10_field492_soybean_2022,Uruguay|DUP4|farm10,Uruguay|soybean,3.2779622077941895,2.9548470991399927,2.4354127491291484,1.502111792564392,0
1,Uruguay_DUP4_farm10_field493_soybean_2022,Uruguay|DUP4|farm10,Uruguay|soybean,3.579991102218628,3.1432642048391495,2.4354127491291484,1.502111792564392,0
1,Uruguay_DUP4_farm10_field494_soybean_2022,Uruguay|DUP4|farm10,Uruguay|soybean,3.261688470840454,2.6212747106049963,2.4354127491291484,1.502111792564392,0
1,Uruguay_DUP4_farm10_field496_soybean_2022,Uruguay|DUP4|farm10,Uruguay|soybean,3.6792171001434326,2.625119151477387,2.4354127491291484,1.502111792564392,0
1,Uruguay_DUP4_farm10_field497_soybean_2022,Uruguay|DUP4|farm10,Uruguay|soybean,4.062319278717041,2.7886519150085722,2.4354127491291484,1.502111792564392,0
1,Uruguay_DUP4_farm10_field498_soybean_2022,Uruguay|DUP4|farm10,Uruguay|soybean,3.9269092082977295,2.5359764640103792,2.4354127491291484,1.502111792564392,0
1,Uruguay_DUP4_farm10_field499_soybean_2022,Uruguay|DUP4|farm10,Uruguay|soybean,2.7335948944091797,2.8527103477695412,2.4354127491291484,1.502111792564392,0
1,Uruguay_DUP4_farm10_field500_soybean_2022,Uruguay|DUP4|farm10,Uruguay|soybean,3.9218876361846924,2.420262367975216,2.4354127491291484,1.502111792564392,0
1,Uruguay_DUP4_farm10_field501_soybean_2022,Uruguay|DUP4|farm10,Uruguay|soybean,3.887279510498047,2.1910395105426663,2.4354127491291484,1.502111792564392,0
1,Uruguay_DUP4_farm10_field502_soybean_2022,Uruguay|DUP4|farm10,Uruguay|soybean,3.7089593410491943,2.639638470100944,2.4354127491291484,1.502111792564392,0
1,Uruguay_DUP4_farm10_field503_soybean_2022,Uruguay|DUP4|farm10,Uruguay|soybean,3.9019200801849365,2.56402570952707,2.4354127491291484,1.502111792564392,0
1,Uruguay_DUP4_farm10_field504_soybean_2022,Uruguay|DUP4|farm10,Uruguay|soybean,3.6537044048309326,2.4202998894597325,2.4354127491291484,1.502111792564392,0
1,Uruguay_DUP4_farm10_field505_soybean_2022,Uruguay|DUP4|farm10,Uruguay|soybean,2.930844306945801,2.671306158019054,2.4354127491291484,1.502111792564392,0
1,Uruguay_DUP4_farm10_field506_soybean_2022,Uruguay|DUP4|farm10,Uruguay|soybean,3.4347548484802246,2.779334802906965,2.4354127491291484,1.502111792564392,0
1,Uruguay_DUP4_farm10_field507_soybean_2022,Uruguay|DUP4|farm10,Uruguay|soybean,2.9458301067352295,2.7452234804572333,2.4354127491291484,1.502111792564392,0
1,Uruguay_DUP4_farm10_field508_soybean_2022,Uruguay|DUP4|farm10,Uruguay|soybean,2.5067405700683594,2.7187590383133187,2.4354127491291484,1.502111792564392,0
1,Uruguay_DUP4_farm10_field509_soybean_2022,Uruguay|DUP4|farm10,Uruguay|soybean,2.86220121383667,2.8525811336334663,2.4354127491291484,1.502111792564392,0
1,Uruguay_DUP4_farm10_field510_soybean_2022,Uruguay|DUP4|farm10,Uruguay|soybean,3.432135820388794,2.906879810868725,2.4354127491291484,1.502111792564392,0
1,Uruguay_DUP4_farm10_field511_soybean_2022,Uruguay|DUP4|farm10,Uruguay|soybean,3.056985855102539,2.609377217412736,2.4354127491291484,1.502111792564392,0
1,Uruguay_DUP4_farm10_field512_soybean_2022,Uruguay|DUP4|farm10,Uruguay|soybean,1.5858811140060425,2.5290351201193966,2.4354127491291484,1.502111792564392,0
1,Uruguay_DUP4_farm10_field513_soybean_2022,Uruguay|DUP4|farm10,Uruguay|soybean,3.637354612350464,3.4777721658447156,2.4354127491291484,1.502111792564392,0
1,Uruguay_DUP4_farm10_field514_soybean_2022,Uruguay|DUP4|farm10,Uruguay|soybean,3.943129777908325,2.931729988137727,2.4354127491291484,1.502111792564392,0
1,Uruguay_DUP4_farm10_field515_soybean_2022,Uruguay|DUP4|farm10,Uruguay|soybean,3.3605234622955322,2.8092969221420194,2.4354127491291484,1.502111792564392,0
1,Uruguay_DUP4_farm10_field517_soybean_2022,Uruguay|DUP4|farm10,Uruguay|soybean,3.048469066619873,2.8448974488033367,2.4354127491291484,1.502111792564392,0
1,Uruguay_DUP4_farm10_field518_soybean_2022,Uruguay|DUP4|farm10,Uruguay|soybean,3.5301551818847656,2.8354794534446204,2.4354127491291484,1.502111792564392,0
1,Uruguay_DUP4_farm10_field519_soybean_2022,Uruguay|DUP4|farm10,Uruguay|soybean,3.1937015056610107,2.982617756776129,2.4354127491291484,1.502111792564392,0
1,Uruguay_DUP4_farm10_field521_soybean_2022,Uruguay|DUP4|farm10,Uruguay|soybean,3.424231767654419,2.7951150951819868,2.4354127491291484,1.502111792564392,0
1,Uruguay_DUP4_farm10_field523_soybean_2022,Uruguay|DUP4|farm10,Uruguay|soybean,3.157341718673706,2.6685066905181354,2.4354127491291484,1.502111792564392,0
1,Uruguay_DUP4_farm10_field524_soybean_2022,Uruguay|DUP4|farm10,Uruguay|soybean,3.5330162048339844,2.8448937027032564,2.4354127491291484,1.502111792564392,0
1,Uruguay_DUP4_farm10_field525_soybean_2022,Uruguay|DUP4|farm10,Uruguay|soybean,3.027578592300415,2.164421139008642,2.4354127491291484,1.502111792564392,0
1,Uruguay_DUP4_farm10_field526_soybean_2022,Uruguay|DUP4|farm10,Uruguay|soybean,4.051962852478027,3.2187076597149162,2.4354127491291484,1.502111792564392,0
1,Uruguay_DUP4_farm10_field528_soybean_2022,Uruguay|DUP4|farm10,Uruguay|soybean,4.355619430541992,3.012512802987877,2.4354127491291484,1.502111792564392,0
1,Uruguay_DUP4_farm10_field530_soybean_2022,Uruguay|DUP4|farm10,Uruguay|soybean,3.894965410232544,3.1901868402641425,2.4354127491291484,1.502111792564392,0
1,Uruguay_DUP4_farm10_field532_soybean_2022,Uruguay|DUP4|farm10,Uruguay|soybean,3.7685468196868896,2.536825893792459,2.4354127491291484,1.502111792564392,0
1,Uruguay_DUP4_farm10_field533_soybean_2022,Uruguay|DUP4|farm10,Uruguay|soybean,3.7230725288391113,2.704973386094516,2.4354127491291484,1.502111792564392,0
1,Uruguay_DUP4_farm10_field534_soybean_2022,Uruguay|DUP4|farm10,Uruguay|soybean,3.587601661682129,2.5807151244256517,2.4354127491291484,1.502111792564392,0
1,Uruguay_DUP4_farm10_field535_soybean_2022,Uruguay|DUP4|farm10,Uruguay|soybean,4.212400913238525,3.064051282347521,2.4354127491291484,1.502111792564392,0
1,Uruguay_DUP4_farm10_field536_soybean_2022,Uruguay|DUP4|farm10,Uruguay|soybean,1.9375790357589722,2.2416204999534917,2.4354127491291484,1.502111792564392,0
1,Uruguay_DUP4_farm10_field537_soybean_2022,Uruguay|DUP4|farm10,Uruguay|soybean,4.204598426818848,3.1765247314760368,2.4354127491291484,1.502111792564392,0
1,Uruguay_DUP4_farm10_field538_soybean_2022,Uruguay|DUP4|farm10,Uruguay|soybean,3.9407358169555664,2.8429959363829727,2.4354127491291484,1.502111792564392,0
1,Uruguay_DUP4_farm10_field539_soybean_2022,Uruguay|DUP4|farm10,Uruguay|soybean,4.206706523895264,3.188396834432778,2.4354127491291484,1.502111792564392,0
1,Uruguay_DUP4_farm10_field540_soybean_2022,Uruguay|DUP4|farm10,Uruguay|soybean,3.6836445331573486,2.748397294487398,2.4354127491291484,1.502111792564392,0
1,Uruguay_DUP4_farm10_field541_soybean_2022,Uruguay|DUP4|farm10,Uruguay|soybean,3.478137731552124,2.3081300945115055,2.4354127491291484,1.502111792564392,0
1,Uruguay_DUP4_farm10_field542_soybean_2022,Uruguay|DUP4|farm10,Uruguay|soybean,4.809260845184326,2.474316608801604,2.4354127491291484,1.502111792564392,0
1,Uruguay_DUP4_farm10_field544_soybean_2022,Uruguay|DUP4|farm10,Uruguay|soybean,2.832069158554077,2.5190681626926414,2.4354127491291484,1.502111792564392,0
1,Uruguay_DUP4_farm10_field545_soybean_2022,Uruguay|DUP4|farm10,Uruguay|soybean,2.3786394596099854,2.6641884478455418,2.4354127491291484,1.502111792564392,0
1,Uruguay_DUP4_farm10_field546_soybean_2022,Uruguay|DUP4|farm10,Uruguay|soybean,2.085289478302002,1.9725023853549044,2.4354127491291484,1.502111792564392,0
1,Uruguay_DUP4_farm10_field548_soybean_2022,Uruguay|DUP4|farm10,Uruguay|soybean,3.337268590927124,2.389994649106656,2.4354127491291484,1.502111792564392,0
1,Uruguay_DUP4_farm10_field549_soybean_2022,Uruguay|DUP4|farm10,Uruguay|soybean,3.952338933944702,2.031195781171668,2.4354127491291484,1.502111792564392,0
1,Uruguay_DUP4_farm10_field550_soybean_2022,Uruguay|DUP4|farm10,Uruguay|soybean,2.455794334411621,2.0891593804824273,2.4354127491291484,1.502111792564392,0
1,Uruguay_DUP4_farm10_field551_soybean_2022,Uruguay|DUP4|farm10,Uruguay|soybean,2.8317925930023193,2.7283184210452385,2.4354127491291484,1.502111792564392,0
1,Uruguay_DUP4_farm10_field552_soybean_2022,Uruguay|DUP4|farm10,Uruguay|soybean,3.239609956741333,2.678243060788844,2.4354127491291484,1.502111792564392,0
1,Uruguay_DUP4_farm10_field553_soybean_2022,Uruguay|DUP4|farm10,Uruguay|soybean,1.4870250225067139,2.1775439540042294,2.4354127491291484,1.502111792564392,1
1,Uruguay_DUP4_farm10_field554_soybean_2022,Uruguay|DUP4|farm10,Uruguay|soybean,3.0977115631103516,3.279667616288225,2.4354127491291484,1.502111792564392,0
1,Uruguay_DUP4_farm10_field555_soybean_2022,Uruguay|DUP4|farm10,Uruguay|soybean,3.3115460872650146,3.2203630743135294,2.4354127491291484,1.502111792564392,0
1,Uruguay_DUP4_farm10_field557_soybean_2022,Uruguay|DUP4|farm10,Uruguay|soybean,3.8996970653533936,2.5386783827388686,2.4354127491291484,1.502111792564392,0
1,Uruguay_DUP4_farm10_field558_soybean_2022,Uruguay|DUP4|farm10,Uruguay|soybean,3.6755175590515137,2.674084277648005,2.4354127491291484,1.502111792564392,0
1,Uruguay_DUP4_farm10_field559_soybean_2022,Uruguay|DUP4|farm10,Uruguay|soybean,1.8963993787765503,2.6433935960139956,2.4354127491291484,1.502111792564392,0
1,Uruguay_DUP4_farm10_field560_soybean_2022,Uruguay|DUP4|farm10,Uruguay|soybean,2.7450973987579346,2.620084673348149,2.4354127491291484,1.502111792564392,0
1,Uruguay_DUP4_farm10_field561_soybean_2019,Uruguay|DUP4|farm10,Uruguay|soybean,3.0899553298950195,2.9234290753785057,2.4354127491291484,1.502111792564392,0
1,Uruguay_DUP4_farm10_field562_soybean_2019,Uruguay|DUP4|farm10,Uruguay|soybean,3.422498941421509,3.275016686181199,2.4354127491291484,1.502111792564392,0
1,Uruguay_DUP4_farm10_field563_soybean_2019,Uruguay|DUP4|farm10,Uruguay|soybean,3.0708811283111572,3.105389963391277,2.4354127491291484,1.502111792564392,0
1,Uruguay_DUP4_farm10_field564_soybean_2019,Uruguay|DUP4|farm10,Uruguay|soybean,3.106036424636841,3.0855259066130234,2.4354127491291484,1.502111792564392,0
1,Uruguay_DUP4_farm10_field566_soybean_2019,Uruguay|DUP4|farm10,Uruguay|soybean,3.392350435256958,3.8979703177537663,2.4354127491291484,1.502111792564392,0
1,Uruguay_DUP4_farm10_field567_soybean_2019,Uruguay|DUP4|farm10,Uruguay|soybean,3.8009402751922607,3.223599550584604,2.4354127491291484,1.502111792564392,0
1,Uruguay_DUP4_farm10_field568_soybean_2019,Uruguay|DUP4|farm10,Uruguay|soybean,2.836843967437744,2.7630434670408905,2.4354127491291484,1.502111792564392,0
1,Uruguay_DUP4_farm10_field569_soybean_2019,Uruguay|DUP4|farm10,Uruguay|soybean,2.9233009815216064,3.1020679053785813,2.4354127491291484,1.502111792564392,0
1,Uruguay_DUP4_farm10_field570_soybean_2019,Uruguay|DUP4|farm10,Uruguay|soybean,3.698925256729126,3.522721407759021,2.4354127491291484,1.502111792564392,0
1,Uruguay_DUP4_farm10_field572_soybean_2019,Uruguay|DUP4|farm10,Uruguay|soybean,3.1449480056762695,3.0359613388363558,2.4354127491291484,1.502111792564392,0
2,Argentina_DUP1_farm19_field194_soybean_2022,Argentina|DUP1|farm19,Argentina|soybean,4.816800594329834,3.969220933080977,3.3829840697837152,2.341800165176392,0
2,Argentina_DUP1_farm19_field195_corn_2022,Argentina|DUP1|farm19,Argentina|corn,12.227377891540527,10.611130337610016,8.571352255650055,6.314918422698975,0
2,Argentina_DUP1_farm19_field196_soybean_2022,Argentina|DUP1|farm19,Argentina|soybean,5.2486891746521,4.415250254094053,3.3829840697837152,2.341800165176392,0
2,Argentina_DUP1_farm19_field197_corn_2022,Argentina|DUP1|farm19,Argentina|corn,12.48502254486084,10.764499837376798,8.571352255650055,6.314918422698975,0
2,Argentina_DUP1_farm19_field198_corn_2022,Argentina|DUP1|farm19,Argentina|corn,13.68151569366455,11.893333112860178,8.571352255650055,6.314918422698975,0
2,Argentina_DUP1_farm19_field199_corn_2022,Argentina|DUP1|farm19,Argentina|corn,12.2650146484375,12.050549117802367,8.571352255650055,6.314918422698975,0
2,Argentina_DUP1_farm19_field200_corn_2022,Argentina|DUP1|farm19,Argentina|corn,11.798636436462402,11.587841487916418,8.571352255650055,6.314918422698975,0
2,Argentina_DUP1_farm19_field201_corn_2022,Argentina|DUP1|farm19,Argentina|corn,11.66103458404541,12.181805598667548,8.571352255650055,6.314918422698975,0
2,Argentina_DUP1_farm19_field202_wheat_2021,Argentina|DUP1|farm19,Argentina|wheat,6.798497200012207,6.299484677786355,4.095796878470315,2.0950237035751345,0
2,Argentina_DUP1_farm19_field203_wheat_2021,Argentina|DUP1|farm19,Argentina|wheat,7.293354511260986,4.703052230851616,4.095796878470315,2.0950237035751345,0
2,Argentina_DUP1_farm19_field205_wheat_2021,Argentina|DUP1|farm19,Argentina|wheat,6.1592888832092285,4.246497471387781,4.095796878470315,2.0950237035751345,0
2,Argentina_DUP1_farm19_field206_soybean_2024,Argentina|DUP1|farm19,Argentina|soybean,4.585065841674805,4.277466797983092,3.3829840697837152,2.341800165176392,0
2,Argentina_DUP1_farm19_field207_soybean_2024,Argentina|DUP1|farm19,Argentina|soybean,4.568831920623779,4.3658810987128565,3.3829840697837152,2.341800165176392,0
2,Argentina_DUP1_farm29_field323_soybean_2023,Argentina|DUP1|farm29,Argentina|soybean,1.3034201860427856,3.55860557198145,3.3829840697837152,2.341800165176392,1
2,Argentina_DUP1_farm29_field325_soybean_2023,Argentina|DUP1|farm29,Argentina|soybean,1.517133116722107,2.7026359457700737,3.3829840697837152,2.341800165176392,1
2,Argentina_DUP1_farm29_field326_soybean_2023,Argentina|DUP1|farm29,Argentina|soybean,0.7591841816902161,3.46081111672602,3.3829840697837152,2.341800165176392,1
2,Argentina_DUP1_farm29_field327_soybean_2023,Argentina|DUP1|farm29,Argentina|soybean,2.814232110977173,3.4873774684765344,3.3829840697837152,2.341800165176392,0
2,Argentina_DUP1_farm29_field328_soybean_2023,Argentina|DUP1|farm29,Argentina|soybean,2.0069196224212646,3.486246766143637,3.3829840697837152,2.341800165176392,1
2,Argentina_DUP1_farm29_field329_soybean_2023,Argentina|DUP1|farm29,Argentina|soybean,1.8735607862472534,2.836918543407617,3.3829840697837152,2.341800165176392,1
2,Argentina_DUP1_farm29_field330_soybean_2023,Argentina|DUP1|farm29,Argentina|soybean,0.777751088142395,2.9279128367504703,3.3829840697837152,2.341800165176392,1
2,Argentina_DUP1_farm29_field331_soybean_2023,Argentina|DUP1|farm29,Argentina|soybean,0.5926347374916077,1.8683894476035268,3.3829840697837152,2.341800165176392,1
2,Argentina_DUP1_farm2_field10_corn_2022,Argentina|DUP1|farm2,Argentina|corn,7.988988399505615,11.438445595931832,8.571352255650055,6.314918422698975,0
2,Argentina_DUP1_farm2_field12_corn_2022,Argentina|DUP1|farm2,Argentina|corn,8.18518352508545,11.067950537100016,8.571352255650055,6.314918422698975,0
2,Argentina_DUP1_farm2_field13_corn_2022,Argentina|DUP1|farm2,Argentina|corn,11.762276649475098,9.643938184713818,8.571352255650055,6.314918422698975,0
2,Argentina_DUP1_farm2_field14_corn_2022,Argentina|DUP1|farm2,Argentina|corn,12.187551498413086,9.635034831160052,8.571352255650055,6.314918422698975,0
2,Argentina_DUP1_farm2_field15_corn_2022,Argentina|DUP1|farm2,Argentina|corn,12.835248947143555,9.805368429787169,8.571352255650055,6.314918422698975,0
2,Argentina_DUP1_farm2_field16_corn_2022,Argentina|DUP1|farm2,Argentina|corn,12.660287857055664,10.334892031100791,8.571352255650055,6.314918422698975,0
2,Argentina_DUP1_farm2_field18_corn_2022,Argentina|DUP1|farm2,Argentina|corn,11.46400260925293,10.497164250855409,8.571352255650055,6.314918422698975,0
2,Argentina_DUP1_farm2_field19_corn_2022,Argentina|DUP1|farm2,Argentina|corn,10.738950729370117,11.767110336631951,8.571352255650055,6.314918422698975,0
2,Argentina_DUP1_farm2_field20_corn_2022,Argentina|DUP1|farm2,Argentina|corn,10.237871170043945,11.81691637489466,8.571352255650055,6.314918422698975,0
2,Argentina_DUP1_farm2_field22_corn_2022,Argentina|DUP1|farm2,Argentina|corn,10.829662322998047,10.188474956478686,8.571352255650055,6.314918422698975,0
2,Argentina_DUP1_farm2_field23_corn_2022,Argentina|DUP1|farm2,Argentina|corn,10.106180191040039,9.989173996060002,8.571352255650055,6.314918422698975,0
2,Argentina_DUP1_farm2_field24_corn_2022,Argentina|DUP1|farm2,Argentina|corn,8.881999969482422,9.439286288385592,8.571352255650055,6.314918422698975,0
2,Argentina_DUP1_farm2_field25_soybean_2023,Argentina|DUP1|farm2,Argentina|soybean,2.218341112136841,3.724966353208879,3.3829840697837152,2.341800165176392,1
2,Argentina_DUP1_farm2_field26_soybean_2023,Argentina|DUP1|farm2,Argentina|soybean,3.3967368602752686,3.6652412688476863,3.3829840697837152,2.341800165176392,0
2,Argentina_DUP1_farm2_field27_soybean_2023,Argentina|DUP1|farm2,Argentina|soybean,1.7419770956039429,3.10508407026236,3.3829840697837152,2.341800165176392,1
2,Argentina_DUP1_farm2_field28_soybean_2023,Argentina|DUP1|farm2,Argentina|soybean,3.2919061183929443,3.815273510352475,3.3829840697837152,2.341800165176392,0
2,Argentina_DUP1_farm2_field29_soybean_2023,Argentina|DUP1|farm2,Argentina|soybean,4.047572135925293,3.9208803524204714,3.3829840697837152,2.341800165176392,0
2,Argentina_DUP1_farm2_field30_soybean_2023,Argentina|DUP1|farm2,Argentina|soybean,3.6511740684509277,3.412010995136599,3.3829840697837152,2.341800165176392,0
2,Argentina_DUP1_farm2_field31_soybean_2023,Argentina|DUP1|farm2,Argentina|soybean,4.77341365814209,4.074922357837945,3.3829840697837152,2.341800165176392,0
2,Argentina_DUP1_farm2_field32_soybean_2023,Argentina|DUP1|farm2,Argentina|soybean,2.1881296634674072,3.3750506631769293,3.3829840697837152,2.341800165176392,1
2,Argentina_DUP1_farm2_field33_soybean_2023,Argentina|DUP1|farm2,Argentina|soybean,3.602252244949341,3.5518410104691203,3.3829840697837152,2.341800165176392,0
2,Argentina_DUP1_farm2_field34_soybean_2023,Argentina|DUP1|farm2,Argentina|soybean,3.9179561138153076,4.0971808665535825,3.3829840697837152,2.341800165176392,0
2,Argentina_DUP1_farm2_field35_soybean_2023,Argentina|DUP1|farm2,Argentina|soybean,2.3820455074310303,3.8788221998116783,3.3829840697837152,2.341800165176392,0
2,Argentina_DUP1_farm2_field36_corn_2023,Argentina|DUP1|farm2,Argentina|corn,9.90723705291748,8.339486845234898,8.571352255650055,6.314918422698975,0
2,Argentina_DUP1_farm2_field37_soybean_2023,Argentina|DUP1|farm2,Argentina|soybean,2.668245315551758,3.958203086963959,3.3829840697837152,2.341800165176392,0
2,Argentina_DUP1_farm2_field38_soybean_2023,Argentina|DUP1|farm2,Argentina|soybean,3.4649529457092285,4.029251153014392,3.3829840697837152,2.341800165176392,0
2,Argentina_DUP1_farm2_field39_soybean_2023,Argentina|DUP1|farm2,Argentina|soybean,4.372678756713867,3.8545193710169015,3.3829840697837152,2.341800165176392,0
2,Argentina_DUP1_farm2_field40_soybean_2023,Argentina|DUP1|farm2,Argentina|soybean,4.467175483703613,3.7599104006076534,3.3829840697837152,2.341800165176392,0
2,Argentina_DUP1_farm2_field41_soybean_2023,Argentina|DUP1|farm2,Argentina|soybean,3.3110098838806152,3.864576203177014,3.3829840697837152,2.341800165176392,0
2,Argentina_DUP1_farm2_field43_soybean_2023,Argentina|DUP1|farm2,Argentina|soybean,3.3215699195861816,3.667965728727237,3.3829840697837152,2.341800165176392,0
2,Argentina_DUP1_farm2_field44_soybean_2023,Argentina|DUP1|farm2,Argentina|soybean,3.2150309085845947,3.873869240809247,3.3829840697837152,2.341800165176392,0
2,Argentina_DUP1_farm2_field46_soybean_2023,Argentina|DUP1|farm2,Argentina|soybean,3.931553840637207,3.7045005335138352,3.3829840697837152,2.341800165176392,0
2,Argentina_DUP1_farm2_field47_corn_2024,Argentina|DUP1|farm2,Argentina|corn,7.472912311553955,11.300699474546661,8.571352255650055,6.314918422698975,0
2,Argentina_DUP1_farm2_field48_corn_2024,Argentina|DUP1|farm2,Argentina|corn,6.928237438201904,8.337504382928044,8.571352255650055,6.314918422698975,0
2,Argentina_DUP1_farm2_field49_corn_2024,Argentina|DUP1|farm2,Argentina|corn,9.294194221496582,8.862792681973538,8.571352255650055,6.314918422698975,0
2,Argentina_DUP1_farm2_field50_soybean_2024,Argentina|DUP1|farm2,Argentina|soybean,4.105900287628174,4.157225147487615,3.3829840697837152,2.341800165176392,0
2,Argentina_DUP1_farm2_field51_soybean_2024,Argentina|DUP1|farm2,Argentina|soybean,4.314273357391357,4.246508100639687,3.3829840697837152,2.341800165176392,0
2,Argentina_DUP1_farm2_field53_corn_2024,Argentina|DUP1|farm2,Argentina|corn,8.47214412689209,10.549923644583231,8.571352255650055,6.314918422698975,0
2,Argentina_DUP1_farm2_field8_corn_2022,Argentina|DUP1|farm2,Argentina|corn,10.480332374572754,12.067695717305511,8.571352255650055,6.314918422698975,0
2,Argentina_DUP1_farm2_field9_corn_2022,Argentina|DUP1|farm2,Argentina|corn,10.767839431762695,11.3758610176907,8.571352255650055,6.314918422698975,0
2,Argentina_DUP1_farm30_field332_corn_2023,Argentina|DUP1|farm30,Argentina|corn,3.7082128524780273,6.20513135278035,8.571352255650055,6.314918422698975,1
2,Argentina_DUP1_farm30_field333_corn_2023,Argentina|DUP1|farm30,Argentina|corn,4.939167499542236,7.182318639479701,8.571352255650055,6.314918422698975,1
2,Argentina_DUP1_farm38_field413_soybean_2018,Argentina|DUP1|farm38,Argentina|soybean,4.414899826049805,3.743772801899162,3.3829840697837152,2.341800165176392,0
2,Argentina_DUP1_farm38_field414_soybean_2018,Argentina|DUP1|farm38,Argentina|soybean,4.257079601287842,3.7046914307865255,3.3829840697837152,2.341800165176392,0
2,Argentina_DUP1_farm38_field415_soybean_2021,Argentina|DUP1|farm38,Argentina|soybean,4.463087558746338,3.6802453152558625,3.3829840697837152,2.341800165176392,0
2,Argentina_DUP1_farm38_field416_soybean_2021,Argentina|DUP1|farm38,Argentina|soybean,4.137072563171387,3.4689300277327155,3.3829840697837152,2.341800165176392,0
2,Argentina_DUP1_farm38_field417_soybean_2022,Argentina|DUP1|farm38,Argentina|soybean,3.0520758628845215,4.108325863981395,3.3829840697837152,2.341800165176392,0
2,Argentina_DUP1_farm3_field54_wheat_2018,Argentina|DUP1|farm3,Argentina|wheat,7.190513610839844,4.917561313417313,4.095796878470315,2.0950237035751345,0
2,Argentina_DUP1_farm48_field658_wheat_2017,Argentina|DUP1|farm48,Argentina|wheat,4.785524845123291,5.368776918227178,4.095796878470315,2.0950237035751345,0
2,Argentina_DUP1_farm7_field86_soybean_2024,Argentina|DUP1|farm7,Argentina|soybean,2.7664196491241455,3.9541897834231596,3.3829840697837152,2.341800165176392,0
2,Brazil_DUP2_farm6_field283_corn_2023,Brazil|DUP2|farm6,Brazil|corn,5.31650447845459,5.993788864793717,6.763688027858734,5.655554294586182,1
2,Brazil_DUP2_farm6_field285_corn_2024,Brazil|DUP2|farm6,Brazil|corn,6.644068241119385,5.639669628800575,6.763688027858734,5.655554294586182,0
2,Brazil_DUP2_farm6_field286_corn_2024,Brazil|DUP2|farm6,Brazil|corn,8.86262321472168,6.298584658767173,6.763688027858734,5.655554294586182,0
2,Brazil_DUP2_farm6_field287_wheat_2019,Brazil|DUP2|farm6,Brazil|wheat,3.302617073059082,3.783801971998155,3.6766343029533943,3.0056171894073485,0
2,Brazil_DUP2_farm6_field288_soybean_2022,Brazil|DUP2|farm6,Brazil|soybean,4.33040189743042,4.245455772682647,4.078329498499212,3.6194253444671634,0
2,Brazil_DUP2_farm6_field289_corn_2020,Brazil|DUP2|farm6,Brazil|corn,8.922929763793945,6.068903091315392,6.763688027858734,5.655554294586182,0
2,Brazil_DUP2_farm6_field290_corn_2023,Brazil|DUP2|farm6,Brazil|corn,4.23684024810791,5.267322916733015,6.763688027858734,5.655554294586182,1
2,Brazil_DUP2_farm6_field291_soybean_2020,Brazil|DUP2|farm6,Brazil|soybean,4.750194072723389,4.247384941999191,4.078329498499212,3.6194253444671634,0
2,Brazil_DUP2_farm6_field292_wheat_2018,Brazil|DUP2|farm6,Brazil|wheat,2.8290374279022217,3.240223256171006,3.6766343029533943,3.0056171894073485,1
2,Brazil_DUP2_farm6_field293_wheat_2021,Brazil|DUP2|farm6,Brazil|wheat,5.280581951141357,4.240919747559885,3.6766343029533943,3.0056171894073485,0
2,Brazil_DUP2_farm6_field294_wheat_2018,Brazil|DUP2|farm6,Brazil|wheat,4.938895225524902,3.575463886860982,3.6766343029533943,3.0056171894073485,0
2,Brazil_DUP2_farm6_field295_corn_2019,Brazil|DUP2|farm6,Brazil|corn,5.638669013977051,6.609268493608253,6.763688027858734,5.655554294586182,1
2,Brazil_DUP2_farm6_field296_soybean_2020,Brazil|DUP2|farm6,Brazil|soybean,4.263909339904785,4.214949949577517,4.078329498499212,3.6194253444671634,0
2,Brazil_DUP2_farm6_field298_corn_2017,Brazil|DUP2|farm6,Brazil|corn,7.405370712280273,7.168755022835993,6.763688027858734,5.655554294586182,0
2,Brazil_DUP2_farm6_field299_soybean_2021,Brazil|DUP2|farm6,Brazil|soybean,3.938308000564575,4.152255460109408,4.078329498499212,3.6194253444671634,0
2,Brazil_DUP2_farm6_field301_wheat_2021,Brazil|DUP2|farm6,Brazil|wheat,4.109171390533447,4.1742623761043145,3.6766343029533943,3.0056171894073485,0
2,Brazil_DUP2_farm6_field302_soybean_2018,Brazil|DUP2|farm6,Brazil|soybean,4.501225471496582,4.212664699667134,4.078329498499212,3.6194253444671634,0
2,Brazil_DUP2_farm6_field304_soybean_2019,Brazil|DUP2|farm6,Brazil|soybean,2.8104407787323,3.7763644819959152,4.078329498499212,3.6194253444671634,1
2,Brazil_DUP2_farm6_field305_soybean_2023,Brazil|DUP2|farm6,Brazil|soybean,3.9402313232421875,3.816404824776047,4.078329498499212,3.6194253444671634,0
2,Brazil_DUP2_farm6_field306_wheat_2022,Brazil|DUP2|farm6,Brazil|wheat,3.312897205352783,4.025854240581385,3.6766343029533943,3.0056171894073485,0
2,Brazil_DUP2_farm6_field307_soybean_2022,Brazil|DUP2|farm6,Brazil|soybean,4.582952976226807,4.119214699068376,4.078329498499212,3.6194253444671634,0
2,Brazil_DUP2_farm6_field308_corn_2017,Brazil|DUP2|farm6,Brazil|corn,7.7548828125,6.686459891888709,6.763688027858734,5.655554294586182,0
2,Brazil_DUP2_farm6_field309_wheat_2022,Brazil|DUP2|farm6,Brazil|wheat,3.0413668155670166,3.636140753733001,3.6766343029533943,3.0056171894073485,0
2,Brazil_DUP2_farm6_field310_soybean_2022,Brazil|DUP2|farm6,Brazil|soybean,4.3395867347717285,4.160279283962255,4.078329498499212,3.6194253444671634,0
2,Brazil_DUP2_farm6_field312_wheat_2021,Brazil|DUP2|farm6,Brazil|wheat,4.248431205749512,4.1742844425555745,3.6766343029533943,3.0056171894073485,0
2,Brazil_DUP2_farm6_field313_soybean_2017,Brazil|DUP2|farm6,Brazil|soybean,4.614875793457031,4.23940452551691,4.078329498499212,3.6194253444671634,0
2,Brazil_DUP2_farm6_field314_wheat_2018,Brazil|DUP2|farm6,Brazil|wheat,4.747447490692139,2.975226015942887,3.6766343029533943,3.0056171894073485,0
2,Brazil_DUP2_farm6_field316_soybean_2020,Brazil|DUP2|farm6,Brazil|soybean,3.987001419067383,4.028914204595454,4.078329498499212,3.6194253444671634,0
2,Brazil_DUP2_farm6_field317_soybean_2018,Brazil|DUP2|farm6,Brazil|soybean,4.2405924797058105,4.113665548555536,4.078329498499212,3.6194253444671634,0
2,Brazil_DUP2_farm6_field318_soybean_2019,Brazil|DUP2|farm6,Brazil|soybean,3.2935357093811035,3.833531100186968,4.078329498499212,3.6194253444671634,1
2,Brazil_DUP2_farm6_field319_corn_2024,Brazil|DUP2|farm6,Brazil|corn,5.417327880859375,5.7889348113686685,6.763688027858734,5.655554294586182,1
2,Brazil_DUP2_farm6_field320_soybean_2023,Brazil|DUP2|farm6,Brazil|soybean,4.606216907501221,4.059594128374411,4.078329498499212,3.6194253444671634,0
2,Brazil_DUP2_farm6_field321_wheat_2021,Brazil|DUP2|farm6,Brazil|wheat,5.6568074226379395,4.25816697827786,3.6766343029533943,3.0056171894073485,0
2,Brazil_DUP2_farm6_field322_wheat_2022,Brazil|DUP2|farm6,Brazil|wheat,3.570183277130127,3.8949174654828527,3.6766343029533943,3.0056171894073485,0
2,Brazil_DUP2_farm6_field323_soybean_2017,Brazil|DUP2|farm6,Brazil|soybean,4.297325611114502,4.129106149171522,4.078329498499212,3.6194253444671634,0
2,Brazil_DUP2_farm6_field324_corn_2020,Brazil|DUP2|farm6,Brazil|corn,5.229081153869629,6.111789231316213,6.763688027858734,5.655554294586182,1
2,Brazil_DUP2_farm6_field325_wheat_2018,Brazil|DUP2|farm6,Brazil|wheat,2.8940229415893555,3.540436978701877,3.6766343029533943,3.0056171894073485,1
2,Brazil_DUP2_farm6_field326_soybean_2023,Brazil|DUP2|farm6,Brazil|soybean,5.114108085632324,4.255473452296947,4.078329498499212,3.6194253444671634,0
2,Brazil_DUP2_farm6_field328_wheat_2018,Brazil|DUP2|farm6,Brazil|wheat,4.744672775268555,4.029272315292632,3.6766343029533943,3.0056171894073485,0
2,Brazil_DUP2_farm6_field329_soybean_2019,Brazil|DUP2|farm6,Brazil|soybean,3.988605260848999,3.6932929088375044,4.078329498499212,3.6194253444671634,0
2,Brazil_DUP2_farm6_field330_corn_2024,Brazil|DUP2|farm6,Brazil|corn,5.013312339782715,5.738706554648465,6.763688027858734,5.655554294586182,1
2,Brazil_DUP2_farm6_field331_wheat_2019,Brazil|DUP2|farm6,Brazil|wheat,4.073089122772217,3.3941357857164998,3.6766343029533943,3.0056171894073485,0
2,Brazil_DUP2_farm6_field332_soybean_2020,Brazil|DUP2|farm6,Brazil|soybean,4.528463840484619,4.116995288164691,4.078329498499212,3.6194253444671634,0
2,Brazil_DUP2_farm6_field333_soybean_2023,Brazil|DUP2|farm6,Brazil|soybean,5.539949417114258,3.8469622328858555,4.078329498499212,3.6194253444671634,0
2,Brazil_DUP2_farm6_field334_soybean_2020,Brazil|DUP2|farm6,Brazil|soybean,3.682724714279175,4.114552505391541,4.078329498499212,3.6194253444671634,0
2,Brazil_DUP2_farm6_field335_wheat_2019,Brazil|DUP2|farm6,Brazil|wheat,3.8059654235839844,3.738377735448038,3.6766343029533943,3.0056171894073485,0
2,Brazil_DUP2_farm6_field336_soybean_2018,Brazil|DUP2|farm6,Brazil|soybean,4.660524845123291,3.848948064487435,4.078329498499212,3.6194253444671634,0
2,Brazil_DUP2_farm6_field337_wheat_2018,Brazil|DUP2|farm6,Brazil|wheat,4.557914733886719,3.003558366011717,3.6766343029533943,3.0056171894073485,0
2,Brazil_DUP2_farm6_field338_wheat_2018,Brazil|DUP2|farm6,Brazil|wheat,3.7553391456604004,3.039217479499064,3.6766343029533943,3.0056171894073485,0
2,Brazil_DUP2_farm6_field339_corn_2020,Brazil|DUP2|farm6,Brazil|corn,11.386627197265625,6.571173395967642,6.763688027858734,5.655554294586182,0
2,Brazil_DUP2_farm6_field340_soybean_2018,Brazil|DUP2|farm6,Brazil|soybean,4.1799750328063965,4.212694917742693,4.078329498499212,3.6194253444671634,0
2,Brazil_DUP2_farm6_field341_soybean_2018,Brazil|DUP2|farm6,Brazil|soybean,4.515601634979248,4.249915424819397,4.078329498499212,3.6194253444671634,0
2,Brazil_DUP2_farm6_field342_soybean_2023,Brazil|DUP2|farm6,Brazil|soybean,3.7264204025268555,4.2942276797178724,4.078329498499212,3.6194253444671634,0
2,Brazil_DUP2_farm6_field343_soybean_2017,Brazil|DUP2|farm6,Brazil|soybean,5.014899730682373,4.298055474522771,4.078329498499212,3.6194253444671634,0
2,Brazil_DUP2_farm6_field345_soybean_2023,Brazil|DUP2|farm6,Brazil|soybean,4.569785118103027,4.0592620599547145,4.078329498499212,3.6194253444671634,0
2,Brazil_DUP2_farm6_field346_soybean_2019,Brazil|DUP2|farm6,Brazil|soybean,3.898216485977173,3.6686784097689684,4.078329498499212,3.6194253444671634,0
2,Brazil_DUP2_farm6_field347_corn_2019,Brazil|DUP2|farm6,Brazil|corn,6.527939319610596,7.0088818589313675,6.763688027858734,5.655554294586182,0
2,Brazil_DUP2_farm6_field349_wheat_2019,Brazil|DUP2|farm6,Brazil|wheat,4.300729751586914,3.7436461617315673,3.6766343029533943,3.0056171894073485,0
2,Brazil_DUP2_farm6_field351_wheat_2022,Brazil|DUP2|farm6,Brazil|wheat,3.8027422428131104,3.9300088510919116,3.6766343029533943,3.0056171894073485,0
2,Brazil_DUP2_farm6_field352_soybean_2017,Brazil|DUP2|farm6,Brazil|soybean,4.224902153015137,4.194584385688499,4.078329498499212,3.6194253444671634,0
2,Brazil_DUP2_farm6_field353_corn_2023,Brazil|DUP2|farm6,Brazil|corn,4.610418319702148,5.444590997415292,6.763688027858734,5.655554294586182,1
2,Brazil_DUP2_farm6_field354_soybean_2022,Brazil|DUP2|farm6,Brazil|soybean,4.1620683670043945,4.155149335585684,4.078329498499212,3.6194253444671634,0
2,Brazil_DUP2_farm6_field355_wheat_2017,Brazil|DUP2|farm6,Brazil|wheat,3.0669891834259033,3.4979485007188216,3.6766343029533943,3.0056171894073485,0
2,Brazil_DUP2_farm6_field356_wheat_2021,Brazil|DUP2|farm6,Brazil|wheat,4.299647331237793,4.1493008697249225,3.6766343029533943,3.0056171894073485,0
2,Brazil_DUP2_farm6_field358_corn_2024,Brazil|DUP2|farm6,Brazil|corn,7.944735050201416,5.891868613081823,6.763688027858734,5.655554294586182,0
2,Brazil_DUP2_farm6_field359_wheat_2021,Brazil|DUP2|farm6,Brazil|wheat,6.547567367553711,4.346031912478149,3.6766343029533943,3.0056171894073485,0
2,Brazil_DUP2_farm6_field361_soybean_2021,Brazil|DUP2|farm6,Brazil|soybean,4.1926679611206055,4.298052703640538,4.078329498499212,3.6194253444671634,0
2,Brazil_DUP2_farm6_field362_soybean_2017,Brazil|DUP2|farm6,Brazil|soybean,4.743152141571045,4.21060985604607,4.078329498499212,3.6194253444671634,0
2,Brazil_DUP2_farm6_field363_wheat_2019,Brazil|DUP2|farm6,Brazil|wheat,3.753354787826538,3.7368063136779397,3.6766343029533943,3.0056171894073485,0
2,Brazil_DUP2_farm6_field364_soybean_2023,Brazil|DUP2|farm6,Brazil|soybean,3.7096686363220215,4.058216999092154,4.078329498499212,3.6194253444671634,0
2,Brazil_DUP2_farm6_field365_wheat_2021,Brazil|DUP2|farm6,Brazil|wheat,4.028285980224609,4.106233026225679,3.6766343029533943,3.0056171894073485,0
2,Brazil_DUP2_farm6_field366_soybean_2017,Brazil|DUP2|farm6,Brazil|soybean,4.287249565124512,4.028602705154985,4.078329498499212,3.6194253444671634,0
2,Brazil_DUP2_farm6_field368_soybean_2023,Brazil|DUP2|farm6,Brazil|soybean,4.5752177238464355,4.213783329865915,4.078329498499212,3.6194253444671634,0
2,Brazil_DUP2_farm6_field369_soybean_2017,Brazil|DUP2|farm6,Brazil|soybean,4.866265773773193,4.273414308014467,4.078329498499212,3.6194253444671634,0
2,Brazil_DUP2_farm6_field371_soybean_2023,Brazil|DUP2|farm6,Brazil|soybean,3.2868411540985107,4.260256341126559,4.078329498499212,3.6194253444671634,1
2,Brazil_DUP2_farm6_field372_corn_2020,Brazil|DUP2|farm6,Brazil|corn,10.143900871276855,6.266340954113441,6.763688027858734,5.655554294586182,0
2,Brazil_DUP2_farm6_field373_corn_2019,Brazil|DUP2|farm6,Brazil|corn,7.1012959480285645,6.589870399738575,6.763688027858734,5.655554294586182,0
2,Brazil_DUP2_farm6_field374_corn_2020,Brazil|DUP2|farm6,Brazil|corn,11.590108871459961,6.561570303188867,6.763688027858734,5.655554294586182,0
2,Brazil_DUP2_farm6_field375_wheat_2022,Brazil|DUP2|farm6,Brazil|wheat,3.8399860858917236,4.149632944469439,3.6766343029533943,3.0056171894073485,0
2,Brazil_DUP2_farm6_field376_wheat_2022,Brazil|DUP2|farm6,Brazil|wheat,3.590993642807007,3.8379911240620936,3.6766343029533943,3.0056171894073485,0
2,Brazil_DUP2_farm6_field377_soybean_2021,Brazil|DUP2|farm6,Brazil|soybean,4.079043388366699,4.256709485490047,4.078329498499212,3.6194253444671634,0
2,Brazil_DUP2_farm6_field378_corn_2023,Brazil|DUP2|farm6,Brazil|corn,6.051245212554932,5.965509728635469,6.763688027858734,5.655554294586182,0
2,Brazil_DUP2_farm6_field379_wheat_2022,Brazil|DUP2|farm6,Brazil|wheat,3.808020830154419,3.802621532451206,3.6766343029533943,3.0056171894073485,0
2,Brazil_DUP2_farm6_field380_corn_2024,Brazil|DUP2|farm6,Brazil|corn,4.286979675292969,5.995286336797165,6.763688027858734,5.655554294586182,1
2,Brazil_DUP2_farm6_field381_corn_2017,Brazil|DUP2|farm6,Brazil|corn,8.421371459960938,6.645225246147524,6.763688027858734,5.655554294586182,0
2,Brazil_DUP2_farm6_field382_wheat_2019,Brazil|DUP2|farm6,Brazil|wheat,3.7733302116394043,3.885738087545856,3.6766343029533943,3.0056171894073485,0
2,Brazil_DUP2_farm6_field383_soybean_2018,Brazil|DUP2|farm6,Brazil|soybean,4.268589973449707,4.035908145735639,4.078329498499212,3.6194253444671634,0
2,Brazil_DUP2_farm6_field384_soybean_2017,Brazil|DUP2|farm6,Brazil|soybean,4.702749252319336,4.195712063040958,4.078329498499212,3.6194253444671634,0
2,Brazil_DUP2_farm6_field385_soybean_2023,Brazil|DUP2|farm6,Brazil|soybean,4.831797122955322,3.5405767377105937,4.078329498499212,3.6194253444671634,0
2,Brazil_DUP2_farm6_field386_soybean_2023,Brazil|DUP2|farm6,Brazil|soybean,4.6777143478393555,4.170928024135088,4.078329498499212,3.6194253444671634,0
2,Brazil_DUP2_farm6_field387_soybean_2017,Brazil|DUP2|farm6,Brazil|soybean,3.9966087341308594,4.358014383200654,4.078329498499212,3.6194253444671634,0
2,Brazil_DUP2_farm6_field388_corn_2023,Brazil|DUP2|farm6,Brazil|corn,4.379342555999756,5.683273690478209,6.763688027858734,5.655554294586182,1
2,Brazil_DUP2_farm6_field389_wheat_2018,Brazil|DUP2|farm6,Brazil|wheat,1.7740647792816162,3.4061828167237116,3.6766343029533943,3.0056171894073485,1
2,Brazil_DUP2_farm6_field390_wheat_2022,Brazil|DUP2|farm6,Brazil|wheat,3.507200241088867,3.7499292154334776,3.6766343029533943,3.0056171894073485,0
2,Brazil_DUP2_farm6_field391_soybean_2022,Brazil|DUP2|farm6,Brazil|soybean,4.653469562530518,4.258114316932598,4.078329498499212,3.6194253444671634,0
2,Brazil_DUP2_farm6_field392_soybean_2019,Brazil|DUP2|farm6,Brazil|soybean,3.5063679218292236,3.7543744638811445,4.078329498499212,3.6194253444671634,1
2,Brazil_DUP2_farm6_field393_corn_2017,Brazil|DUP2|farm6,Brazil|corn,9.2298583984375,6.64858026666295,6.763688027858734,5.655554294586182,0
2,Brazil_DUP2_farm6_field394_soybean_2018,Brazil|DUP2|farm6,Brazil|soybean,4.413631916046143,3.799891901671129,4.078329498499212,3.6194253444671634,0
2,Brazil_DUP2_farm6_field395_soybean_2020,Brazil|DUP2|farm6,Brazil|soybean,4.75927734375,4.483941460623333,4.078329498499212,3.6194253444671634,0
2,Brazil_DUP2_farm6_field396_corn_2023,Brazil|DUP2|farm6,Brazil|corn,4.499091625213623,5.593529057574613,6.763688027858734,5.655554294586182,1
2,Brazil_DUP2_farm6_field397_corn_2020,Brazil|DUP2|farm6,Brazil|corn,6.844395637512207,6.446155260984996,6.763688027858734,5.655554294586182,0
2,Brazil_DUP2_farm6_field398_soybean_2019,Brazil|DUP2|farm6,Brazil|soybean,4.125811576843262,3.6350578506363913,4.078329498499212,3.6194253444671634,0
2,Brazil_DUP2_farm6_field399_soybean_2022,Brazil|DUP2|farm6,Brazil|soybean,4.777414798736572,4.32432668044556,4.078329498499212,3.6194253444671634,0
2,Brazil_DUP2_farm6_field400_corn_2017,Brazil|DUP2|farm6,Brazil|corn,7.38048791885376,6.298678842051237,6.763688027858734,5.655554294586182,0
2,Brazil_DUP2_farm6_field402_corn_2020,Brazil|DUP2|farm6,Brazil|corn,5.578191757202148,6.451941417044995,6.763688027858734,5.655554294586182,1
2,Brazil_DUP2_farm6_field403_soybean_2020,Brazil|DUP2|farm6,Brazil|soybean,4.402918338775635,4.171992061719749,4.078329498499212,3.6194253444671634,0
2,Brazil_DUP2_farm6_field404_wheat_2018,Brazil|DUP2|farm6,Brazil|wheat,3.6524460315704346,3.9578773947283916,3.6766343029533943,3.0056171894073485,0
2,Brazil_DUP2_farm6_field405_wheat_2018,Brazil|DUP2|farm6,Brazil|wheat,5.12394380569458,3.030527374107842,3.6766343029533943,3.0056171894073485,0
2,Brazil_DUP2_farm6_field407_soybean_2022,Brazil|DUP2|farm6,Brazil|soybean,4.444711208343506,4.245252026045912,4.078329498499212,3.6194253444671634,0
2,Brazil_DUP2_farm6_field408_corn_2019,Brazil|DUP2|farm6,Brazil|corn,6.854948043823242,6.795220726179665,6.763688027858734,5.655554294586182,0
2,Brazil_DUP2_farm6_field409_wheat_2021,Brazil|DUP2|farm6,Brazil|wheat,4.242199420928955,4.217079830465765,3.6766343029533943,3.0056171894073485,0
2,Brazil_DUP2_farm6_field410_corn_2020,Brazil|DUP2|farm6,Brazil|corn,9.976926803588867,6.630741551805097,6.763688027858734,5.655554294586182,0
2,Brazil_DUP2_farm6_field411_corn_2024,Brazil|DUP2|farm6,Brazil|corn,8.165376663208008,6.318801817302407,6.763688027858734,5.655554294586182,0
2,Brazil_DUP2_farm6_field413_soybean_2018,Brazil|DUP2|farm6,Brazil|soybean,4.2945685386657715,3.794937528552944,4.078329498499212,3.6194253444671634,0
2,Brazil_DUP2_farm6_field414_soybean_2019,Brazil|DUP2|farm6,Brazil|soybean,3.609548330307007,3.8097179712466707,4.078329498499212,3.6194253444671634,1
2,Brazil_DUP2_farm6_field415_soybean_2022,Brazil|DUP2|farm6,Brazil|soybean,4.326964855194092,4.38761042895296,4.078329498499212,3.6194253444671634,0
2,Brazil_DUP2_farm6_field416_corn_2023,Brazil|DUP2|farm6,Brazil|corn,2.661848783493042,5.38089623185738,6.763688027858734,5.655554294586182,1
2,Brazil_DUP2_farm6_field417_soybean_2018,Brazil|DUP2|farm6,Brazil|soybean,3.5767807960510254,3.9876360992336957,4.078329498499212,3.6194253444671634,1
2,Brazil_DUP2_farm6_field418_soybean_2021,Brazil|DUP2|farm6,Brazil|soybean,3.981264591217041,4.435610267032168,4.078329498499212,3.6194253444671634,0
2,Brazil_DUP2_farm6_field419_soybean_2021,Brazil|DUP2|farm6,Brazil|soybean,4.081830978393555,4.179336877232564,4.078329498499212,3.6194253444671634,0
2,Brazil_DUP2_farm6_field420_soybean_2021,Brazil|DUP2|farm6,Brazil|soybean,3.419915199279785,4.234654103762806,4.078329498499212,3.6194253444671634,1
2,Brazil_DUP2_farm6_field423_corn_2024,Brazil|DUP2|farm6,Brazil|corn,5.51885461807251,6.100045169183934,6.763688027858734,5.655554294586182,1
2,Brazil_DUP2_farm6_field424_soybean_2021,Brazil|DUP2|farm6,Brazil|soybean,4.107974052429199,4.161093974478723,4.078329498499212,3.6194253444671634,0
2,Brazil_DUP2_farm6_field425_wheat_2018,Brazil|DUP2|farm6,Brazil|wheat,5.392672061920166,3.3022811449229392,3.6766343029533943,3.0056171894073485,0
2,Brazil_DUP2_farm6_field426_wheat_2022,Brazil|DUP2|farm6,Brazil|wheat,3.245723009109497,3.713239602359951,3.6766343029533943,3.0056171894073485,0
2,Brazil_DUP2_farm6_field427_soybean_2018,Brazil|DUP2|farm6,Brazil|soybean,4.140359878540039,4.151972581296417,4.078329498499212,3.6194253444671634,0
2,Brazil_DUP2_farm6_field428_soybean_2021,Brazil|DUP2|farm6,Brazil|soybean,3.911285877227783,4.188301577819376,4.078329498499212,3.6194253444671634,0
2,Brazil_DUP2_farm6_field429_corn_2023,Brazil|DUP2|farm6,Brazil|corn,4.479156017303467,5.816304956254425,6.763688027858734,5.655554294586182,1
2,Brazil_DUP2_farm6_field430_wheat_2019,Brazil|DUP2|farm6,Brazil|wheat,3.478109121322632,3.604293635103605,3.6766343029533943,3.0056171894073485,0
2,Brazil_DUP2_farm6_field431_wheat_2018,Brazil|DUP2|farm6,Brazil|wheat,2.4940881729125977,3.574709591978772,3.6766343029533943,3.0056171894073485,1
2,Brazil_DUP2_farm6_field432_corn_2020,Brazil|DUP2|farm6,Brazil|corn,7.102114677429199,6.259106731743554,6.763688027858734,5.655554294586182,0
2,Brazil_DUP2_farm6_field433_soybean_2020,Brazil|DUP2|farm6,Brazil|soybean,4.422533988952637,4.120936630321835,4.078329498499212,3.6194253444671634,0
2,Brazil_DUP2_farm6_field434_soybean_2018,Brazil|DUP2|farm6,Brazil|soybean,4.659298419952393,3.665810546730772,4.078329498499212,3.6194253444671634,0
2,Brazil_DUP2_farm6_field437_corn_2017,Brazil|DUP2|farm6,Brazil|corn,7.3931756019592285,6.478409981227318,6.763688027858734,5.655554294586182,0
2,Brazil_DUP2_farm6_field438_corn_2020,Brazil|DUP2|farm6,Brazil|corn,11.214509963989258,6.691845793383258,6.763688027858734,5.655554294586182,0
2,Brazil_DUP2_farm6_field439_corn_2024,Brazil|DUP2|farm6,Brazil|corn,4.802873134613037,5.936313304647552,6.763688027858734,5.655554294586182,1
2,Brazil_DUP2_farm6_field440_corn_2023,Brazil|DUP2|farm6,Brazil|corn,3.6801536083221436,5.143689555898777,6.763688027858734,5.655554294586182,1
2,Brazil_DUP2_farm6_field441_soybean_2021,Brazil|DUP2|farm6,Brazil|soybean,3.830446481704712,4.288916422521979,4.078329498499212,3.6194253444671634,0
2,Brazil_DUP2_farm6_field442_corn_2020,Brazil|DUP2|farm6,Brazil|corn,5.412701606750488,6.375513610291854,6.763688027858734,5.655554294586182,1
2,Brazil_DUP2_farm6_field444_soybean_2019,Brazil|DUP2|farm6,Brazil|soybean,2.5147814750671387,3.8658802473609946,4.078329498499212,3.6194253444671634,1
2,Brazil_DUP2_farm6_field445_wheat_2018,Brazil|DUP2|farm6,Brazil|wheat,4.153449058532715,2.996091402496538,3.6766343029533943,3.0056171894073485,0
2,Brazil_DUP2_farm6_field446_corn_2017,Brazil|DUP2|farm6,Brazil|corn,7.504764556884766,6.639871547602991,6.763688027858734,5.655554294586182,0
2,Brazil_DUP2_farm6_field448_wheat_2022,Brazil|DUP2|farm6,Brazil|wheat,3.977097749710083,3.8693599476485403,3.6766343029533943,3.0056171894073485,0
2,Brazil_DUP2_farm6_field449_wheat_2021,Brazil|DUP2|farm6,Brazil|wheat,5.32174015045166,4.378999425400127,3.6766343029533943,3.0056171894073485,0
2,Brazil_DUP2_farm6_field450_soybean_2019,Brazil|DUP2|farm6,Brazil|soybean,3.5977067947387695,3.5156384677425834,4.078329498499212,3.6194253444671634,1
2,Brazil_DUP2_farm6_field451_soybean_2019,Brazil|DUP2|farm6,Brazil|soybean,2.73765230178833,3.4497527172604925,4.078329498499212,3.6194253444671634,1
2,Brazil_DUP2_farm6_field453_wheat_2017,Brazil|DUP2|farm6,Brazil|wheat,2.8432838916778564,3.564240477430122,3.6766343029533943,3.0056171894073485,1
2,Brazil_DUP2_farm6_field454_soybean_2023,Brazil|DUP2|farm6,Brazil|soybean,3.861196279525757,3.86627315827346,4.078329498499212,3.6194253444671634,0
2,Brazil_DUP2_farm6_field455_soybean_2021,Brazil|DUP2|farm6,Brazil|soybean,3.5795886516571045,4.384486218115382,4.078329498499212,3.6194253444671634,1
2,Brazil_DUP2_farm6_field457_soybean_2018,Brazil|DUP2|farm6,Brazil|soybean,4.795234680175781,3.7938858175679337,4.078329498499212,3.6194253444671634,0
2,Brazil_DUP2_farm6_field458_corn_2024,Brazil|DUP2|farm6,Brazil|corn,6.387229919433594,5.874813520067156,6.763688027858734,5.655554294586182,0
2,Brazil_DUP2_farm6_field459_corn_2023,Brazil|DUP2|farm6,Brazil|corn,3.890676736831665,5.274349793076985,6.763688027858734,5.655554294586182,1
2,Brazil_DUP2_farm6_field460_wheat_2022,Brazil|DUP2|farm6,Brazil|wheat,3.684356212615967,3.9357318307479585,3.6766343029533943,3.0056171894073485,0
2,Brazil_DUP2_farm6_field461_wheat_2019,Brazil|DUP2|farm6,Brazil|wheat,4.069079399108887,3.4290701363827223,3.6766343029533943,3.0056171894073485,0
2,Brazil_DUP2_farm6_field462_corn_2023,Brazil|DUP2|farm6,Brazil|corn,4.84932804107666,5.464467052056124,6.763688027858734,5.655554294586182,1
2,Brazil_DUP2_farm6_field463_corn_2017,Brazil|DUP2|farm6,Brazil|corn,7.731034755706787,6.468477097156952,6.763688027858734,5.655554294586182,0
2,Brazil_DUP2_farm6_field465_soybean_2020,Brazil|DUP2|farm6,Brazil|soybean,3.869234561920166,4.257559168381642,4.078329498499212,3.6194253444671634,0
2,Brazil_DUP2_farm6_field466_wheat_2022,Brazil|DUP2|farm6,Brazil|wheat,4.2849531173706055,4.136882995937016,3.6766343029533943,3.0056171894073485,0
2,Brazil_DUP2_farm6_field468_soybean_2020,Brazil|DUP2|farm6,Brazil|soybean,4.734006404876709,4.344947529386913,4.078329498499212,3.6194253444671634,0
2,Brazil_DUP2_farm6_field469_soybean_2020,Brazil|DUP2|farm6,Brazil|soybean,4.096224308013916,4.219348773053102,4.078329498499212,3.6194253444671634,0
2,Brazil_DUP2_farm6_field471_soybean_2022,Brazil|DUP2|farm6,Brazil|soybean,4.590147495269775,4.229722116758841,4.078329498499212,3.6194253444671634,0
2,Brazil_DUP2_farm6_field472_soybean_2021,Brazil|DUP2|farm6,Brazil|soybean,3.885075092315674,4.2293772674114125,4.078329498499212,3.6194253444671634,0
2,Brazil_DUP2_farm7_field476_soybean_2019,Brazil|DUP2|farm7,Brazil|soybean,1.9895975589752197,3.520152783513131,4.078329498499212,3.6194253444671634,1
2,Brazil_DUP2_farm7_field477_soybean_2018,Brazil|DUP2|farm7,Brazil|soybean,3.641101837158203,3.5584431845953506,4.078329498499212,3.6194253444671634,0
2,Brazil_DUP2_farm7_field478_soybean_2017,Brazil|DUP2|farm7,Brazil|soybean,3.7376205921173096,3.5771342827100847,4.078329498499212,3.6194253444671634,0
2,Brazil_DUP2_farm7_field479_soybean_2018,Brazil|DUP2|farm7,Brazil|soybean,2.7960479259490967,3.5513512086745727,4.078329498499212,3.6194253444671634,1
2,Brazil_DUP2_farm7_field480_soybean_2017,Brazil|DUP2|farm7,Brazil|soybean,3.8509411811828613,3.939583974538356,4.078329498499212,3.6194253444671634,0
2,Brazil_DUP2_farm7_field481_soybean_2019,Brazil|DUP2|farm7,Brazil|soybean,2.1961593627929688,3.4728866468114536,4.078329498499212,3.6194253444671634,1
2,Brazil_DUP2_farm7_field482_soybean_2019,Brazil|DUP2|farm7,Brazil|soybean,2.4720380306243896,3.6836564434440504,4.078329498499212,3.6194253444671634,1
2,Brazil_DUP2_farm7_field483_soybean_2018,Brazil|DUP2|farm7,Brazil|soybean,3.681778907775879,3.4873307592484344,4.078329498499212,3.6194253444671634,0
2,Brazil_DUP2_farm7_field484_soybean_2017,Brazil|DUP2|farm7,Brazil|soybean,3.841712236404419,3.489476318829095,4.078329498499212,3.6194253444671634,0
2,Brazil_DUP2_farm7_field485_soybean_2018,Brazil|DUP2|farm7,Brazil|soybean,3.322072744369507,3.552354217668165,4.078329498499212,3.6194253444671634,1
2,Brazil_DUP2_farm7_field486_soybean_2019,Brazil|DUP2|farm7,Brazil|soybean,2.5930209159851074,3.640682551920965,4.078329498499212,3.6194253444671634,1
2,Brazil_DUP2_farm7_field487_soybean_2019,Brazil|DUP2|farm7,Brazil|soybean,2.331937789916992,3.468073412701775,4.078329498499212,3.6194253444671634,1
2,Brazil_DUP2_farm7_field488_soybean_2017,Brazil|DUP2|farm7,Brazil|soybean,3.7681169509887695,3.783722684772705,4.078329498499212,3.6194253444671634,0
2,Brazil_DUP2_farm7_field489_soybean_2018,Brazil|DUP2|farm7,Brazil|soybean,3.277639865875244,3.5251898709056952,4.078329498499212,3.6194253444671634,1
2,Brazil_DUP2_farm7_field490_soybean_2019,Brazil|DUP2|farm7,Brazil|soybean,1.8985341787338257,3.5745432602005796,4.078329498499212,3.6194253444671634,1
2,Brazil_DUP2_farm8_field491_soybean_2024,Brazil|DUP2|farm8,Brazil|soybean,3.5133821964263916,3.9320369795018792,4.078329498499212,3.6194253444671634,1
2,Brazil_DUP2_farm8_field492_soybean_2024,Brazil|DUP2|farm8,Brazil|soybean,3.412663698196411,3.864619358653835,4.078329498499212,3.6194253444671634,1
2,Brazil_DUP2_farm8_field494_soybean_2024,Brazil|DUP2|farm8,Brazil|soybean,3.453852891921997,4.035873861556276,4.078329498499212,3.6194253444671634,1
2,Brazil_DUP2_farm8_field496_soybean_2024,Brazil|DUP2|farm8,Brazil|soybean,3.542454242706299,4.160479706390322,4.078329498499212,3.6194253444671634,1
2,Brazil_DUP2_farm8_field497_soybean_2024,Brazil|DUP2|farm8,Brazil|soybean,2.2249348163604736,3.711750702813602,4.078329498499212,3.6194253444671634,1
2,Germany_DUP3_farm1_field10_wheat_2016,Germany|DUP3|farm1,Germany|wheat,9.957723617553711,9.076083038003874,9.60295344221181,8.474762916564941,0
2,Germany_DUP3_farm1_field11_rapeseed_2016,Germany|DUP3|farm1,Germany|rapeseed,1.757341980934143,3.362835256114548,4.323676345395107,3.1321351528167725,1
2,Germany_DUP3_farm1_field12_wheat_2016,Germany|DUP3|farm1,Germany|wheat,11.719118118286133,8.979524465462163,9.60295344221181,8.474762916564941,0
2,Germany_DUP3_farm1_field13_rapeseed_2016,Germany|DUP3|farm1,Germany|rapeseed,5.138420104980469,3.3043739410101787,4.323676345395107,3.1321351528167725,0
2,Germany_DUP3_farm1_field14_rapeseed_2016,Germany|DUP3|farm1,Germany|rapeseed,2.1892249584198,3.600101409494661,4.323676345395107,3.1321351528167725,1
2,Germany_DUP3_farm1_field15_rapeseed_2016,Germany|DUP3|farm1,Germany|rapeseed,5.2916579246521,3.857380226602562,4.323676345395107,3.1321351528167725,0
2,Germany_DUP3_farm1_field17_wheat_2016,Germany|DUP3|farm1,Germany|wheat,8.99178695678711,8.594578912327814,9.60295344221181,8.474762916564941,0
2,Germany_DUP3_farm1_field18_rapeseed_2016,Germany|DUP3|farm1,Germany|rapeseed,1.455482006072998,3.4728041932609717,4.323676345395107,3.1321351528167725,1
2,Germany_DUP3_farm1_field19_rapeseed_2017,Germany|DUP3|farm1,Germany|rapeseed,5.857564926147461,3.9043344846665136,4.323676345395107,3.1321351528167725,0
2,Germany_DUP3_farm1_field1_wheat_2016,Germany|DUP3|farm1,Germany|wheat,13.632645606994629,9.435783265873209,9.60295344221181,8.474762916564941,0
2,Germany_DUP3_farm1_field20_rapeseed_2017,Germany|DUP3|farm1,Germany|rapeseed,4.807300567626953,3.596775319726942,4.323676345395107,3.1321351528167725,0
2,Germany_DUP3_farm1_field21_rapeseed_2017,Germany|DUP3|farm1,Germany|rapeseed,6.709150314331055,3.9522682479351996,4.323676345395107,3.1321351528167725,0
2,Germany_DUP3_farm1_field22_rapeseed_2016,Germany|DUP3|farm1,Germany|rapeseed,5.980362415313721,3.574493541227681,4.323676345395107,3.1321351528167725,0
2,Germany_DUP3_farm1_field24_rapeseed_2017,Germany|DUP3|farm1,Germany|rapeseed,6.159890174865723,4.173017539911905,4.323676345395107,3.1321351528167725,0
2,Germany_DUP3_farm1_field26_wheat_2017,Germany|DUP3|farm1,Germany|wheat,14.288717269897461,8.818674584034905,9.60295344221181,8.474762916564941,0
2,Germany_DUP3_farm1_field27_rapeseed_2017,Germany|DUP3|farm1,Germany|rapeseed,5.87558650970459,4.180136821666469,4.323676345395107,3.1321351528167725,0
2,Germany_DUP3_farm1_field28_wheat_2017,Germany|DUP3|farm1,Germany|wheat,14.135701179504395,9.988090995938528,9.60295344221181,8.474762916564941,0
2,Germany_DUP3_farm1_field29_rapeseed_2017,Germany|DUP3|farm1,Germany|rapeseed,4.906274318695068,3.6799712548936165,4.323676345395107,3.1321351528167725,0
2,Germany_DUP3_farm1_field2_wheat_2016,Germany|DUP3|farm1,Germany|wheat,11.239669799804688,8.973939568194435,9.60295344221181,8.474762916564941,0
2,Germany_DUP3_farm1_field30_wheat_2017,Germany|DUP3|farm1,Germany|wheat,11.840201377868652,9.962435373850145,9.60295344221181,8.474762916564941,0
2,Germany_DUP3_farm1_field31_wheat_2017,Germany|DUP3|farm1,Germany|wheat,12.19756031036377,8.616188242147262,9.60295344221181,8.474762916564941,0
2,Germany_DUP3_farm1_field32_wheat_2017,Germany|DUP3|farm1,Germany|wheat,15.226228713989258,9.141391864479294,9.60295344221181,8.474762916564941,0
2,Germany_DUP3_farm1_field33_wheat_2016,Germany|DUP3|farm1,Germany|wheat,8.857559204101562,8.80869630016767,9.60295344221181,8.474762916564941,0
2,Germany_DUP3_farm1_field34_wheat_2017,Germany|DUP3|farm1,Germany|wheat,14.349177360534668,10.366307586218452,9.60295344221181,8.474762916564941,0
2,Germany_DUP3_farm1_field35_wheat_2017,Germany|DUP3|farm1,Germany|wheat,14.041878700256348,9.486834770157587,9.60295344221181,8.474762916564941,0
2,Germany_DUP3_farm1_field36_wheat_2017,Germany|DUP3|farm1,Germany|wheat,13.383131980895996,9.819193458197756,9.60295344221181,8.474762916564941,0
2,Germany_DUP3_farm1_field38_rapeseed_2019,Germany|DUP3|farm1,Germany|rapeseed,3.7963314056396484,4.097652123342328,4.323676345395107,3.1321351528167725,0
2,Germany_DUP3_farm1_field39_wheat_2019,Germany|DUP3|farm1,Germany|wheat,8.287920951843262,9.041829328191529,9.60295344221181,8.474762916564941,1
2,Germany_DUP3_farm1_field3_wheat_2016,Germany|DUP3|farm1,Germany|wheat,5.83726692199707,8.631748524274201,9.60295344221181,8.474762916564941,1
2,Germany_DUP3_farm1_field40_wheat_2019,Germany|DUP3|farm1,Germany|wheat,8.212130546569824,9.357914355140618,9.60295344221181,8.474762916564941,1
2,Germany_DUP3_farm1_field41_wheat_2019,Germany|DUP3|farm1,Germany|wheat,9.494501113891602,9.042864900374392,9.60295344221181,8.474762916564941,0
2,Germany_DUP3_farm1_field42_wheat_2019,Germany|DUP3|farm1,Germany|wheat,10.541364669799805,10.121824359763476,9.60295344221181,8.474762916564941,0
2,Germany_DUP3_farm1_field43_wheat_2016,Germany|DUP3|farm1,Germany|wheat,12.243258476257324,8.74999576202066,9.60295344221181,8.474762916564941,0
2,Germany_DUP3_farm1_field44_wheat_2019,Germany|DUP3|farm1,Germany|wheat,10.069598197937012,10.299296487183895,9.60295344221181,8.474762916564941,0
2,Germany_DUP3_farm1_field45_wheat_2019,Germany|DUP3|farm1,Germany|wheat,8.45172119140625,9.461992231852014,9.60295344221181,8.474762916564941,1
2,Germany_DUP3_farm1_field46_wheat_2019,Germany|DUP3|farm1,Germany|wheat,9.841507911682129,9.690512906392478,9.60295344221181,8.474762916564941,0
2,Germany_DUP3_farm1_field47_wheat_2019,Germany|DUP3|farm1,Germany|wheat,8.80524730682373,9.414551612680004,9.60295344221181,8.474762916564941,0
2,Germany_DUP3_farm1_field48_wheat_2019,Germany|DUP3|farm1,Germany|wheat,9.572940826416016,9.176431241088544,9.60295344221181,8.474762916564941,0
2,Germany_DUP3_farm1_field49_wheat_2019,Germany|DUP3|farm1,Germany|wheat,7.282961368560791,8.979934773882944,9.60295344221181,8.474762916564941,1
2,Germany_DUP3_farm1_field4_rapeseed_2016,Germany|DUP3|farm1,Germany|rapeseed,4.564465522766113,4.008079417368037,4.323676345395107,3.1321351528167725,0
2,Germany_DUP3_farm1_field50_rapeseed_2019,Germany|DUP3|farm1,Germany|rapeseed,3.894534111022949,3.8961566721173724,4.323676345395107,3.1321351528167725,0
2,Germany_DUP3_farm1_field51_wheat_2019,Germany|DUP3|farm1,Germany|wheat,10.18377685546875,8.806591215116674,9.60295344221181,8.474762916564941,0
2,Germany_DUP3_farm1_field52_wheat_2019,Germany|DUP3|farm1,Germany|wheat,8.804000854492188,9.351437522334432,9.60295344221181,8.474762916564941,0
2,Germany_DUP3_farm1_field55_rapeseed_2019,Germany|DUP3|farm1,Germany|rapeseed,3.3237996101379395,3.8927622387977157,4.323676345395107,3.1321351528167725,0
2,Germany_DUP3_farm1_field56_wheat_2019,Germany|DUP3|farm1,Germany|wheat,9.61966323852539,10.154041193863323,9.60295344221181,8.474762916564941,0
2,Germany_DUP3_farm1_field58_wheat_2019,Germany|DUP3|farm1,Germany|wheat,9.27385139465332,9.85845171635809,9.60295344221181,8.474762916564941,0
2,Germany_DUP3_farm1_field59_wheat_2019,Germany|DUP3|farm1,Germany|wheat,9.06311321258545,9.123455524606731,9.60295344221181,8.474762916564941,0
2,Germany_DUP3_farm1_field5_wheat_2016,Germany|DUP3|farm1,Germany|wheat,8.849596977233887,8.70702968884957,9.60295344221181,8.474762916564941,0
2,Germany_DUP3_farm1_field60_wheat_2019,Germany|DUP3|farm1,Germany|wheat,9.216819763183594,9.337521839202138,9.60295344221181,8.474762916564941,0
2,Germany_DUP3_farm1_field61_wheat_2019,Germany|DUP3|farm1,Germany|wheat,8.98876953125,9.094549427100862,9.60295344221181,8.474762916564941,0
2,Germany_DUP3_farm1_field62_wheat_2019,Germany|DUP3|farm1,Germany|wheat,8.745471000671387,9.749649802325681,9.60295344221181,8.474762916564941,0
2,Germany_DUP3_farm1_field63_wheat_2016,Germany|DUP3|farm1,Germany|wheat,10.336292266845703,8.943703552103168,9.60295344221181,8.474762916564941,0
2,Germany_DUP3_farm1_field65_rapeseed_2016,Germany|DUP3|farm1,Germany|rapeseed,5.052375793457031,4.210028264263258,4.323676345395107,3.1321351528167725,0
2,Germany_DUP3_farm1_field66_wheat_2016,Germany|DUP3|farm1,Germany|wheat,9.202469825744629,8.759169530504382,9.60295344221181,8.474762916564941,0
2,Germany_DUP3_farm1_field6_wheat_2016,Germany|DUP3|farm1,Germany|wheat,14.399621963500977,8.488497066277978,9.60295344221181,8.474762916564941,0
2,Germany_DUP3_farm1_field7_rapeseed_2016,Germany|DUP3|farm1,Germany|rapeseed,5.046213150024414,3.9769411077185435,4.323676345395107,3.1321351528167725,0
2,Germany_DUP3_farm1_field8_rapeseed_2016,Germany|DUP3|farm1,Germany|rapeseed,4.611868858337402,4.368259263905061,4.323676345395107,3.1321351528167725,0
2,Germany_DUP3_farm1_field9_wheat_2016,Germany|DUP3|farm1,Germany|wheat,12.071052551269531,9.606879799215765,9.60295344221181,8.474762916564941,0
2,Germany_DUP3_farm6_field277_rapeseed_2018,Germany|DUP3|farm6,Germany|rapeseed,1.4998924732208252,3.4441901065955287,4.323676345395107,3.1321351528167725,1
2,Germany_DUP3_farm6_field278_rapeseed_2018,Germany|DUP3|farm6,Germany|rapeseed,3.4147183895111084,4.344811329846774,4.323676345395107,3.1321351528167725,0
2,Germany_DUP3_farm6_field279_wheat_2018,Germany|DUP3|farm6,Germany|wheat,5.197326183319092,8.591559580911495,9.60295344221181,8.474762916564941,1
2,Germany_DUP3_farm6_field280_rapeseed_2019,Germany|DUP3|farm6,Germany|rapeseed,2.74130916595459,4.183699927669928,4.323676345395107,3.1321351528167725,1
2,Germany_DUP3_farm6_field281_rapeseed_2019,Germany|DUP3|farm6,Germany|rapeseed,3.674347162246704,4.649068782048197,4.323676345395107,3.1321351528167725,0
2,Germany_DUP3_farm6_field282_wheat_2019,Germany|DUP3|farm6,Germany|wheat,5.941227436065674,8.6990022896382,9.60295344221181,8.474762916564941,1
2,Germany_DUP3_farm6_field283_rapeseed_2020,Germany|DUP3|farm6,Germany|rapeseed,2.902054786682129,3.7178343351185594,4.323676345395107,3.1321351528167725,1
2,Germany_DUP3_farm6_field284_rapeseed_2020,Germany|DUP3|farm6,Germany|rapeseed,3.4589855670928955,3.8901145811757623,4.323676345395107,3.1321351528167725,0
2,Germany_DUP3_farm6_field286_wheat_2020,Germany|DUP3|farm6,Germany|wheat,7.132682800292969,8.886057045487922,9.60295344221181,8.474762916564941,1
2,Germany_DUP3_farm6_field287_wheat_2016,Germany|DUP3|farm6,Germany|wheat,7.927562236785889,8.765975546353296,9.60295344221181,8.474762916564941,1
2,Germany_DUP3_farm6_field288_rapeseed_2021,Germany|DUP3|farm6,Germany|rapeseed,3.413684844970703,4.469670956121616,4.323676345395107,3.1321351528167725,0
2,Germany_DUP3_farm6_field291_rapeseed_2021,Germany|DUP3|farm6,Germany|rapeseed,2.7118935585021973,4.163984480897506,4.323676345395107,3.1321351528167725,1
2,Germany_DUP3_farm6_field292_rapeseed_2016,Germany|DUP3|farm6,Germany|rapeseed,4.900137901306152,4.336912369680083,4.323676345395107,3.1321351528167725,0
2,Germany_DUP3_farm6_field294_rapeseed_2016,Germany|DUP3|farm6,Germany|rapeseed,4.4213480949401855,4.346183236965548,4.323676345395107,3.1321351528167725,0
2,Germany_DUP3_farm6_field295_wheat_2017,Germany|DUP3|farm6,Germany|wheat,6.096597671508789,8.880097785198792,9.60295344221181,8.474762916564941,1
2,Germany_DUP3_farm6_field296_rapeseed_2017,Germany|DUP3|farm6,Germany|rapeseed,4.916396617889404,4.1925703215797965,4.323676345395107,3.1321351528167725,0
2,Germany_DUP3_farm6_field297_rapeseed_2017,Germany|DUP3|farm6,Germany|rapeseed,3.6919548511505127,3.6083473850897896,4.323676345395107,3.1321351528167725,0
2,Germany_DUP3_farm6_field298_rapeseed_2017,Germany|DUP3|farm6,Germany|rapeseed,4.2288994789123535,4.204978429441455,4.323676345395107,3.1321351528167725,0
2,Germany_DUP3_farm6_field299_rapeseed_2018,Germany|DUP3|farm6,Germany|rapeseed,3.7339799404144287,4.292649145089211,4.323676345395107,3.1321351528167725,0
2,Uruguay_DUP4_farm3_field63_soybean_2021,Uruguay|DUP4|farm3,Uruguay|soybean,2.579521656036377,2.686963843767296,2.4210713797194114,1.337548851966858,0
2,Uruguay_DUP4_farm3_field64_soybean_2021,Uruguay|DUP4|farm3,Uruguay|soybean,1.741552472114563,2.0070971868874277,2.4210713797194114,1.337548851966858,0
2,Uruguay_DUP4_farm3_field65_soybean_2021,Uruguay|DUP4|farm3,Uruguay|soybean,2.7726547718048096,3.0383796964827283,2.4210713797194114,1.337548851966858,0
2,Uruguay_DUP4_farm3_field66_soybean_2021,Uruguay|DUP4|farm3,Uruguay|soybean,2.457805871963501,2.448495889431409,2.4210713797194114,1.337548851966858,0
2,Uruguay_DUP4_farm3_field67_soybean_2021,Uruguay|DUP4|farm3,Uruguay|soybean,2.4805383682250977,2.4262447565137086,2.4210713797194114,1.337548851966858,0
2,Uruguay_DUP4_farm3_field69_soybean_2019,Uruguay|DUP4|farm3,Uruguay|soybean,3.530750274658203,3.217013369450657,2.4210713797194114,1.337548851966858,0
2,Uruguay_DUP4_farm3_field70_soybean_2019,Uruguay|DUP4|farm3,Uruguay|soybean,3.797386646270752,3.1019268719385624,2.4210713797194114,1.337548851966858,0
2,Uruguay_DUP4_farm3_field71_soybean_2019,Uruguay|DUP4|farm3,Uruguay|soybean,2.0725479125976562,2.727996475797582,2.4210713797194114,1.337548851966858,0
2,Uruguay_DUP4_farm3_field73_soybean_2019,Uruguay|DUP4|farm3,Uruguay|soybean,3.78401780128479,2.8401884916322606,2.4210713797194114,1.337548851966858,0
2,Uruguay_DUP4_farm5_field171_soybean_2019,Uruguay|DUP4|farm5,Uruguay|soybean,2.184025526046753,3.04148477549127,2.4210713797194114,1.337548851966858,0
2,Uruguay_DUP4_farm5_field173_soybean_2019,Uruguay|DUP4|farm5,Uruguay|soybean,2.6117820739746094,3.373907923373415,2.4210713797194114,1.337548851966858,0
2,Uruguay_DUP4_farm6_field174_soybean_2019,Uruguay|DUP4|farm6,Uruguay|soybean,2.2168068885803223,3.204684512946275,2.4210713797194114,1.337548851966858,0
2,Uruguay_DUP4_farm9_field260_soybean_2019,Uruguay|DUP4|farm9,Uruguay|soybean,2.3036320209503174,2.8756403768830316,2.4210713797194114,1.337548851966858,0
2,Uruguay_DUP4_farm9_field261_soybean_2019,Uruguay|DUP4|farm9,Uruguay|soybean,2.639082193374634,3.1378399577498812,2.4210713797194114,1.337548851966858,0
2,Uruguay_DUP4_farm9_field262_soybean_2019,Uruguay|DUP4|farm9,Uruguay|soybean,2.4304380416870117,3.011536285233188,2.4210713797194114,1.337548851966858,0
2,Uruguay_DUP4_farm9_field263_soybean_2019,Uruguay|DUP4|farm9,Uruguay|soybean,2.5387954711914062,2.8639222892198406,2.4210713797194114,1.337548851966858,0
2,Uruguay_DUP4_farm9_field264_soybean_2019,Uruguay|DUP4|farm9,Uruguay|soybean,1.988826036453247,3.0045184961592395,2.4210713797194114,1.337548851966858,0
2,Uruguay_DUP4_farm9_field265_soybean_2019,Uruguay|DUP4|farm9,Uruguay|soybean,2.1042425632476807,3.000471630053636,2.4210713797194114,1.337548851966858,0
2,Uruguay_DUP4_farm9_field266_soybean_2018,Uruguay|DUP4|farm9,Uruguay|soybean,1.7508411407470703,1.9480878152751493,2.4210713797194114,1.337548851966858,0
2,Uruguay_DUP4_farm9_field267_soybean_2018,Uruguay|DUP4|farm9,Uruguay|soybean,2.1374104022979736,2.0011587004872258,2.4210713797194114,1.337548851966858,0
2,Uruguay_DUP4_farm9_field268_soybean_2018,Uruguay|DUP4|farm9,Uruguay|soybean,2.4390859603881836,2.1985748117570227,2.4210713797194114,1.337548851966858,0
2,Uruguay_DUP4_farm9_field269_soybean_2018,Uruguay|DUP4|farm9,Uruguay|soybean,1.309033751487732,2.281262835266765,2.4210713797194114,1.337548851966858,1
2,Uruguay_DUP4_farm9_field270_soybean_2018,Uruguay|DUP4|farm9,Uruguay|soybean,3.5044057369232178,2.209887337185505,2.4210713797194114,1.337548851966858,0
2,Uruguay_DUP4_farm9_field271_soybean_2018,Uruguay|DUP4|farm9,Uruguay|soybean,1.4167546033859253,2.33655825202771,2.4210713797194114,1.337548851966858,0
2,Uruguay_DUP4_farm9_field272_soybean_2018,Uruguay|DUP4|farm9,Uruguay|soybean,1.8264541625976562,2.5652231457624244,2.4210713797194114,1.337548851966858,0
2,Uruguay_DUP4_farm9_field274_soybean_2018,Uruguay|DUP4|farm9,Uruguay|soybean,2.25248646736145,2.4924471923228184,2.4210713797194114,1.337548851966858,0
2,Uruguay_DUP4_farm9_field276_soybean_2018,Uruguay|DUP4|farm9,Uruguay|soybean,1.9421370029449463,1.9312185382321554,2.4210713797194114,1.337548851966858,0
2,Uruguay_DUP4_farm9_field277_soybean_2019,Uruguay|DUP4|farm9,Uruguay|soybean,2.2958898544311523,2.918725631243822,2.4210713797194114,1.337548851966858,0
2,Uruguay_DUP4_farm9_field278_soybean_2018,Uruguay|DUP4|farm9,Uruguay|soybean,1.5765554904937744,2.383118198497065,2.4210713797194114,1.337548851966858,0
2,Uruguay_DUP4_farm9_field279_soybean_2018,Uruguay|DUP4|farm9,Uruguay|soybean,1.7351405620574951,2.452701476541415,2.4210713797194114,1.337548851966858,0
2,Uruguay_DUP4_farm9_field280_soybean_2018,Uruguay|DUP4|farm9,Uruguay|soybean,2.0824711322784424,1.8211961799689944,2.4210713797194114,1.337548851966858,0
2,Uruguay_DUP4_farm9_field281_soybean_2018,Uruguay|DUP4|farm9,Uruguay|soybean,1.9643234014511108,3.0507000362492405,2.4210713797194114,1.337548851966858,0
2,Uruguay_DUP4_farm9_field282_soybean_2018,Uruguay|DUP4|farm9,Uruguay|soybean,2.2147390842437744,3.013401850584155,2.4210713797194114,1.337548851966858,0
2,Uruguay_DUP4_farm9_field283_soybean_2018,Uruguay|DUP4|farm9,Uruguay|soybean,1.9983041286468506,3.0051472715291996,2.4210713797194114,1.337548851966858,0
2,Uruguay_DUP4_farm9_field284_soybean_2018,Uruguay|DUP4|farm9,Uruguay|soybean,2.087367057800293,1.9708486996398478,2.4210713797194114,1.337548851966858,0
2,Uruguay_DUP4_farm9_field285_soybean_2018,Uruguay|DUP4|farm9,Uruguay|soybean,2.1038248538970947,2.0910322683584526,2.4210713797194114,1.337548851966858,0
2,Uruguay_DUP4_farm9_field286_soybean_2018,Uruguay|DUP4|farm9,Uruguay|soybean,2.3177733421325684,1.7278682639529013,2.4210713797194114,1.337548851966858,0
2,Uruguay_DUP4_farm9_field287_soybean_2018,Uruguay|DUP4|farm9,Uruguay|soybean,2.1983728408813477,2.209293413972159,2.4210713797194114,1.337548851966858,0
2,Uruguay_DUP4_farm9_field288_soybean_2018,Uruguay|DUP4|farm9,Uruguay|soybean,2.7589340209960938,1.9686540269533257,2.4210713797194114,1.337548851966858,0
2,Uruguay_DUP4_farm9_field289_soybean_2018,Uruguay|DUP4|farm9,Uruguay|soybean,1.2113174200057983,1.908514360065787,2.4210713797194114,1.337548851966858,1
3,Argentina_DUP1_farm13_field111_soybean_2022,Argentina|DUP1|farm13,Argentina|soybean,5.216887474060059,4.327954786660753,3.4533161070561946,2.4114301204681396,0
3,Argentina_DUP1_farm13_field112_soybean_2024,Argentina|DUP1|farm13,Argentina|soybean,3.9367470741271973,4.509737131005749,3.4533161070561946,2.4114301204681396,0
3,Argentina_DUP1_farm18_field193_soybean_2018,Argentina|DUP1|farm18,Argentina|soybean,2.5737016201019287,3.6936241243756647,3.4533161070561946,2.4114301204681396,0
3,Argentina_DUP1_farm1_field1_soybean_2022,Argentina|DUP1|farm1,Argentina|soybean,0.9158626198768616,1.833916658619227,3.4533161070561946,2.4114301204681396,1
3,Argentina_DUP1_farm1_field2_soybean_2022,Argentina|DUP1|farm1,Argentina|soybean,0.9439824223518372,1.9155807426905616,3.4533161070561946,2.4114301204681396,1
3,Argentina_DUP1_farm1_field3_soybean_2022,Argentina|DUP1|farm1,Argentina|soybean,0.869719922542572,1.6737127494515434,3.4533161070561946,2.4114301204681396,1
3,Argentina_DUP1_farm1_field5_wheat_2021,Argentina|DUP1|farm1,Argentina|wheat,6.084906101226807,4.319233497224613,3.5130499452352524,2.1196327209472656,0
3,Argentina_DUP1_farm1_field6_wheat_2021,Argentina|DUP1|farm1,Argentina|wheat,7.325508117675781,5.02368065329762,3.5130499452352524,2.1196327209472656,0
3,Argentina_DUP1_farm21_field210_wheat_2021,Argentina|DUP1|farm21,Argentina|wheat,4.259365081787109,3.0563357008525545,3.5130499452352524,2.1196327209472656,0
3,Argentina_DUP1_farm28_field313_wheat_2023,Argentina|DUP1|farm28,Argentina|wheat,4.092920780181885,3.783471500579411,3.5130499452352524,2.1196327209472656,0
3,Argentina_DUP1_farm28_field315_soybean_2021,Argentina|DUP1|farm28,Argentina|soybean,4.604422092437744,3.9639175675202023,3.4533161070561946,2.4114301204681396,0
3,Argentina_DUP1_farm28_field316_soybean_2024,Argentina|DUP1|farm28,Argentina|soybean,3.948312282562256,3.147244375185683,3.4533161070561946,2.4114301204681396,0
3,Argentina_DUP1_farm28_field317_soybean_2021,Argentina|DUP1|farm28,Argentina|soybean,4.655289649963379,3.7180278208964763,3.4533161070561946,2.4114301204681396,0
3,Argentina_DUP1_farm28_field318_corn_2022,Argentina|DUP1|farm28,Argentina|corn,11.329017639160156,10.087686755717563,8.81480662430389,6.2515791893005375,0
3,Argentina_DUP1_farm28_field319_soybean_2022,Argentina|DUP1|farm28,Argentina|soybean,3.290839433670044,3.4897967933143073,3.4533161070561946,2.4114301204681396,0
3,Argentina_DUP1_farm28_field320_corn_2023,Argentina|DUP1|farm28,Argentina|corn,7.833563327789307,7.492245514412014,8.81480662430389,6.2515791893005375,0
3,Argentina_DUP1_farm31_field334_soybean_2022,Argentina|DUP1|farm31,Argentina|soybean,2.153590679168701,2.7313160580265254,3.4533161070561946,2.4114301204681396,1
3,Argentina_DUP1_farm36_field358_corn_2021,Argentina|DUP1|farm36,Argentina|corn,7.103315353393555,7.246285873171136,8.81480662430389,6.2515791893005375,0
3,Argentina_DUP1_farm36_field359_corn_2021,Argentina|DUP1|farm36,Argentina|corn,6.916041374206543,8.442200398733094,8.81480662430389,6.2515791893005375,0
3,Argentina_DUP1_farm36_field360_corn_2021,Argentina|DUP1|farm36,Argentina|corn,8.543993949890137,9.06355007600143,8.81480662430389,6.2515791893005375,0
3,Argentina_DUP1_farm36_field361_corn_2021,Argentina|DUP1|farm36,Argentina|corn,7.785053253173828,8.112493179633132,8.81480662430389,6.2515791893005375,0
3,Argentina_DUP1_farm36_field362_corn_2021,Argentina|DUP1|farm36,Argentina|corn,8.640122413635254,8.665874116734448,8.81480662430389,6.2515791893005375,0
3,Argentina_DUP1_farm36_field363_corn_2021,Argentina|DUP1|farm36,Argentina|corn,6.72675085067749,7.939628956283752,8.81480662430389,6.2515791893005375,0
3,Argentina_DUP1_farm36_field364_corn_2021,Argentina|DUP1|farm36,Argentina|corn,8.059341430664062,6.860132703141325,8.81480662430389,6.2515791893005375,0
3,Argentina_DUP1_farm36_field365_corn_2021,Argentina|DUP1|farm36,Argentina|corn,8.071630477905273,8.572035391786047,8.81480662430389,6.2515791893005375,0
3,Argentina_DUP1_farm36_field366_corn_2021,Argentina|DUP1|farm36,Argentina|corn,8.301575660705566,8.298691556482332,8.81480662430389,6.2515791893005375,0
3,Argentina_DUP1_farm36_field367_corn_2021,Argentina|DUP1|farm36,Argentina|corn,8.618362426757812,7.49498323284886,8.81480662430389,6.2515791893005375,0
3,Argentina_DUP1_farm36_field368_corn_2021,Argentina|DUP1|farm36,Argentina|corn,7.6666035652160645,9.467933800915358,8.81480662430389,6.2515791893005375,0
3,Argentina_DUP1_farm36_field369_soybean_2022,Argentina|DUP1|farm36,Argentina|soybean,2.8406505584716797,4.077116771070803,3.4533161070561946,2.4114301204681396,0
3,Argentina_DUP1_farm36_field370_soybean_2022,Argentina|DUP1|farm36,Argentina|soybean,2.9396049976348877,4.162657303536962,3.4533161070561946,2.4114301204681396,0
3,Argentina_DUP1_farm36_field371_soybean_2022,Argentina|DUP1|farm36,Argentina|soybean,2.6771605014801025,4.302926628362923,3.4533161070561946,2.4114301204681396,0
3,Argentina_DUP1_farm36_field372_soybean_2022,Argentina|DUP1|farm36,Argentina|soybean,1.9708061218261719,4.048779521046736,3.4533161070561946,2.4114301204681396,1
3,Argentina_DUP1_farm36_field373_soybean_2022,Argentina|DUP1|farm36,Argentina|soybean,3.3891334533691406,3.938943725439583,3.4533161070561946,2.4114301204681396,0
3,Argentina_DUP1_farm36_field374_soybean_2022,Argentina|DUP1|farm36,Argentina|soybean,3.977745771408081,4.106168314018951,3.4533161070561946,2.4114301204681396,0
3,Argentina_DUP1_farm36_field375_soybean_2022,Argentina|DUP1|farm36,Argentina|soybean,4.037554740905762,3.9749187769950898,3.4533161070561946,2.4114301204681396,0
3,Argentina_DUP1_farm36_field376_soybean_2022,Argentina|DUP1|farm36,Argentina|soybean,2.838423252105713,4.171852638504044,3.4533161070561946,2.4114301204681396,0
3,Argentina_DUP1_farm36_field377_corn_2022,Argentina|DUP1|farm36,Argentina|corn,7.984603404998779,7.819164485210385,8.81480662430389,6.2515791893005375,0
3,Argentina_DUP1_farm36_field378_corn_2022,Argentina|DUP1|farm36,Argentina|corn,6.806770324707031,9.594500062712807,8.81480662430389,6.2515791893005375,0
3,Argentina_DUP1_farm36_field379_corn_2022,Argentina|DUP1|farm36,Argentina|corn,7.787301063537598,9.85004725002155,8.81480662430389,6.2515791893005375,0
3,Argentina_DUP1_farm36_field380_corn_2022,Argentina|DUP1|farm36,Argentina|corn,8.699197769165039,9.127701532954132,8.81480662430389,6.2515791893005375,0
3,Argentina_DUP1_farm36_field382_corn_2022,Argentina|DUP1|farm36,Argentina|corn,8.121542930603027,7.933673907958758,8.81480662430389,6.2515791893005375,0
3,Argentina_DUP1_farm36_field383_corn_2022,Argentina|DUP1|farm36,Argentina|corn,7.699556350708008,8.05039178873399,8.81480662430389,6.2515791893005375,0
3,Argentina_DUP1_farm36_field384_corn_2022,Argentina|DUP1|farm36,Argentina|corn,8.414031982421875,8.740615898826526,8.81480662430389,6.2515791893005375,0
3,Argentina_DUP1_farm36_field385_corn_2022,Argentina|DUP1|farm36,Argentina|corn,7.811202049255371,7.059324907733165,8.81480662430389,6.2515791893005375,0
3,Argentina_DUP1_farm36_field386_corn_2022,Argentina|DUP1|farm36,Argentina|corn,7.735501766204834,8.028269469902613,8.81480662430389,6.2515791893005375,0
3,Argentina_DUP1_farm36_field387_corn_2022,Argentina|DUP1|farm36,Argentina|corn,7.764376640319824,6.87110421553538,8.81480662430389,6.2515791893005375,0
3,Argentina_DUP1_farm36_field388_corn_2022,Argentina|DUP1|farm36,Argentina|corn,4.582830905914307,7.25285762879725,8.81480662430389,6.2515791893005375,1
3,Argentina_DUP1_farm36_field389_corn_2022,Argentina|DUP1|farm36,Argentina|corn,7.743354797363281,7.2900602427747065,8.81480662430389,6.2515791893005375,0
3,Argentina_DUP1_farm36_field390_corn_2022,Argentina|DUP1|farm36,Argentina|corn,6.56842041015625,7.730481729672826,8.81480662430389,6.2515791893005375,0
3,Argentina_DUP1_farm36_field391_soybean_2022,Argentina|DUP1|farm36,Argentina|soybean,3.151064157485962,3.745110697372433,3.4533161070561946,2.4114301204681396,0
3,Argentina_DUP1_farm36_field392_corn_2022,Argentina|DUP1|farm36,Argentina|corn,6.945281505584717,8.899477342225682,8.81480662430389,6.2515791893005375,0
3,Argentina_DUP1_farm43_field443_corn_2019,Argentina|DUP1|farm43,Argentina|corn,14.885344505310059,9.636184421934166,8.81480662430389,6.2515791893005375,0
3,Argentina_DUP1_farm45_field572_corn_2017,Argentina|DUP1|farm45,Argentina|corn,11.764493942260742,9.996793135731046,8.81480662430389,6.2515791893005375,0
3,Argentina_DUP1_farm45_field573_wheat_2021,Argentina|DUP1|farm45,Argentina|wheat,5.3833842277526855,3.989495224438803,3.5130499452352524,2.1196327209472656,0
3,Argentina_DUP1_farm45_field574_corn_2020,Argentina|DUP1|farm45,Argentina|corn,11.425339698791504,9.947587923118393,8.81480662430389,6.2515791893005375,0
3,Argentina_DUP1_farm45_field576_wheat_2020,Argentina|DUP1|farm45,Argentina|wheat,6.869609355926514,3.1125539047117172,3.5130499452352524,2.1196327209472656,0
3,Argentina_DUP1_farm45_field578_wheat_2020,Argentina|DUP1|farm45,Argentina|wheat,8.111632347106934,5.137449813655632,3.5130499452352524,2.1196327209472656,0
3,Argentina_DUP1_farm45_field580_wheat_2020,Argentina|DUP1|farm45,Argentina|wheat,7.57679557800293,4.82686227743297,3.5130499452352524,2.1196327209472656,0
3,Argentina_DUP1_farm45_field581_corn_2022,Argentina|DUP1|farm45,Argentina|corn,13.96937084197998,10.890161063215324,8.81480662430389,6.2515791893005375,0
3,Argentina_DUP1_farm45_field582_wheat_2020,Argentina|DUP1|farm45,Argentina|wheat,7.429804801940918,4.628742963026841,3.5130499452352524,2.1196327209472656,0
3,Argentina_DUP1_farm45_field583_wheat_2019,Argentina|DUP1|farm45,Argentina|wheat,6.431111812591553,4.73896185678292,3.5130499452352524,2.1196327209472656,0
3,Argentina_DUP1_farm45_field584_corn_2017,Argentina|DUP1|farm45,Argentina|corn,11.285654067993164,10.421296274154795,8.81480662430389,6.2515791893005375,0
3,Argentina_DUP1_farm45_field585_corn_2022,Argentina|DUP1|farm45,Argentina|corn,8.385948181152344,9.308430230163772,8.81480662430389,6.2515791893005375,0
3,Argentina_DUP1_farm45_field586_wheat_2021,Argentina|DUP1|farm45,Argentina|wheat,7.167749881744385,3.8163577039133143,3.5130499452352524,2.1196327209472656,0
3,Argentina_DUP1_farm45_field587_wheat_2021,Argentina|DUP1|farm45,Argentina|wheat,5.11287260055542,5.277090138628584,3.5130499452352524,2.1196327209472656,0
3,Argentina_DUP1_farm45_field588_wheat_2019,Argentina|DUP1|farm45,Argentina|wheat,6.080214023590088,3.391144470822141,3.5130499452352524,2.1196327209472656,0
3,Argentina_DUP1_farm45_field589_corn_2020,Argentina|DUP1|farm45,Argentina|corn,12.453889846801758,10.06296535365225,8.81480662430389,6.2515791893005375,0
3,Argentina_DUP1_farm45_field590_corn_2021,Argentina|DUP1|farm45,Argentina|corn,12.658105850219727,11.007797467481428,8.81480662430389,6.2515791893005375,0
3,Argentina_DUP1_farm45_field591_wheat_2021,Argentina|DUP1|farm45,Argentina|wheat,5.948451995849609,4.040532814364308,3.5130499452352524,2.1196327209472656,0
3,Argentina_DUP1_farm45_field592_corn_2020,Argentina|DUP1|farm45,Argentina|corn,12.958222389221191,9.86215193931707,8.81480662430389,6.2515791893005375,0
3,Argentina_DUP1_farm45_field593_corn_2020,Argentina|DUP1|farm45,Argentina|corn,11.161738395690918,8.985374351261726,8.81480662430389,6.2515791893005375,0
3,Argentina_DUP1_farm45_field594_wheat_2020,Argentina|DUP1|farm45,Argentina|wheat,5.21607780456543,4.190334457868826,3.5130499452352524,2.1196327209472656,0
3,Argentina_DUP1_farm45_field595_corn_2017,Argentina|DUP1|farm45,Argentina|corn,11.186957359313965,8.647046034963028,8.81480662430389,6.2515791893005375,0
3,Argentina_DUP1_farm45_field596_corn_2020,Argentina|DUP1|farm45,Argentina|corn,12.130420684814453,9.477193431504586,8.81480662430389,6.2515791893005375,0
3,Argentina_DUP1_farm45_field597_corn_2022,Argentina|DUP1|farm45,Argentina|corn,5.002594947814941,8.950491245444429,8.81480662430389,6.2515791893005375,1
3,Argentina_DUP1_farm45_field598_corn_2017,Argentina|DUP1|farm45,Argentina|corn,10.312187194824219,10.22044783472006,8.81480662430389,6.2515791893005375,0
3,Argentina_DUP1_farm45_field599_wheat_2020,Argentina|DUP1|farm45,Argentina|wheat,6.77961540222168,4.766385324436033,3.5130499452352524,2.1196327209472656,0
3,Argentina_DUP1_farm45_field600_corn_2022,Argentina|DUP1|farm45,Argentina|corn,7.557699203491211,9.789907910989376,8.81480662430389,6.2515791893005375,0
3,Argentina_DUP1_farm45_field601_wheat_2019,Argentina|DUP1|farm45,Argentina|wheat,6.201404571533203,3.199833283407298,3.5130499452352524,2.1196327209472656,0
3,Argentina_DUP1_farm45_field603_wheat_2021,Argentina|DUP1|farm45,Argentina|wheat,7.786730766296387,3.8931486276051572,3.5130499452352524,2.1196327209472656,0
3,Argentina_DUP1_farm45_field604_corn_2020,Argentina|DUP1|farm45,Argentina|corn,12.334731101989746,10.274402428355312,8.81480662430389,6.2515791893005375,0
3,Argentina_DUP1_farm45_field605_corn_2020,Argentina|DUP1|farm45,Argentina|corn,9.48910140991211,10.5809783533919,8.81480662430389,6.2515791893005375,0
3,Argentina_DUP1_farm45_field606_wheat_2021,Argentina|DUP1|farm45,Argentina|wheat,7.629586219787598,4.422463342416719,3.5130499452352524,2.1196327209472656,0
3,Argentina_DUP1_farm45_field607_wheat_2020,Argentina|DUP1|farm45,Argentina|wheat,6.705805778503418,3.528079526685197,3.5130499452352524,2.1196327209472656,0
3,Argentina_DUP1_farm45_field608_corn_2022,Argentina|DUP1|farm45,Argentina|corn,4.894758224487305,8.447240658937481,8.81480662430389,6.2515791893005375,1
3,Argentina_DUP1_farm45_field610_corn_2017,Argentina|DUP1|farm45,Argentina|corn,10.134100914001465,10.095626174084,8.81480662430389,6.2515791893005375,0
3,Argentina_DUP1_farm45_field611_wheat_2021,Argentina|DUP1|farm45,Argentina|wheat,5.767754077911377,4.8803477880964055,3.5130499452352524,2.1196327209472656,0
3,Argentina_DUP1_farm45_field614_corn_2020,Argentina|DUP1|farm45,Argentina|corn,10.487276077270508,10.260714901738575,8.81480662430389,6.2515791893005375,0
3,Argentina_DUP1_farm45_field615_wheat_2019,Argentina|DUP1|farm45,Argentina|wheat,5.770498275756836,4.142607859239755,3.5130499452352524,2.1196327209472656,0
3,Argentina_DUP1_farm45_field616_corn_2022,Argentina|DUP1|farm45,Argentina|corn,12.237333297729492,10.321636668413165,8.81480662430389,6.2515791893005375,0
3,Argentina_DUP1_farm45_field617_corn_2021,Argentina|DUP1|farm45,Argentina|corn,12.116186141967773,9.566041410811517,8.81480662430389,6.2515791893005375,0
3,Argentina_DUP1_farm45_field618_wheat_2021,Argentina|DUP1|farm45,Argentina|wheat,6.5878376960754395,4.258236378732851,3.5130499452352524,2.1196327209472656,0
3,Argentina_DUP1_farm45_field619_corn_2022,Argentina|DUP1|farm45,Argentina|corn,13.206543922424316,10.492578808875232,8.81480662430389,6.2515791893005375,0
3,Argentina_DUP1_farm45_field620_corn_2017,Argentina|DUP1|farm45,Argentina|corn,9.302120208740234,8.932723948007878,8.81480662430389,6.2515791893005375,0
3,Argentina_DUP1_farm45_field623_corn_2021,Argentina|DUP1|farm45,Argentina|corn,10.388033866882324,9.18197185447637,8.81480662430389,6.2515791893005375,0
3,Argentina_DUP1_farm45_field624_corn_2022,Argentina|DUP1|farm45,Argentina|corn,7.008749961853027,8.870374267532771,8.81480662430389,6.2515791893005375,0
3,Argentina_DUP1_farm45_field625_wheat_2022,Argentina|DUP1|farm45,Argentina|wheat,3.3575379848480225,2.757240036119704,3.5130499452352524,2.1196327209472656,0
3,Argentina_DUP1_farm45_field626_corn_2018,Argentina|DUP1|farm45,Argentina|corn,12.024344444274902,8.837115218430407,8.81480662430389,6.2515791893005375,0
3,Argentina_DUP1_farm45_field627_wheat_2022,Argentina|DUP1|farm45,Argentina|wheat,0.7884063124656677,1.4848008606750565,3.5130499452352524,2.1196327209472656,1
3,Argentina_DUP1_farm45_field628_corn_2023,Argentina|DUP1|farm45,Argentina|corn,7.031290531158447,7.672141656498344,8.81480662430389,6.2515791893005375,0
3,Argentina_DUP1_farm45_field629_corn_2023,Argentina|DUP1|farm45,Argentina|corn,2.9771437644958496,6.962197129068082,8.81480662430389,6.2515791893005375,1
3,Argentina_DUP1_farm45_field630_corn_2023,Argentina|DUP1|farm45,Argentina|corn,5.401596546173096,7.1954885570484794,8.81480662430389,6.2515791893005375,1
3,Argentina_DUP1_farm45_field631_soybean_2023,Argentina|DUP1|farm45,Argentina|soybean,2.6800622940063477,2.8420311830776024,3.4533161070561946,2.4114301204681396,0
3,Argentina_DUP1_farm45_field632_wheat_2017,Argentina|DUP1|farm45,Argentina|wheat,7.123674392700195,5.659010432538684,3.5130499452352524,2.1196327209472656,0
3,Argentina_DUP1_farm45_field634_corn_2023,Argentina|DUP1|farm45,Argentina|corn,1.810570240020752,5.81817492263729,8.81480662430389,6.2515791893005375,1
3,Argentina_DUP1_farm45_field635_soybean_2023,Argentina|DUP1|farm45,Argentina|soybean,1.7216635942459106,2.5267708013444654,3.4533161070561946,2.4114301204681396,1
3,Argentina_DUP1_farm45_field636_wheat_2017,Argentina|DUP1|farm45,Argentina|wheat,7.385890483856201,5.924508117611248,3.5130499452352524,2.1196327209472656,0
3,Argentina_DUP1_farm45_field637_soybean_2023,Argentina|DUP1|farm45,Argentina|soybean,0.5479804277420044,1.9714452204486839,3.4533161070561946,2.4114301204681396,1
3,Argentina_DUP1_farm45_field638_corn_2018,Argentina|DUP1|farm45,Argentina|corn,10.892257690429688,8.18059878331925,8.81480662430389,6.2515791893005375,0
3,Argentina_DUP1_farm45_field639_wheat_2022,Argentina|DUP1|farm45,Argentina|wheat,1.2355324029922485,1.5801266528972695,3.5130499452352524,2.1196327209472656,1
3,Argentina_DUP1_farm45_field640_wheat_2017,Argentina|DUP1|farm45,Argentina|wheat,6.747605800628662,4.722840131431737,3.5130499452352524,2.1196327209472656,0
3,Argentina_DUP1_farm45_field641_wheat_2022,Argentina|DUP1|farm45,Argentina|wheat,1.128980278968811,2.4020507750907703,3.5130499452352524,2.1196327209472656,1
3,Argentina_DUP1_farm45_field642_corn_2018,Argentina|DUP1|farm45,Argentina|corn,13.09671688079834,8.408683948636215,8.81480662430389,6.2515791893005375,0
3,Argentina_DUP1_farm45_field643_soybean_2023,Argentina|DUP1|farm45,Argentina|soybean,1.1855334043502808,2.5772737685788174,3.4533161070561946,2.4114301204681396,1
3,Argentina_DUP1_farm45_field644_wheat_2022,Argentina|DUP1|farm45,Argentina|wheat,1.1512774229049683,1.7418328743722429,3.5130499452352524,2.1196327209472656,1
3,Argentina_DUP1_farm45_field645_wheat_2022,Argentina|DUP1|farm45,Argentina|wheat,1.5527241230010986,1.8952086057853592,3.5130499452352524,2.1196327209472656,1
3,Argentina_DUP1_farm45_field646_wheat_2017,Argentina|DUP1|farm45,Argentina|wheat,7.427591800689697,5.985906709089394,3.5130499452352524,2.1196327209472656,0
3,Argentina_DUP1_farm45_field647_corn_2023,Argentina|DUP1|farm45,Argentina|corn,2.9263737201690674,5.549626240327234,8.81480662430389,6.2515791893005375,1
3,Argentina_DUP1_farm45_field648_wheat_2022,Argentina|DUP1|farm45,Argentina|wheat,3.1895670890808105,2.3441524085854404,3.5130499452352524,2.1196327209472656,0
3,Argentina_DUP1_farm45_field649_soybean_2023,Argentina|DUP1|farm45,Argentina|soybean,1.4338171482086182,2.430976038497594,3.4533161070561946,2.4114301204681396,1
3,Argentina_DUP1_farm45_field650_soybean_2023,Argentina|DUP1|farm45,Argentina|soybean,1.3538838624954224,2.580357647928466,3.4533161070561946,2.4114301204681396,1
3,Argentina_DUP1_farm45_field651_corn_2023,Argentina|DUP1|farm45,Argentina|corn,4.2488322257995605,7.308655951368062,8.81480662430389,6.2515791893005375,1
3,Argentina_DUP1_farm45_field652_corn_2018,Argentina|DUP1|farm45,Argentina|corn,14.061551094055176,9.902104485368975,8.81480662430389,6.2515791893005375,0
3,Argentina_DUP1_farm45_field653_corn_2023,Argentina|DUP1|farm45,Argentina|corn,5.487987995147705,5.318980548921982,8.81480662430389,6.2515791893005375,1
3,Argentina_DUP1_farm45_field654_wheat_2017,Argentina|DUP1|farm45,Argentina|wheat,7.471680164337158,5.813595412601561,3.5130499452352524,2.1196327209472656,0
3,Argentina_DUP1_farm54_field730_wheat_2020,Argentina|DUP1|farm54,Argentina|wheat,1.1954669952392578,3.141679722510844,3.5130499452352524,2.1196327209472656,1
3,Argentina_DUP1_farm54_field731_wheat_2018,Argentina|DUP1|farm54,Argentina|wheat,1.962890625,2.7194915808005704,3.5130499452352524,2.1196327209472656,1
3,Argentina_DUP1_farm54_field733_wheat_2020,Argentina|DUP1|farm54,Argentina|wheat,2.2495839595794678,3.1742625911273703,3.5130499452352524,2.1196327209472656,0
3,Argentina_DUP1_farm54_field734_corn_2019,Argentina|DUP1|farm54,Argentina|corn,11.490662574768066,9.199422988388871,8.81480662430389,6.2515791893005375,0
3,Argentina_DUP1_farm54_field735_soybean_2021,Argentina|DUP1|farm54,Argentina|soybean,0.7536706924438477,2.464817749766796,3.4533161070561946,2.4114301204681396,1
3,Argentina_DUP1_farm54_field736_soybean_2021,Argentina|DUP1|farm54,Argentina|soybean,1.5620555877685547,2.8554770280274466,3.4533161070561946,2.4114301204681396,1
3,Argentina_DUP1_farm54_field737_soybean_2019,Argentina|DUP1|farm54,Argentina|soybean,2.594745397567749,3.2016630626406344,3.4533161070561946,2.4114301204681396,0
3,Argentina_DUP1_farm54_field739_soybean_2018,Argentina|DUP1|farm54,Argentina|soybean,3.4476916790008545,3.876631738634711,3.4533161070561946,2.4114301204681396,0
3,Argentina_DUP1_farm54_field741_wheat_2021,Argentina|DUP1|farm54,Argentina|wheat,3.8300540447235107,2.239530344441445,3.5130499452352524,2.1196327209472656,0
3,Argentina_DUP1_farm54_field743_soybean_2020,Argentina|DUP1|farm54,Argentina|soybean,4.636996269226074,4.434606231047613,3.4533161070561946,2.4114301204681396,0
3,Argentina_DUP1_farm54_field744_soybean_2021,Argentina|DUP1|farm54,Argentina|soybean,1.0999441146850586,2.676881331707187,3.4533161070561946,2.4114301204681396,1
3,Brazil_DUP2_farm1_field1_soybean_2024,Brazil|DUP2|farm1,Brazil|soybean,2.554049491882324,3.572542779309503,3.992194192669403,3.542454242706299,1
3,Brazil_DUP2_farm1_field2_corn_2023,Brazil|DUP2|farm1,Brazil|corn,6.734680652618408,7.036786022385727,6.70390510029263,5.044299507141114,0
3,Brazil_DUP2_farm1_field3_soybean_2024,Brazil|DUP2|farm1,Brazil|soybean,4.594292640686035,4.2454679916138796,3.992194192669403,3.542454242706299,0
3,Brazil_DUP2_farm9_field499_soybean_2022,Brazil|DUP2|farm9,Brazil|soybean,4.085938453674316,4.433628913773653,3.992194192669403,3.542454242706299,0
3,Brazil_DUP2_farm9_field501_corn_2023,Brazil|DUP2|farm9,Brazil|corn,7.472313404083252,6.639889060120286,6.70390510029263,5.044299507141114,0
3,Brazil_DUP2_farm9_field502_soybean_2022,Brazil|DUP2|farm9,Brazil|soybean,4.081422328948975,3.8592065805357745,3.992194192669403,3.542454242706299,0
3,Brazil_DUP2_farm9_field503_soybean_2017,Brazil|DUP2|farm9,Brazil|soybean,4.658185958862305,3.6496680263892824,3.992194192669403,3.542454242706299,0
3,Brazil_DUP2_farm9_field504_corn_2018,Brazil|DUP2|farm9,Brazil|corn,6.818112373352051,6.295656659109021,6.70390510029263,5.044299507141114,0
3,Brazil_DUP2_farm9_field506_soybean_2019,Brazil|DUP2|farm9,Brazil|soybean,3.4094583988189697,3.355462283412013,3.992194192669403,3.542454242706299,1
3,Brazil_DUP2_farm9_field507_soybean_2023,Brazil|DUP2|farm9,Brazil|soybean,4.647036075592041,4.099883260688244,3.992194192669403,3.542454242706299,0
3,Brazil_DUP2_farm9_field508_wheat_2022,Brazil|DUP2|farm9,Brazil|wheat,3.2824764251708984,3.996606018663198,3.832502240628268,3.221056270599365,0
3,Brazil_DUP2_farm9_field509_soybean_2023,Brazil|DUP2|farm9,Brazil|soybean,3.9322071075439453,3.741531359359921,3.992194192669403,3.542454242706299,0
3,Brazil_DUP2_farm9_field510_wheat_2020,Brazil|DUP2|farm9,Brazil|wheat,3.1211400032043457,3.5133196798817394,3.832502240628268,3.221056270599365,1
3,Brazil_DUP2_farm9_field511_soybean_2018,Brazil|DUP2|farm9,Brazil|soybean,5.366738319396973,4.434730053820672,3.992194192669403,3.542454242706299,0
3,Brazil_DUP2_farm9_field512_soybean_2022,Brazil|DUP2|farm9,Brazil|soybean,3.869394302368164,4.046014440096586,3.992194192669403,3.542454242706299,0
3,Brazil_DUP2_farm9_field513_wheat_2020,Brazil|DUP2|farm9,Brazil|wheat,3.3240480422973633,3.7162784032381295,3.832502240628268,3.221056270599365,0
3,Brazil_DUP2_farm9_field514_soybean_2018,Brazil|DUP2|farm9,Brazil|soybean,4.365799427032471,4.044411955867402,3.992194192669403,3.542454242706299,0
3,Brazil_DUP2_farm9_field516_wheat_2019,Brazil|DUP2|farm9,Brazil|wheat,4.619450569152832,3.970403427226872,3.832502240628268,3.221056270599365,0
3,Brazil_DUP2_farm9_field518_wheat_2023,Brazil|DUP2|farm9,Brazil|wheat,2.5023319721221924,2.9511986567715187,3.832502240628268,3.221056270599365,1
3,Brazil_DUP2_farm9_field519_corn_2023,Brazil|DUP2|farm9,Brazil|corn,7.775006294250488,7.3576983297517655,6.70390510029263,5.044299507141114,0
3,Brazil_DUP2_farm9_field522_soybean_2021,Brazil|DUP2|farm9,Brazil|soybean,4.919950485229492,4.375176043333546,3.992194192669403,3.542454242706299,0
3,Brazil_DUP2_farm9_field523_soybean_2021,Brazil|DUP2|farm9,Brazil|soybean,5.127285480499268,4.41144489800201,3.992194192669403,3.542454242706299,0
3,Brazil_DUP2_farm9_field525_wheat_2020,Brazil|DUP2|farm9,Brazil|wheat,3.2387492656707764,3.568517996068841,3.832502240628268,3.221056270599365,0
3,Brazil_DUP2_farm9_field526_soybean_2020,Brazil|DUP2|farm9,Brazil|soybean,4.212741851806641,4.113745337584394,3.992194192669403,3.542454242706299,0
3,Brazil_DUP2_farm9_field527_soybean_2021,Brazil|DUP2|farm9,Brazil|soybean,4.678330898284912,4.149127080061879,3.992194192669403,3.542454242706299,0
3,Brazil_DUP2_farm9_field528_wheat_2023,Brazil|DUP2|farm9,Brazil|wheat,2.8958580493927,3.322689667632767,3.832502240628268,3.221056270599365,1
3,Brazil_DUP2_farm9_field529_soybean_2021,Brazil|DUP2|farm9,Brazil|soybean,5.01857328414917,4.4084715982457805,3.992194192669403,3.542454242706299,0
3,Brazil_DUP2_farm9_field531_wheat_2019,Brazil|DUP2|farm9,Brazil|wheat,3.691922187805176,3.3713587387738184,3.832502240628268,3.221056270599365,0
3,Brazil_DUP2_farm9_field532_soybean_2017,Brazil|DUP2|farm9,Brazil|soybean,5.040933609008789,4.069760331849046,3.992194192669403,3.542454242706299,0
3,Brazil_DUP2_farm9_field534_soybean_2020,Brazil|DUP2|farm9,Brazil|soybean,4.1772661209106445,4.072383730909345,3.992194192669403,3.542454242706299,0
3,Brazil_DUP2_farm9_field536_soybean_2023,Brazil|DUP2|farm9,Brazil|soybean,4.117798805236816,3.767715922405893,3.992194192669403,3.542454242706299,0
3,Brazil_DUP2_farm9_field537_soybean_2018,Brazil|DUP2|farm9,Brazil|soybean,5.001320838928223,4.020867854198335,3.992194192669403,3.542454242706299,0
3,Brazil_DUP2_farm9_field538_soybean_2019,Brazil|DUP2|farm9,Brazil|soybean,4.078145503997803,3.67209763247968,3.992194192669403,3.542454242706299,0
3,Brazil_DUP2_farm9_field540_wheat_2017,Brazil|DUP2|farm9,Brazil|wheat,2.9090940952301025,3.503004454256639,3.832502240628268,3.221056270599365,1
3,Brazil_DUP2_farm9_field541_wheat_2020,Brazil|DUP2|farm9,Brazil|wheat,3.5857300758361816,3.8981448101676297,3.832502240628268,3.221056270599365,0
3,Brazil_DUP2_farm9_field542_soybean_2020,Brazil|DUP2|farm9,Brazil|soybean,4.4742631912231445,4.223020401614673,3.992194192669403,3.542454242706299,0
3,Brazil_DUP2_farm9_field543_wheat_2022,Brazil|DUP2|farm9,Brazil|wheat,3.525118589401245,3.7658091780362644,3.832502240628268,3.221056270599365,0
3,Brazil_DUP2_farm9_field544_corn_2023,Brazil|DUP2|farm9,Brazil|corn,8.878026962280273,7.772978300540262,6.70390510029263,5.044299507141114,0
3,Brazil_DUP2_farm9_field545_soybean_2019,Brazil|DUP2|farm9,Brazil|soybean,3.7210769653320312,3.5550028743464286,3.992194192669403,3.542454242706299,0
3,Brazil_DUP2_farm9_field546_wheat_2022,Brazil|DUP2|farm9,Brazil|wheat,3.7460553646087646,4.126948260802517,3.832502240628268,3.221056270599365,0
3,Brazil_DUP2_farm9_field548_soybean_2022,Brazil|DUP2|farm9,Brazil|soybean,4.14058256149292,4.134434652386226,3.992194192669403,3.542454242706299,0
3,Brazil_DUP2_farm9_field549_wheat_2017,Brazil|DUP2|farm9,Brazil|wheat,2.8937792778015137,3.607297308221793,3.832502240628268,3.221056270599365,1
3,Brazil_DUP2_farm9_field550_soybean_2020,Brazil|DUP2|farm9,Brazil|soybean,4.2704620361328125,4.196910761023194,3.992194192669403,3.542454242706299,0
3,Brazil_DUP2_farm9_field551_corn_2018,Brazil|DUP2|farm9,Brazil|corn,4.725451946258545,6.611980360300161,6.70390510029263,5.044299507141114,1
3,Germany_DUP3_farm2_field100_wheat_2019,Germany|DUP3|farm2,Germany|wheat,11.034822463989258,10.120293783823213,9.791365937983736,7.9844758987426765,0
3,Germany_DUP3_farm2_field101_wheat_2020,Germany|DUP3|farm2,Germany|wheat,9.733396530151367,8.992041562886474,9.791365937983736,7.9844758987426765,0
3,Germany_DUP3_farm2_field102_wheat_2018,Germany|DUP3|farm2,Germany|wheat,11.813826560974121,11.14243514974533,9.791365937983736,7.9844758987426765,0
3,Germany_DUP3_farm2_field103_wheat_2019,Germany|DUP3|farm2,Germany|wheat,9.184162139892578,8.771177012867806,9.791365937983736,7.9844758987426765,0
3,Germany_DUP3_farm2_field105_wheat_2019,Germany|DUP3|farm2,Germany|wheat,10.804728507995605,9.248365426252157,9.791365937983736,7.9844758987426765,0
3,Germany_DUP3_farm2_field106_wheat_2016,Germany|DUP3|farm2,Germany|wheat,12.917198181152344,9.420518788400198,9.791365937983736,7.9844758987426765,0
3,Germany_DUP3_farm2_field107_wheat_2018,Germany|DUP3|farm2,Germany|wheat,11.397112846374512,9.250507583595962,9.791365937983736,7.9844758987426765,0
3,Germany_DUP3_farm2_field108_wheat_2016,Germany|DUP3|farm2,Germany|wheat,9.561935424804688,11.062262640754318,9.791365937983736,7.9844758987426765,0
3,Germany_DUP3_farm2_field109_wheat_2020,Germany|DUP3|farm2,Germany|wheat,11.934039115905762,9.639236623230634,9.791365937983736,7.9844758987426765,0
3,Germany_DUP3_farm2_field110_wheat_2018,Germany|DUP3|farm2,Germany|wheat,11.642251968383789,11.149972588910197,9.791365937983736,7.9844758987426765,0
3,Germany_DUP3_farm2_field111_wheat_2019,Germany|DUP3|farm2,Germany|wheat,9.187273025512695,9.000154657229608,9.791365937983736,7.9844758987426765,0
3,Germany_DUP3_farm2_field113_wheat_2018,Germany|DUP3|farm2,Germany|wheat,7.540491104125977,8.276973029704168,9.791365937983736,7.9844758987426765,1
3,Germany_DUP3_farm2_field114_wheat_2018,Germany|DUP3|farm2,Germany|wheat,7.661855220794678,8.456770593771331,9.791365937983736,7.9844758987426765,1
3,Germany_DUP3_farm2_field115_rapeseed_2020,Germany|DUP3|farm2,Germany|rapeseed,5.2350592613220215,4.026816722898379,3.7673188118224448,2.7177766799926757,0
3,Germany_DUP3_farm2_field116_wheat_2021,Germany|DUP3|farm2,Germany|wheat,9.134374618530273,10.746329347701701,9.791365937983736,7.9844758987426765,0
3,Germany_DUP3_farm2_field117_rapeseed_2021,Germany|DUP3|farm2,Germany|rapeseed,5.972162246704102,4.325370017299761,3.7673188118224448,2.7177766799926757,0
3,Germany_DUP3_farm2_field118_wheat_2019,Germany|DUP3|farm2,Germany|wheat,10.211767196655273,9.886403241410804,9.791365937983736,7.9844758987426765,0
3,Germany_DUP3_farm2_field119_rapeseed_2020,Germany|DUP3|farm2,Germany|rapeseed,6.0080485343933105,4.096576911904238,3.7673188118224448,2.7177766799926757,0
3,Germany_DUP3_farm2_field120_wheat_2021,Germany|DUP3|farm2,Germany|wheat,9.153983116149902,11.020781906476877,9.791365937983736,7.9844758987426765,0
3,Germany_DUP3_farm2_field121_wheat_2019,Germany|DUP3|farm2,Germany|wheat,9.701160430908203,10.575567815720541,9.791365937983736,7.9844758987426765,0
3,Germany_DUP3_farm2_field122_wheat_2020,Germany|DUP3|farm2,Germany|wheat,12.715509414672852,8.916129875582406,9.791365937983736,7.9844758987426765,0
3,Germany_DUP3_farm2_field123_wheat_2018,Germany|DUP3|farm2,Germany|wheat,9.673528671264648,10.454508950068286,9.791365937983736,7.9844758987426765,0
3,Germany_DUP3_farm2_field124_wheat_2018,Germany|DUP3|farm2,Germany|wheat,9.662778854370117,10.41331715882855,9.791365937983736,7.9844758987426765,0
3,Germany_DUP3_farm2_field125_rapeseed_2020,Germany|DUP3|farm2,Germany|rapeseed,7.517216682434082,4.176145821443507,3.7673188118224448,2.7177766799926757,0
3,Germany_DUP3_farm2_field126_wheat_2021,Germany|DUP3|farm2,Germany|wheat,9.350444793701172,9.621782010852506,9.791365937983736,7.9844758987426765,0
3,Germany_DUP3_farm2_field127_wheat_2018,Germany|DUP3|farm2,Germany|wheat,11.117989540100098,11.036318267301292,9.791365937983736,7.9844758987426765,0
3,Germany_DUP3_farm2_field128_wheat_2019,Germany|DUP3|farm2,Germany|wheat,8.617136001586914,8.590317528564832,9.791365937983736,7.9844758987426765,0
3,Germany_DUP3_farm2_field129_wheat_2021,Germany|DUP3|farm2,Germany|wheat,9.400776863098145,9.686339959171443,9.791365937983736,7.9844758987426765,0
3,Germany_DUP3_farm2_field130_wheat_2016,Germany|DUP3|farm2,Germany|wheat,12.51012134552002,11.321387675516384,9.791365937983736,7.9844758987426765,0
3,Germany_DUP3_farm2_field131_wheat_2019,Germany|DUP3|farm2,Germany|wheat,12.152915954589844,9.934669041865934,9.791365937983736,7.9844758987426765,0
3,Germany_DUP3_farm2_field132_rapeseed_2021,Germany|DUP3|farm2,Germany|rapeseed,6.180116653442383,4.393666847130122,3.7673188118224448,2.7177766799926757,0
3,Germany_DUP3_farm2_field133_wheat_2019,Germany|DUP3|farm2,Germany|wheat,11.12932014465332,9.905999006531811,9.791365937983736,7.9844758987426765,0
3,Germany_DUP3_farm2_field134_wheat_2020,Germany|DUP3|farm2,Germany|wheat,9.923567771911621,9.802752452150187,9.791365937983736,7.9844758987426765,0
3,Germany_DUP3_farm2_field135_wheat_2018,Germany|DUP3|farm2,Germany|wheat,9.798103332519531,10.457948030048007,9.791365937983736,7.9844758987426765,0
3,Germany_DUP3_farm2_field136_wheat_2019,Germany|DUP3|farm2,Germany|wheat,9.668962478637695,9.178282031092005,9.791365937983736,7.9844758987426765,0
3,Germany_DUP3_farm2_field137_rapeseed_2021,Germany|DUP3|farm2,Germany|rapeseed,5.5971198081970215,3.998833154080478,3.7673188118224448,2.7177766799926757,0
3,Germany_DUP3_farm2_field138_wheat_2016,Germany|DUP3|farm2,Germany|wheat,11.551077842712402,9.934016388339126,9.791365937983736,7.9844758987426765,0
3,Germany_DUP3_farm2_field139_rapeseed_2018,Germany|DUP3|farm2,Germany|rapeseed,4.955556392669678,4.244177739998078,3.7673188118224448,2.7177766799926757,0
3,Germany_DUP3_farm2_field140_wheat_2019,Germany|DUP3|farm2,Germany|wheat,11.686981201171875,11.672543438195854,9.791365937983736,7.9844758987426765,0
3,Germany_DUP3_farm2_field141_wheat_2018,Germany|DUP3|farm2,Germany|wheat,9.24760913848877,10.023358037854884,9.791365937983736,7.9844758987426765,0
3,Germany_DUP3_farm2_field142_rapeseed_2021,Germany|DUP3|farm2,Germany|rapeseed,5.764045238494873,4.009700757364058,3.7673188118224448,2.7177766799926757,0
3,Germany_DUP3_farm2_field143_wheat_2016,Germany|DUP3|farm2,Germany|wheat,13.214431762695312,10.901030065892336,9.791365937983736,7.9844758987426765,0
3,Germany_DUP3_farm2_field144_wheat_2018,Germany|DUP3|farm2,Germany|wheat,10.345836639404297,10.297332618306092,9.791365937983736,7.9844758987426765,0
3,Germany_DUP3_farm2_field145_wheat_2019,Germany|DUP3|farm2,Germany|wheat,8.337562561035156,8.701786234143317,9.791365937983736,7.9844758987426765,0
3,Germany_DUP3_farm2_field146_rapeseed_2021,Germany|DUP3|farm2,Germany|rapeseed,5.823606967926025,3.919692423089333,3.7673188118224448,2.7177766799926757,0
3,Germany_DUP3_farm2_field148_wheat_2019,Germany|DUP3|farm2,Germany|wheat,9.216320037841797,9.295252692820096,9.791365937983736,7.9844758987426765,0
3,Germany_DUP3_farm2_field149_rapeseed_2021,Germany|DUP3|farm2,Germany|rapeseed,5.6596550941467285,3.8605958835454803,3.7673188118224448,2.7177766799926757,0
3,Germany_DUP3_farm2_field150_wheat_2018,Germany|DUP3|farm2,Germany|wheat,9.632355690002441,8.626932461734857,9.791365937983736,7.9844758987426765,0
3,Germany_DUP3_farm2_field152_wheat_2019,Germany|DUP3|farm2,Germany|wheat,9.041810989379883,8.926766935946494,9.791365937983736,7.9844758987426765,0
3,Germany_DUP3_farm2_field153_rapeseed_2020,Germany|DUP3|farm2,Germany|rapeseed,5.796721458435059,3.513319274168462,3.7673188118224448,2.7177766799926757,0
3,Germany_DUP3_farm2_field154_wheat_2021,Germany|DUP3|farm2,Germany|wheat,6.947483062744141,9.905191349553819,9.791365937983736,7.9844758987426765,1
3,Germany_DUP3_farm2_field155_wheat_2018,Germany|DUP3|farm2,Germany|wheat,9.663426399230957,10.282636683905457,9.791365937983736,7.9844758987426765,0
3,Germany_DUP3_farm2_field156_rapeseed_2020,Germany|DUP3|farm2,Germany|rapeseed,7.011353015899658,3.95118366719108,3.7673188118224448,2.7177766799926757,0
3,Germany_DUP3_farm2_field158_wheat_2018,Germany|DUP3|farm2,Germany|wheat,7.912439823150635,10.452973651354544,9.791365937983736,7.9844758987426765,1
3,Germany_DUP3_farm2_field160_wheat_2021,Germany|DUP3|farm2,Germany|wheat,7.6142191886901855,8.294415338427175,9.791365937983736,7.9844758987426765,1
3,Germany_DUP3_farm2_field161_rapeseed_2016,Germany|DUP3|farm2,Germany|rapeseed,5.650170803070068,4.201459940436598,3.7673188118224448,2.7177766799926757,0
3,Germany_DUP3_farm2_field162_wheat_2019,Germany|DUP3|farm2,Germany|wheat,8.995606422424316,9.52026400618409,9.791365937983736,7.9844758987426765,0
3,Germany_DUP3_farm2_field163_wheat_2020,Germany|DUP3|farm2,Germany|wheat,9.16643238067627,9.075842029995131,9.791365937983736,7.9844758987426765,0
3,Germany_DUP3_farm2_field164_wheat_2021,Germany|DUP3|farm2,Germany|wheat,8.562088012695312,11.546881376968365,9.791365937983736,7.9844758987426765,0
3,Germany_DUP3_farm2_field165_wheat_2019,Germany|DUP3|farm2,Germany|wheat,9.81688117980957,10.264570097285265,9.791365937983736,7.9844758987426765,0
3,Germany_DUP3_farm2_field166_wheat_2020,Germany|DUP3|farm2,Germany|wheat,10.155292510986328,9.90100005481973,9.791365937983736,7.9844758987426765,0
3,Germany_DUP3_farm2_field167_wheat_2021,Germany|DUP3|farm2,Germany|wheat,7.870834827423096,11.448005961690258,9.791365937983736,7.9844758987426765,1
3,Germany_DUP3_farm2_field168_wheat_2016,Germany|DUP3|farm2,Germany|wheat,12.136945724487305,10.597509984041587,9.791365937983736,7.9844758987426765,0
3,Germany_DUP3_farm2_field169_rapeseed_2018,Germany|DUP3|farm2,Germany|rapeseed,4.542415618896484,4.318206088378512,3.7673188118224448,2.7177766799926757,0
3,Germany_DUP3_farm2_field170_wheat_2019,Germany|DUP3|farm2,Germany|wheat,12.04736042022705,11.399013884568266,9.791365937983736,7.9844758987426765,0
3,Germany_DUP3_farm2_field171_wheat_2018,Germany|DUP3|farm2,Germany|wheat,8.653435707092285,8.826769762504464,9.791365937983736,7.9844758987426765,0
3,Germany_DUP3_farm2_field172_wheat_2018,Germany|DUP3|farm2,Germany|wheat,8.650101661682129,9.790062198043941,9.791365937983736,7.9844758987426765,0
3,Germany_DUP3_farm2_field173_rapeseed_2020,Germany|DUP3|farm2,Germany|rapeseed,6.68973970413208,4.408512763959937,3.7673188118224448,2.7177766799926757,0
3,Germany_DUP3_farm2_field174_wheat_2021,Germany|DUP3|farm2,Germany|wheat,9.295303344726562,10.064705836783375,9.791365937983736,7.9844758987426765,0
3,Germany_DUP3_farm2_field175_wheat_2021,Germany|DUP3|farm2,Germany|wheat,8.070727348327637,10.46112587236834,9.791365937983736,7.9844758987426765,0
3,Germany_DUP3_farm2_field176_rapeseed_2017,Germany|DUP3|farm2,Germany|rapeseed,5.2228264808654785,3.972553008722175,3.7673188118224448,2.7177766799926757,0
3,Germany_DUP3_farm2_field177_rapeseed_2017,Germany|DUP3|farm2,Germany|rapeseed,5.102828502655029,3.7075653707338283,3.7673188118224448,2.7177766799926757,0
3,Germany_DUP3_farm2_field180_rapeseed_2017,Germany|DUP3|farm2,Germany|rapeseed,5.005784511566162,4.452723166677242,3.7673188118224448,2.7177766799926757,0
3,Germany_DUP3_farm2_field181_wheat_2017,Germany|DUP3|farm2,Germany|wheat,8.252382278442383,10.277771562683306,9.791365937983736,7.9844758987426765,0
3,Germany_DUP3_farm2_field182_wheat_2017,Germany|DUP3|farm2,Germany|wheat,10.04084587097168,10.168833548791657,9.791365937983736,7.9844758987426765,0
3,Germany_DUP3_farm2_field183_wheat_2017,Germany|DUP3|farm2,Germany|wheat,10.813366889953613,10.256337937915799,9.791365937983736,7.9844758987426765,0
3,Germany_DUP3_farm2_field184_wheat_2017,Germany|DUP3|farm2,Germany|wheat,10.332728385925293,9.919487462014013,9.791365937983736,7.9844758987426765,0
3,Germany_DUP3_farm2_field185_wheat_2017,Germany|DUP3|farm2,Germany|wheat,10.109529495239258,9.643522564258715,9.791365937983736,7.9844758987426765,0
3,Germany_DUP3_farm2_field186_wheat_2017,Germany|DUP3|farm2,Germany|wheat,10.186196327209473,9.84585180474382,9.791365937983736,7.9844758987426765,0
3,Germany_DUP3_farm2_field187_wheat_2017,Germany|DUP3|farm2,Germany|wheat,10.516670227050781,9.779335285927049,9.791365937983736,7.9844758987426765,0
3,Germany_DUP3_farm2_field188_wheat_2017,Germany|DUP3|farm2,Germany|wheat,10.036564826965332,10.26006522223446,9.791365937983736,7.9844758987426765,0
3,Germany_DUP3_farm2_field189_wheat_2017,Germany|DUP3|farm2,Germany|wheat,9.06041431427002,9.61533375944887,9.791365937983736,7.9844758987426765,0
3,Germany_DUP3_farm2_field190_wheat_2017,Germany|DUP3|farm2,Germany|wheat,9.656827926635742,9.866401205565719,9.791365937983736,7.9844758987426765,0
3,Germany_DUP3_farm2_field191_rapeseed_2017,Germany|DUP3|farm2,Germany|rapeseed,3.9271867275238037,3.7978292628997985,3.7673188118224448,2.7177766799926757,0
3,Germany_DUP3_farm2_field192_wheat_2017,Germany|DUP3|farm2,Germany|wheat,10.088434219360352,8.714240063500807,9.791365937983736,7.9844758987426765,0
3,Germany_DUP3_farm2_field193_wheat_2017,Germany|DUP3|farm2,Germany|wheat,9.512983322143555,9.579901812224833,9.791365937983736,7.9844758987426765,0
3,Germany_DUP3_farm2_field195_wheat_2017,Germany|DUP3|farm2,Germany|wheat,9.748300552368164,9.627771615301995,9.791365937983736,7.9844758987426765,0
3,Germany_DUP3_farm2_field196_wheat_2017,Germany|DUP3|farm2,Germany|wheat,8.474762916564941,9.107591072801467,9.791365937983736,7.9844758987426765,0
3,Germany_DUP3_farm2_field198_rapeseed_2017,Germany|DUP3|farm2,Germany|rapeseed,5.331684589385986,4.093601918195617,3.7673188118224448,2.7177766799926757,0
3,Germany_DUP3_farm2_field199_rapeseed_2022,Germany|DUP3|farm2,Germany|rapeseed,4.540452480316162,3.8678401871064576,3.7673188118224448,2.7177766799926757,0
3,Germany_DUP3_farm2_field200_wheat_2022,Germany|DUP3|farm2,Germany|wheat,10.356707572937012,10.857529595594466,9.791365937983736,7.9844758987426765,0
3,Germany_DUP3_farm2_field201_wheat_2022,Germany|DUP3|farm2,Germany|wheat,9.38298511505127,8.810181390054305,9.791365937983736,7.9844758987426765,0
3,Germany_DUP3_farm2_field203_wheat_2022,Germany|DUP3|farm2,Germany|wheat,8.682621955871582,8.06351333241945,9.791365937983736,7.9844758987426765,0
3,Germany_DUP3_farm2_field204_wheat_2022,Germany|DUP3|farm2,Germany|wheat,9.003789901733398,9.366083362206451,9.791365937983736,7.9844758987426765,0
3,Germany_DUP3_farm2_field205_wheat_2022,Germany|DUP3|farm2,Germany|wheat,10.364205360412598,9.678809710465709,9.791365937983736,7.9844758987426765,0
3,Germany_DUP3_farm2_field206_wheat_2022,Germany|DUP3|farm2,Germany|wheat,9.041337966918945,9.830968519227723,9.791365937983736,7.9844758987426765,0
3,Germany_DUP3_farm2_field207_wheat_2022,Germany|DUP3|farm2,Germany|wheat,8.667701721191406,9.378158754290137,9.791365937983736,7.9844758987426765,0
3,Germany_DUP3_farm2_field210_wheat_2022,Germany|DUP3|farm2,Germany|wheat,7.906435966491699,7.893491858156715,9.791365937983736,7.9844758987426765,1
3,Germany_DUP3_farm2_field211_wheat_2022,Germany|DUP3|farm2,Germany|wheat,9.232195854187012,10.201801793480486,9.791365937983736,7.9844758987426765,0
3,Germany_DUP3_farm2_field212_wheat_2022,Germany|DUP3|farm2,Germany|wheat,7.30798864364624,8.232648792944158,9.791365937983736,7.9844758987426765,1
3,Germany_DUP3_farm2_field213_wheat_2022,Germany|DUP3|farm2,Germany|wheat,8.998310089111328,8.35596693619206,9.791365937983736,7.9844758987426765,0
3,Germany_DUP3_farm2_field214_rapeseed_2022,Germany|DUP3|farm2,Germany|rapeseed,4.548393726348877,4.119228830811227,3.7673188118224448,2.7177766799926757,0
3,Germany_DUP3_farm2_field215_wheat_2022,Germany|DUP3|farm2,Germany|wheat,8.970564842224121,8.82556128811303,9.791365937983736,7.9844758987426765,0
3,Germany_DUP3_farm2_field216_rapeseed_2022,Germany|DUP3|farm2,Germany|rapeseed,4.529625415802002,4.015606779322633,3.7673188118224448,2.7177766799926757,0
3,Germany_DUP3_farm2_field217_rapeseed_2022,Germany|DUP3|farm2,Germany|rapeseed,4.805802822113037,4.202266649999557,3.7673188118224448,2.7177766799926757,0
3,Germany_DUP3_farm2_field218_wheat_2022,Germany|DUP3|farm2,Germany|wheat,7.605777740478516,8.566657400859206,9.791365937983736,7.9844758987426765,1
3,Germany_DUP3_farm2_field220_rapeseed_2022,Germany|DUP3|farm2,Germany|rapeseed,4.532870292663574,4.2744029142138364,3.7673188118224448,2.7177766799926757,0
3,Germany_DUP3_farm2_field67_wheat_2016,Germany|DUP3|farm2,Germany|wheat,10.747922897338867,10.193767919289071,9.791365937983736,7.9844758987426765,0
3,Germany_DUP3_farm2_field68_rapeseed_2018,Germany|DUP3|farm2,Germany|rapeseed,3.9857633113861084,3.832314739145509,3.7673188118224448,2.7177766799926757,0
3,Germany_DUP3_farm2_field69_wheat_2019,Germany|DUP3|farm2,Germany|wheat,11.88200855255127,11.635578924729758,9.791365937983736,7.9844758987426765,0
3,Germany_DUP3_farm2_field70_wheat_2020,Germany|DUP3|farm2,Germany|wheat,10.264270782470703,8.482014469680639,9.791365937983736,7.9844758987426765,0
3,Germany_DUP3_farm2_field71_wheat_2020,Germany|DUP3|farm2,Germany|wheat,11.123003959655762,9.634254427708022,9.791365937983736,7.9844758987426765,0
3,Germany_DUP3_farm2_field72_wheat_2021,Germany|DUP3|farm2,Germany|wheat,7.606135368347168,9.811133007456242,9.791365937983736,7.9844758987426765,1
3,Germany_DUP3_farm2_field73_wheat_2018,Germany|DUP3|farm2,Germany|wheat,7.887262344360352,9.089824275671301,9.791365937983736,7.9844758987426765,1
3,Germany_DUP3_farm2_field74_wheat_2020,Germany|DUP3|farm2,Germany|wheat,11.002937316894531,9.010795776760727,9.791365937983736,7.9844758987426765,0
3,Germany_DUP3_farm2_field75_wheat_2018,Germany|DUP3|farm2,Germany|wheat,10.510272979736328,10.55659191960359,9.791365937983736,7.9844758987426765,0
3,Germany_DUP3_farm2_field76_wheat_2019,Germany|DUP3|farm2,Germany|wheat,10.279345512390137,10.26600602031307,9.791365937983736,7.9844758987426765,0
3,Germany_DUP3_farm2_field77_wheat_2021,Germany|DUP3|farm2,Germany|wheat,8.754390716552734,8.53364228113629,9.791365937983736,7.9844758987426765,0
3,Germany_DUP3_farm2_field78_wheat_2016,Germany|DUP3|farm2,Germany|wheat,12.60358715057373,9.940468636670166,9.791365937983736,7.9844758987426765,0
3,Germany_DUP3_farm2_field80_wheat_2020,Germany|DUP3|farm2,Germany|wheat,11.843796730041504,10.497931057282631,9.791365937983736,7.9844758987426765,0
3,Germany_DUP3_farm2_field81_wheat_2021,Germany|DUP3|farm2,Germany|wheat,8.153142929077148,8.320295707985917,9.791365937983736,7.9844758987426765,0
3,Germany_DUP3_farm2_field82_wheat_2019,Germany|DUP3|farm2,Germany|wheat,9.862096786499023,9.366190851861603,9.791365937983736,7.9844758987426765,0
3,Germany_DUP3_farm2_field83_wheat_2019,Germany|DUP3|farm2,Germany|wheat,11.644803047180176,9.827008680971678,9.791365937983736,7.9844758987426765,0
3,Germany_DUP3_farm2_field84_wheat_2019,Germany|DUP3|farm2,Germany|wheat,9.371912002563477,10.467084989999027,9.791365937983736,7.9844758987426765,0
3,Germany_DUP3_farm2_field85_wheat_2020,Germany|DUP3|farm2,Germany|wheat,10.543076515197754,9.931261006447777,9.791365937983736,7.9844758987426765,0
3,Germany_DUP3_farm2_field87_wheat_2018,Germany|DUP3|farm2,Germany|wheat,9.978490829467773,9.98073760462133,9.791365937983736,7.9844758987426765,0
3,Germany_DUP3_farm2_field88_wheat_2019,Germany|DUP3|farm2,Germany|wheat,9.047853469848633,9.246089140737713,9.791365937983736,7.9844758987426765,0
3,Germany_DUP3_farm2_field89_wheat_2018,Germany|DUP3|farm2,Germany|wheat,11.040947914123535,9.887376061657484,9.791365937983736,7.9844758987426765,0
3,Germany_DUP3_farm2_field90_wheat_2020,Germany|DUP3|farm2,Germany|wheat,9.967060089111328,8.8351650872342,9.791365937983736,7.9844758987426765,0
3,Germany_DUP3_farm2_field91_wheat_2021,Germany|DUP3|farm2,Germany|wheat,7.565212726593018,7.892082563079107,9.791365937983736,7.9844758987426765,1
3,Germany_DUP3_farm2_field92_wheat_2018,Germany|DUP3|farm2,Germany|wheat,7.375543117523193,9.87597773293857,9.791365937983736,7.9844758987426765,1
3,Germany_DUP3_farm2_field93_wheat_2018,Germany|DUP3|farm2,Germany|wheat,7.375598907470703,9.87597773293857,9.791365937983736,7.9844758987426765,1
3,Germany_DUP3_farm2_field94_wheat_2019,Germany|DUP3|farm2,Germany|wheat,9.712442398071289,9.978155134331304,9.791365937983736,7.9844758987426765,0
3,Germany_DUP3_farm2_field95_rapeseed_2020,Germany|DUP3|farm2,Germany|rapeseed,6.771395683288574,4.196931974841658,3.7673188118224448,2.7177766799926757,0
3,Germany_DUP3_farm2_field96_wheat_2021,Germany|DUP3|farm2,Germany|wheat,8.848493576049805,10.395822594152834,9.791365937983736,7.9844758987426765,0
3,Germany_DUP3_farm2_field99_wheat_2018,Germany|DUP3|farm2,Germany|wheat,8.911568641662598,8.207389634864477,9.791365937983736,7.9844758987426765,0
3,Germany_DUP3_farm4_field241_wheat_2018,Germany|DUP3|farm4,Germany|wheat,8.694000244140625,9.780949648774065,9.791365937983736,7.9844758987426765,0
3,Germany_DUP3_farm4_field244_wheat_2019,Germany|DUP3|farm4,Germany|wheat,7.964092254638672,9.267985614287163,9.791365937983736,7.9844758987426765,1
3,Germany_DUP3_farm4_field245_rapeseed_2019,Germany|DUP3|farm4,Germany|rapeseed,3.7104928493499756,3.635312778632369,3.7673188118224448,2.7177766799926757,0
3,Germany_DUP3_farm4_field246_rapeseed_2019,Germany|DUP3|farm4,Germany|rapeseed,3.6490061283111572,3.9106149628293494,3.7673188118224448,2.7177766799926757,0
3,Germany_DUP3_farm4_field247_rapeseed_2019,Germany|DUP3|farm4,Germany|rapeseed,4.07729959487915,3.52474927195259,3.7673188118224448,2.7177766799926757,0
3,Germany_DUP3_farm4_field249_rapeseed_2020,Germany|DUP3|farm4,Germany|rapeseed,4.941125869750977,3.930700280724048,3.7673188118224448,2.7177766799926757,0
3,Germany_DUP3_farm4_field250_rapeseed_2020,Germany|DUP3|farm4,Germany|rapeseed,5.15594482421875,3.5282726002271363,3.7673188118224448,2.7177766799926757,0
3,Germany_DUP3_farm4_field251_rapeseed_2016,Germany|DUP3|farm4,Germany|rapeseed,5.587948322296143,4.368992121008598,3.7673188118224448,2.7177766799926757,0
3,Germany_DUP3_farm4_field252_wheat_2020,Germany|DUP3|farm4,Germany|wheat,8.948681831359863,9.437053600852554,9.791365937983736,7.9844758987426765,0
3,Germany_DUP3_farm4_field253_wheat_2016,Germany|DUP3|farm4,Germany|wheat,11.555440902709961,10.715953863042655,9.791365937983736,7.9844758987426765,0
3,Germany_DUP3_farm4_field254_rapeseed_2016,Germany|DUP3|farm4,Germany|rapeseed,4.692387580871582,3.544785697318378,3.7673188118224448,2.7177766799926757,0
3,Germany_DUP3_farm4_field255_rapeseed_2016,Germany|DUP3|farm4,Germany|rapeseed,5.366668224334717,4.015994788886656,3.7673188118224448,2.7177766799926757,0
3,Germany_DUP3_farm4_field256_rapeseed_2017,Germany|DUP3|farm4,Germany|rapeseed,2.44274640083313,3.853451745305837,3.7673188118224448,2.7177766799926757,1
3,Germany_DUP3_farm4_field257_rapeseed_2017,Germany|DUP3|farm4,Germany|rapeseed,3.8047120571136475,4.254821604864589,3.7673188118224448,2.7177766799926757,0
3,Germany_DUP3_farm4_field258_wheat_2017,Germany|DUP3|farm4,Germany|wheat,6.991288661956787,11.383894764994867,9.791365937983736,7.9844758987426765,1
3,Germany_DUP3_farm4_field259_rapeseed_2017,Germany|DUP3|farm4,Germany|rapeseed,4.868704795837402,3.9960857431180132,3.7673188118224448,2.7177766799926757,0
3,Germany_DUP3_farm5_field261_rapeseed_2019,Germany|DUP3|farm5,Germany|rapeseed,3.1321351528167725,4.140266601157736,3.7673188118224448,2.7177766799926757,0
3,Germany_DUP3_farm5_field262_rapeseed_2019,Germany|DUP3|farm5,Germany|rapeseed,3.497657060623169,3.549496890538081,3.7673188118224448,2.7177766799926757,0
3,Germany_DUP3_farm5_field263_rapeseed_2019,Germany|DUP3|farm5,Germany|rapeseed,2.7668957710266113,3.840033236805996,3.7673188118224448,2.7177766799926757,0
3,Germany_DUP3_farm5_field264_rapeseed_2020,Germany|DUP3|farm5,Germany|rapeseed,3.5771031379699707,3.6372277704904725,3.7673188118224448,2.7177766799926757,0
3,Germany_DUP3_farm5_field265_rapeseed_2020,Germany|DUP3|farm5,Germany|rapeseed,2.834543466567993,3.671491592591617,3.7673188118224448,2.7177766799926757,0
3,Germany_DUP3_farm5_field266_wheat_2020,Germany|DUP3|farm5,Germany|wheat,8.4000883102417,8.879865950570636,9.791365937983736,7.9844758987426765,0
3,Germany_DUP3_farm5_field268_wheat_2017,Germany|DUP3|farm5,Germany|wheat,10.005956649780273,9.04932468393795,9.791365937983736,7.9844758987426765,0
3,Germany_DUP3_farm5_field270_rapeseed_2017,Germany|DUP3|farm5,Germany|rapeseed,3.2183115482330322,3.893005381429652,3.7673188118224448,2.7177766799926757,0
3,Germany_DUP3_farm5_field271_rapeseed_2017,Germany|DUP3|farm5,Germany|rapeseed,1.0973284244537354,4.456573980880049,3.7673188118224448,2.7177766799926757,1
3,Germany_DUP3_farm5_field272_rapeseed_2018,Germany|DUP3|farm5,Germany|rapeseed,4.329654693603516,4.382242157071113,3.7673188118224448,2.7177766799926757,0
3,Germany_DUP3_farm5_field273_rapeseed_2018,Germany|DUP3|farm5,Germany|rapeseed,4.015759468078613,4.1324374765639496,3.7673188118224448,2.7177766799926757,0
3,Germany_DUP3_farm5_field274_wheat_2018,Germany|DUP3|farm5,Germany|wheat,8.667335510253906,10.689107610246639,9.791365937983736,7.9844758987426765,0
3,Germany_DUP3_farm5_field275_rapeseed_2018,Germany|DUP3|farm5,Germany|rapeseed,4.393966197967529,4.464367913242284,3.7673188118224448,2.7177766799926757,0
3,Germany_DUP3_farm5_field276_wheat_2019,Germany|DUP3|farm5,Germany|wheat,7.804530143737793,9.13876698211732,9.791365937983736,7.9844758987426765,1
3,Uruguay_DUP4_farm1_field1_soybean_2019,Uruguay|DUP4|farm1,Uruguay|soybean,2.5400755405426025,3.644408542338443,2.382200010472311,1.3478502988815309,0
3,Uruguay_DUP4_farm1_field2_soybean_2019,Uruguay|DUP4|farm1,Uruguay|soybean,2.112488269805908,3.4449159289126365,2.382200010472311,1.3478502988815309,0
3,Uruguay_DUP4_farm1_field3_soybean_2019,Uruguay|DUP4|farm1,Uruguay|soybean,2.351896286010742,3.5900785017465306,2.382200010472311,1.3478502988815309,0
3,Uruguay_DUP4_farm1_field4_soybean_2019,Uruguay|DUP4|farm1,Uruguay|soybean,2.832613229751587,3.233659765564063,2.382200010472311,1.3478502988815309,0
3,Uruguay_DUP4_farm8_field234_soybean_2019,Uruguay|DUP4|farm8,Uruguay|soybean,4.967931747436523,3.613539527998717,2.382200010472311,1.3478502988815309,0
3,Uruguay_DUP4_farm8_field236_soybean_2019,Uruguay|DUP4|farm8,Uruguay|soybean,3.987804651260376,3.7280990004176324,2.382200010472311,1.3478502988815309,0
3,Uruguay_DUP4_farm8_field238_soybean_2019,Uruguay|DUP4|farm8,Uruguay|soybean,2.487940788269043,2.070532025938828,2.382200010472311,1.3478502988815309,0
3,Uruguay_DUP4_farm8_field239_soybean_2019,Uruguay|DUP4|farm8,Uruguay|soybean,2.7771239280700684,2.506594720565743,2.382200010472311,1.3478502988815309,0
3,Uruguay_DUP4_farm8_field240_soybean_2019,Uruguay|DUP4|farm8,Uruguay|soybean,2.7015137672424316,2.588561153003313,2.382200010472311,1.3478502988815309,0
3,Uruguay_DUP4_farm8_field241_soybean_2019,Uruguay|DUP4|farm8,Uruguay|soybean,2.5047574043273926,2.265056098369984,2.382200010472311,1.3478502988815309,0
3,Uruguay_DUP4_farm8_field242_soybean_2019,Uruguay|DUP4|farm8,Uruguay|soybean,4.200459957122803,3.7716761180209466,2.382200010472311,1.3478502988815309,0
3,Uruguay_DUP4_farm8_field243_soybean_2019,Uruguay|DUP4|farm8,Uruguay|soybean,3.3115487098693848,3.604621021212652,2.382200010472311,1.3478502988815309,0
3,Uruguay_DUP4_farm8_field245_soybean_2021,Uruguay|DUP4|farm8,Uruguay|soybean,1.3890055418014526,2.6245607325588676,2.382200010472311,1.3478502988815309,0
3,Uruguay_DUP4_farm8_field246_soybean_2021,Uruguay|DUP4|farm8,Uruguay|soybean,1.2175450325012207,2.314100084782912,2.382200010472311,1.3478502988815309,1
3,Uruguay_DUP4_farm8_field248_soybean_2019,Uruguay|DUP4|farm8,Uruguay|soybean,3.380899667739868,3.5539258625300505,2.382200010472311,1.3478502988815309,0
3,Uruguay_DUP4_farm8_field249_soybean_2019,Uruguay|DUP4|farm8,Uruguay|soybean,3.2589285373687744,3.693188095444463,2.382200010472311,1.3478502988815309,0
3,Uruguay_DUP4_farm8_field250_soybean_2019,Uruguay|DUP4|farm8,Uruguay|soybean,2.309929370880127,2.679625699323605,2.382200010472311,1.3478502988815309,0
3,Uruguay_DUP4_farm8_field251_soybean_2019,Uruguay|DUP4|farm8,Uruguay|soybean,4.096746444702148,3.5112115343128516,2.382200010472311,1.3478502988815309,0
3,Uruguay_DUP4_farm8_field252_soybean_2019,Uruguay|DUP4|farm8,Uruguay|soybean,2.2136690616607666,2.8475853657578445,2.382200010472311,1.3478502988815309,0
3,Uruguay_DUP4_farm8_field254_soybean_2019,Uruguay|DUP4|farm8,Uruguay|soybean,2.3891501426696777,2.3824306388006167,2.382200010472311,1.3478502988815309,0
3,Uruguay_DUP4_farm8_field255_soybean_2019,Uruguay|DUP4|farm8,Uruguay|soybean,2.034575939178467,2.3402285550289763,2.382200010472311,1.3478502988815309,0
3,Uruguay_DUP4_farm8_field257_soybean_2019,Uruguay|DUP4|farm8,Uruguay|soybean,3.613403081893921,2.6008552725623786,2.382200010472311,1.3478502988815309,0
3,Uruguay_DUP4_farm8_field258_soybean_2019,Uruguay|DUP4|farm8,Uruguay|soybean,3.1082310676574707,3.1715389260096294,2.382200010472311,1.3478502988815309,0
3,Uruguay_DUP4_farm8_field259_soybean_2019,Uruguay|DUP4|farm8,Uruguay|soybean,3.3141093254089355,2.6730891886826456,2.382200010472311,1.3478502988815309,0
4,Argentina_DUP1_farm11_field107_soybean_2024,Argentina|DUP1|farm11,Argentina|soybean,5.125446796417236,4.544265214124166,3.2071960682564593,2.004074048995972,0
4,Argentina_DUP1_farm12_field108_soybean_2024,Argentina|DUP1|farm12,Argentina|soybean,4.175118923187256,4.364214444082354,3.2071960682564593,2.004074048995972,0
4,Argentina_DUP1_farm12_field109_soybean_2024,Argentina|DUP1|farm12,Argentina|soybean,2.659311294555664,3.3827233413333637,3.2071960682564593,2.004074048995972,0
4,Argentina_DUP1_farm12_field110_corn_2024,Argentina|DUP1|farm12,Argentina|corn,13.084376335144043,10.553531490430462,8.635083655957823,6.521208477020264,0
4,Argentina_DUP1_farm15_field119_soybean_2017,Argentina|DUP1|farm15,Argentina|soybean,3.4855732917785645,4.3899593077302566,3.2071960682564593,2.004074048995972,0
4,Argentina_DUP1_farm15_field120_soybean_2017,Argentina|DUP1|farm15,Argentina|soybean,3.846306085586548,3.8547318825385943,3.2071960682564593,2.004074048995972,0
4,Argentina_DUP1_farm15_field121_soybean_2017,Argentina|DUP1|farm15,Argentina|soybean,4.392246246337891,3.9441435369678985,3.2071960682564593,2.004074048995972,0
4,Argentina_DUP1_farm15_field122_soybean_2017,Argentina|DUP1|farm15,Argentina|soybean,4.214785099029541,4.043442380449717,3.2071960682564593,2.004074048995972,0
4,Argentina_DUP1_farm15_field123_soybean_2017,Argentina|DUP1|farm15,Argentina|soybean,3.4434189796447754,4.17110259722693,3.2071960682564593,2.004074048995972,0
4,Argentina_DUP1_farm15_field124_soybean_2017,Argentina|DUP1|farm15,Argentina|soybean,4.2081708908081055,3.940790301657598,3.2071960682564593,2.004074048995972,0
4,Argentina_DUP1_farm15_field125_soybean_2018,Argentina|DUP1|farm15,Argentina|soybean,3.900073528289795,3.748041285273761,3.2071960682564593,2.004074048995972,0
4,Argentina_DUP1_farm15_field127_soybean_2018,Argentina|DUP1|farm15,Argentina|soybean,4.087541103363037,4.051645110891202,3.2071960682564593,2.004074048995972,0
4,Argentina_DUP1_farm15_field128_soybean_2018,Argentina|DUP1|farm15,Argentina|soybean,5.101473808288574,4.005705783089684,3.2071960682564593,2.004074048995972,0
4,Argentina_DUP1_farm15_field131_soybean_2018,Argentina|DUP1|farm15,Argentina|soybean,4.734755516052246,4.087780811899839,3.2071960682564593,2.004074048995972,0
4,Argentina_DUP1_farm15_field133_soybean_2019,Argentina|DUP1|farm15,Argentina|soybean,4.533023357391357,3.6413426542089846,3.2071960682564593,2.004074048995972,0
4,Argentina_DUP1_farm15_field134_soybean_2019,Argentina|DUP1|farm15,Argentina|soybean,4.712563514709473,3.1877202439658854,3.2071960682564593,2.004074048995972,0
4,Argentina_DUP1_farm15_field135_soybean_2019,Argentina|DUP1|farm15,Argentina|soybean,3.92604660987854,3.7724241841222708,3.2071960682564593,2.004074048995972,0
4,Argentina_DUP1_farm15_field136_soybean_2019,Argentina|DUP1|farm15,Argentina|soybean,3.9629569053649902,3.0689205342927184,3.2071960682564593,2.004074048995972,0
4,Argentina_DUP1_farm15_field137_soybean_2019,Argentina|DUP1|farm15,Argentina|soybean,4.124248027801514,3.0203482075018844,3.2071960682564593,2.004074048995972,0
4,Argentina_DUP1_farm15_field138_soybean_2020,Argentina|DUP1|farm15,Argentina|soybean,2.74133563041687,3.516878452463464,3.2071960682564593,2.004074048995972,0
4,Argentina_DUP1_farm15_field139_soybean_2020,Argentina|DUP1|farm15,Argentina|soybean,3.938364028930664,3.2018488732226107,3.2071960682564593,2.004074048995972,0
4,Argentina_DUP1_farm15_field140_soybean_2020,Argentina|DUP1|farm15,Argentina|soybean,4.310444355010986,3.9282823437887147,3.2071960682564593,2.004074048995972,0
4,Argentina_DUP1_farm15_field141_soybean_2020,Argentina|DUP1|farm15,Argentina|soybean,3.940514087677002,2.720303592855425,3.2071960682564593,2.004074048995972,0
4,Argentina_DUP1_farm15_field143_soybean_2020,Argentina|DUP1|farm15,Argentina|soybean,4.408707141876221,3.90877590095553,3.2071960682564593,2.004074048995972,0
4,Argentina_DUP1_farm15_field144_soybean_2020,Argentina|DUP1|farm15,Argentina|soybean,3.5069212913513184,2.7394328006631405,3.2071960682564593,2.004074048995972,0
4,Argentina_DUP1_farm15_field145_soybean_2020,Argentina|DUP1|farm15,Argentina|soybean,4.731839656829834,4.0787135872756135,3.2071960682564593,2.004074048995972,0
4,Argentina_DUP1_farm15_field147_soybean_2021,Argentina|DUP1|farm15,Argentina|soybean,4.3418965339660645,3.2206322659214,3.2071960682564593,2.004074048995972,0
4,Argentina_DUP1_farm15_field148_soybean_2021,Argentina|DUP1|farm15,Argentina|soybean,5.044288635253906,3.5192043957239156,3.2071960682564593,2.004074048995972,0
4,Argentina_DUP1_farm15_field149_soybean_2021,Argentina|DUP1|farm15,Argentina|soybean,4.241621017456055,3.7510342587560186,3.2071960682564593,2.004074048995972,0
4,Argentina_DUP1_farm15_field150_soybean_2021,Argentina|DUP1|farm15,Argentina|soybean,5.143073081970215,3.750128493586857,3.2071960682564593,2.004074048995972,0
4,Argentina_DUP1_farm15_field152_soybean_2022,Argentina|DUP1|farm15,Argentina|soybean,5.379848003387451,4.21682694468559,3.2071960682564593,2.004074048995972,0
4,Argentina_DUP1_farm15_field154_soybean_2022,Argentina|DUP1|farm15,Argentina|soybean,5.319962501525879,3.904293007172019,3.2071960682564593,2.004074048995972,0
4,Argentina_DUP1_farm22_field211_corn_2024,Argentina|DUP1|farm22,Argentina|corn,14.910847663879395,10.587451537083847,8.635083655957823,6.521208477020264,0
4,Argentina_DUP1_farm22_field212_soybean_2024,Argentina|DUP1|farm22,Argentina|soybean,4.605593681335449,4.209338867228455,3.2071960682564593,2.004074048995972,0
4,Argentina_DUP1_farm22_field214_soybean_2024,Argentina|DUP1|farm22,Argentina|soybean,3.6033143997192383,4.104422225977575,3.2071960682564593,2.004074048995972,0
4,Argentina_DUP1_farm22_field216_corn_2024,Argentina|DUP1|farm22,Argentina|corn,14.265836715698242,10.536608953978494,8.635083655957823,6.521208477020264,0
4,Argentina_DUP1_farm34_field343_soybean_2022,Argentina|DUP1|farm34,Argentina|soybean,4.658246994018555,4.029923808279769,3.2071960682564593,2.004074048995972,0
4,Argentina_DUP1_farm34_field344_soybean_2022,Argentina|DUP1|farm34,Argentina|soybean,3.6718931198120117,3.7053572993856276,3.2071960682564593,2.004074048995972,0
4,Argentina_DUP1_farm37_field393_soybean_2021,Argentina|DUP1|farm37,Argentina|soybean,3.39387583732605,2.254252370109546,3.2071960682564593,2.004074048995972,0
4,Argentina_DUP1_farm37_field394_soybean_2021,Argentina|DUP1|farm37,Argentina|soybean,4.549707889556885,3.2603953254914253,3.2071960682564593,2.004074048995972,0
4,Argentina_DUP1_farm37_field397_soybean_2021,Argentina|DUP1|farm37,Argentina|soybean,3.066141128540039,2.0894195955525574,3.2071960682564593,2.004074048995972,0
4,Argentina_DUP1_farm37_field398_soybean_2022,Argentina|DUP1|farm37,Argentina|soybean,4.542495250701904,3.610198255353305,3.2071960682564593,2.004074048995972,0
4,Argentina_DUP1_farm37_field400_soybean_2022,Argentina|DUP1|farm37,Argentina|soybean,4.620079040527344,3.62555657364743,3.2071960682564593,2.004074048995972,0
4,Argentina_DUP1_farm37_field401_soybean_2022,Argentina|DUP1|farm37,Argentina|soybean,4.887261390686035,2.617029198570429,3.2071960682564593,2.004074048995972,0
4,Argentina_DUP1_farm37_field402_soybean_2022,Argentina|DUP1|farm37,Argentina|soybean,5.099033832550049,2.740236767549555,3.2071960682564593,2.004074048995972,0
4,Argentina_DUP1_farm37_field403_soybean_2020,Argentina|DUP1|farm37,Argentina|soybean,4.538146018981934,3.7085852855555093,3.2071960682564593,2.004074048995972,0
4,Argentina_DUP1_farm37_field404_soybean_2020,Argentina|DUP1|farm37,Argentina|soybean,3.6617085933685303,3.6435783838934213,3.2071960682564593,2.004074048995972,0
4,Argentina_DUP1_farm37_field405_soybean_2020,Argentina|DUP1|farm37,Argentina|soybean,2.857913017272949,3.8646364018430264,3.2071960682564593,2.004074048995972,0
4,Argentina_DUP1_farm37_field407_soybean_2020,Argentina|DUP1|farm37,Argentina|soybean,3.229851007461548,4.317278018769024,3.2071960682564593,2.004074048995972,0
4,Argentina_DUP1_farm37_field408_soybean_2020,Argentina|DUP1|farm37,Argentina|soybean,5.070003986358643,4.084385938847039,3.2071960682564593,2.004074048995972,0
4,Argentina_DUP1_farm37_field409_soybean_2021,Argentina|DUP1|farm37,Argentina|soybean,2.0085299015045166,2.1127766503618917,3.2071960682564593,2.004074048995972,0
4,Argentina_DUP1_farm37_field410_soybean_2021,Argentina|DUP1|farm37,Argentina|soybean,2.089451551437378,2.0786147922115052,3.2071960682564593,2.004074048995972,0
4,Argentina_DUP1_farm37_field411_soybean_2021,Argentina|DUP1|farm37,Argentina|soybean,1.6555449962615967,2.7913995737095996,3.2071960682564593,2.004074048995972,1
4,Argentina_DUP1_farm37_field412_soybean_2021,Argentina|DUP1|farm37,Argentina|soybean,4.1647748947143555,2.6151002766048825,3.2071960682564593,2.004074048995972,0
4,Argentina_DUP1_farm42_field433_soybean_2023,Argentina|DUP1|farm42,Argentina|soybean,1.884590744972229,2.4315174536197426,3.2071960682564593,2.004074048995972,1
4,Argentina_DUP1_farm42_field434_wheat_2020,Argentina|DUP1|farm42,Argentina|wheat,4.139078617095947,4.524582646335716,4.226464600018833,2.1215043544769285,0
4,Argentina_DUP1_farm42_field435_soybean_2023,Argentina|DUP1|farm42,Argentina|soybean,2.687206745147705,2.7315329414809617,3.2071960682564593,2.004074048995972,0
4,Argentina_DUP1_farm42_field436_wheat_2023,Argentina|DUP1|farm42,Argentina|wheat,3.4955592155456543,4.117149333831539,4.226464600018833,2.1215043544769285,0
4,Argentina_DUP1_farm42_field439_soybean_2022,Argentina|DUP1|farm42,Argentina|soybean,3.647127389907837,3.0509016650969025,3.2071960682564593,2.004074048995972,0
4,Argentina_DUP1_farm42_field440_soybean_2021,Argentina|DUP1|farm42,Argentina|soybean,3.405916452407837,3.5678953949093373,3.2071960682564593,2.004074048995972,0
4,Argentina_DUP1_farm42_field441_soybean_2023,Argentina|DUP1|farm42,Argentina|soybean,2.5385794639587402,2.3650409552673866,3.2071960682564593,2.004074048995972,0
4,Argentina_DUP1_farm42_field442_wheat_2023,Argentina|DUP1|farm42,Argentina|wheat,4.379517078399658,3.5029678941173947,4.226464600018833,2.1215043544769285,0
4,Argentina_DUP1_farm47_field657_soybean_2024,Argentina|DUP1|farm47,Argentina|soybean,4.423630237579346,4.062460261649234,3.2071960682564593,2.004074048995972,0
4,Argentina_DUP1_farm53_field729_corn_2021,Argentina|DUP1|farm53,Argentina|corn,11.131715774536133,8.07555185468049,8.635083655957823,6.521208477020264,0
4,Argentina_DUP1_farm5_field56_corn_2024,Argentina|DUP1|farm5,Argentina|corn,11.750933647155762,10.61058055929105,8.635083655957823,6.521208477020264,0
4,Argentina_DUP1_farm5_field57_soybean_2024,Argentina|DUP1|farm5,Argentina|soybean,3.0932512283325195,3.8875236696878614,3.2071960682564593,2.004074048995972,0
4,Argentina_DUP1_farm5_field58_soybean_2024,Argentina|DUP1|farm5,Argentina|soybean,2.876504421234131,3.463924231737361,3.2071960682564593,2.004074048995972,0
4,Argentina_DUP1_farm5_field60_soybean_2024,Argentina|DUP1|farm5,Argentina|soybean,4.005792617797852,4.132842445038955,3.2071960682564593,2.004074048995972,0
4,Argentina_DUP1_farm5_field62_soybean_2024,Argentina|DUP1|farm5,Argentina|soybean,4.935156345367432,4.278100278460085,3.2071960682564593,2.004074048995972,0
4,Argentina_DUP1_farm5_field63_soybean_2024,Argentina|DUP1|farm5,Argentina|soybean,4.732599258422852,4.442823103305711,3.2071960682564593,2.004074048995972,0
4,Argentina_DUP1_farm5_field64_soybean_2024,Argentina|DUP1|farm5,Argentina|soybean,2.95475435256958,3.7014240767601354,3.2071960682564593,2.004074048995972,0
4,Argentina_DUP1_farm5_field65_corn_2024,Argentina|DUP1|farm5,Argentina|corn,11.944779396057129,10.355501622293295,8.635083655957823,6.521208477020264,0
4,Argentina_DUP1_farm5_field66_corn_2024,Argentina|DUP1|farm5,Argentina|corn,14.65053653717041,11.090766567166094,8.635083655957823,6.521208477020264,0
4,Argentina_DUP1_farm5_field67_corn_2024,Argentina|DUP1|farm5,Argentina|corn,10.296051025390625,9.774864133689352,8.635083655957823,6.521208477020264,0
4,Argentina_DUP1_farm8_field87_corn_2021,Argentina|DUP1|farm8,Argentina|corn,9.043926239013672,8.968175327485538,8.635083655957823,6.521208477020264,0
4,Argentina_DUP1_farm9_field100_soybean_2024,Argentina|DUP1|farm9,Argentina|soybean,3.475707530975342,4.167257074828074,3.2071960682564593,2.004074048995972,0
4,Argentina_DUP1_farm9_field101_soybean_2024,Argentina|DUP1|farm9,Argentina|soybean,6.053684234619141,4.289904107751192,3.2071960682564593,2.004074048995972,0
4,Argentina_DUP1_farm9_field102_soybean_2024,Argentina|DUP1|farm9,Argentina|soybean,3.470731019973755,4.283506823016445,3.2071960682564593,2.004074048995972,0
4,Argentina_DUP1_farm9_field103_wheat_2023,Argentina|DUP1|farm9,Argentina|wheat,3.19175124168396,4.966195057523114,4.226464600018833,2.1215043544769285,0
4,Argentina_DUP1_farm9_field88_wheat_2019,Argentina|DUP1|farm9,Argentina|wheat,6.662379741668701,5.561341267883588,4.226464600018833,2.1215043544769285,0
4,Argentina_DUP1_farm9_field89_wheat_2020,Argentina|DUP1|farm9,Argentina|wheat,5.4089436531066895,3.7298515985562735,4.226464600018833,2.1215043544769285,0
4,Argentina_DUP1_farm9_field90_wheat_2020,Argentina|DUP1|farm9,Argentina|wheat,6.071316242218018,4.943297182435394,4.226464600018833,2.1215043544769285,0
4,Argentina_DUP1_farm9_field91_soybean_2020,Argentina|DUP1|farm9,Argentina|soybean,2.7706398963928223,4.119270230409235,3.2071960682564593,2.004074048995972,0
4,Argentina_DUP1_farm9_field92_soybean_2021,Argentina|DUP1|farm9,Argentina|soybean,3.626100540161133,3.507471219609487,3.2071960682564593,2.004074048995972,0
4,Argentina_DUP1_farm9_field94_corn_2024,Argentina|DUP1|farm9,Argentina|corn,9.31701374053955,10.244989160596361,8.635083655957823,6.521208477020264,0
4,Argentina_DUP1_farm9_field95_soybean_2024,Argentina|DUP1|farm9,Argentina|soybean,4.04880952835083,4.562975810959434,3.2071960682564593,2.004074048995972,0
4,Argentina_DUP1_farm9_field96_corn_2024,Argentina|DUP1|farm9,Argentina|corn,10.135187149047852,10.204902018241402,8.635083655957823,6.521208477020264,0
4,Argentina_DUP1_farm9_field98_soybean_2024,Argentina|DUP1|farm9,Argentina|soybean,3.2208359241485596,4.375870681397867,3.2071960682564593,2.004074048995972,0
4,Argentina_DUP1_farm9_field99_wheat_2023,Argentina|DUP1|farm9,Argentina|wheat,2.2863268852233887,5.739223143779667,4.226464600018833,2.1215043544769285,0
4,Brazil_DUP2_farm2_field10_wheat_2023,Brazil|DUP2|farm2,Brazil|wheat,4.121791839599609,3.9067169759773037,3.829127161126388,3.144661855697632,0
4,Brazil_DUP2_farm2_field11_soybean_2021,Brazil|DUP2|farm2,Brazil|soybean,3.681398391723633,4.397345056307502,4.0362747406759185,3.5784655094146727,0
4,Brazil_DUP2_farm2_field12_soybean_2021,Brazil|DUP2|farm2,Brazil|soybean,4.077727317810059,4.265289483348914,4.0362747406759185,3.5784655094146727,0
4,Brazil_DUP2_farm2_field13_soybean_2017,Brazil|DUP2|farm2,Brazil|soybean,4.878890037536621,4.195792018434712,4.0362747406759185,3.5784655094146727,0
4,Brazil_DUP2_farm2_field14_wheat_2017,Brazil|DUP2|farm2,Brazil|wheat,3.451143264770508,3.922722793278425,3.829127161126388,3.144661855697632,0
4,Brazil_DUP2_farm2_field15_wheat_2017,Brazil|DUP2|farm2,Brazil|wheat,3.5504167079925537,3.966962723176212,3.829127161126388,3.144661855697632,0
4,Brazil_DUP2_farm2_field16_soybean_2020,Brazil|DUP2|farm2,Brazil|soybean,4.377521991729736,4.383709004455204,4.0362747406759185,3.5784655094146727,0
4,Brazil_DUP2_farm2_field17_corn_2023,Brazil|DUP2|farm2,Brazil|corn,8.464367866516113,7.5481934399473705,6.728937296867371,4.787388896942138,0
4,Brazil_DUP2_farm2_field18_soybean_2019,Brazil|DUP2|farm2,Brazil|soybean,3.74405837059021,3.5968832493968708,4.0362747406759185,3.5784655094146727,0
4,Brazil_DUP2_farm2_field20_wheat_2020,Brazil|DUP2|farm2,Brazil|wheat,4.6233134269714355,4.086954991083311,3.829127161126388,3.144661855697632,0
4,Brazil_DUP2_farm2_field22_soybean_2020,Brazil|DUP2|farm2,Brazil|soybean,4.403652191162109,4.532039384477351,4.0362747406759185,3.5784655094146727,0
4,Brazil_DUP2_farm2_field23_soybean_2021,Brazil|DUP2|farm2,Brazil|soybean,4.593156337738037,4.346880083117097,4.0362747406759185,3.5784655094146727,0
4,Brazil_DUP2_farm2_field24_soybean_2018,Brazil|DUP2|farm2,Brazil|soybean,5.455139636993408,4.326034123849419,4.0362747406759185,3.5784655094146727,0
4,Brazil_DUP2_farm2_field25_corn_2019,Brazil|DUP2|farm2,Brazil|corn,7.2953948974609375,6.7012234969826245,6.728937296867371,4.787388896942138,0
4,Brazil_DUP2_farm2_field26_corn_2023,Brazil|DUP2|farm2,Brazil|corn,7.283845901489258,7.170628975737393,6.728937296867371,4.787388896942138,0
4,Brazil_DUP2_farm2_field27_soybean_2020,Brazil|DUP2|farm2,Brazil|soybean,4.355782508850098,4.3714994729365255,4.0362747406759185,3.5784655094146727,0
4,Brazil_DUP2_farm2_field29_soybean_2018,Brazil|DUP2|farm2,Brazil|soybean,4.77943754196167,4.394101636414795,4.0362747406759185,3.5784655094146727,0
4,Brazil_DUP2_farm2_field30_wheat_2020,Brazil|DUP2|farm2,Brazil|wheat,3.9985570907592773,4.050728531333552,3.829127161126388,3.144661855697632,0
4,Brazil_DUP2_farm2_field31_soybean_2024,Brazil|DUP2|farm2,Brazil|soybean,4.282722473144531,4.128976027425636,4.0362747406759185,3.5784655094146727,0
4,Brazil_DUP2_farm2_field32_wheat_2020,Brazil|DUP2|farm2,Brazil|wheat,5.027770042419434,4.012388367161118,3.829127161126388,3.144661855697632,0
4,Brazil_DUP2_farm2_field35_soybean_2019,Brazil|DUP2|farm2,Brazil|soybean,3.445600748062134,3.683933731114684,4.0362747406759185,3.5784655094146727,1
4,Brazil_DUP2_farm2_field36_soybean_2022,Brazil|DUP2|farm2,Brazil|soybean,4.307104110717773,4.011412364570663,4.0362747406759185,3.5784655094146727,0
4,Brazil_DUP2_farm2_field38_soybean_2020,Brazil|DUP2|farm2,Brazil|soybean,4.140893936157227,4.272644793327929,4.0362747406759185,3.5784655094146727,0
4,Brazil_DUP2_farm2_field39_corn_2019,Brazil|DUP2|farm2,Brazil|corn,8.958821296691895,6.9506824298494285,6.728937296867371,4.787388896942138,0
4,Brazil_DUP2_farm2_field41_soybean_2019,Brazil|DUP2|farm2,Brazil|soybean,3.871553659439087,3.9062978453696555,4.0362747406759185,3.5784655094146727,0
4,Brazil_DUP2_farm2_field42_wheat_2023,Brazil|DUP2|farm2,Brazil|wheat,4.154005527496338,3.912524183761728,3.829127161126388,3.144661855697632,0
4,Brazil_DUP2_farm2_field43_corn_2019,Brazil|DUP2|farm2,Brazil|corn,7.238475799560547,7.0962318733518535,6.728937296867371,4.787388896942138,0
4,Brazil_DUP2_farm2_field44_wheat_2020,Brazil|DUP2|farm2,Brazil|wheat,4.408825397491455,4.105445038990188,3.829127161126388,3.144661855697632,0
4,Brazil_DUP2_farm2_field45_wheat_2017,Brazil|DUP2|farm2,Brazil|wheat,3.5884721279144287,3.944063169886426,3.829127161126388,3.144661855697632,0
4,Brazil_DUP2_farm2_field46_corn_2023,Brazil|DUP2|farm2,Brazil|corn,8.691034317016602,6.548122807415701,6.728937296867371,4.787388896942138,0
4,Brazil_DUP2_farm2_field47_soybean_2024,Brazil|DUP2|farm2,Brazil|soybean,3.8954691886901855,4.159464887059197,4.0362747406759185,3.5784655094146727,0
4,Brazil_DUP2_farm2_field49_wheat_2023,Brazil|DUP2|farm2,Brazil|wheat,3.9603395462036133,3.7714854888373033,3.829127161126388,3.144661855697632,0
4,Brazil_DUP2_farm2_field4_corn_2023,Brazil|DUP2|farm2,Brazil|corn,7.96497917175293,7.086026907798642,6.728937296867371,4.787388896942138,0
4,Brazil_DUP2_farm2_field50_soybean_2024,Brazil|DUP2|farm2,Brazil|soybean,3.9796488285064697,4.189922252468608,4.0362747406759185,3.5784655094146727,0
4,Brazil_DUP2_farm2_field5_soybean_2019,Brazil|DUP2|farm2,Brazil|soybean,3.187739372253418,3.521161347795344,4.0362747406759185,3.5784655094146727,1
4,Brazil_DUP2_farm2_field6_soybean_2018,Brazil|DUP2|farm2,Brazil|soybean,5.294377326965332,4.25399021050116,4.0362747406759185,3.5784655094146727,0
4,Brazil_DUP2_farm2_field8_corn_2019,Brazil|DUP2|farm2,Brazil|corn,7.070390701293945,7.371851690711381,6.728937296867371,4.787388896942138,0
4,Brazil_DUP2_farm2_field9_soybean_2021,Brazil|DUP2|farm2,Brazil|soybean,4.81839656829834,4.302763923898892,4.0362747406759185,3.5784655094146727,0
4,Brazil_DUP2_farm3_field51_wheat_2022,Brazil|DUP2|farm3,Brazil|wheat,3.688725233078003,4.196168806699017,3.829127161126388,3.144661855697632,0
4,Brazil_DUP2_farm3_field52_wheat_2021,Brazil|DUP2|farm3,Brazil|wheat,4.391141891479492,4.514544672112698,3.829127161126388,3.144661855697632,0
4,Brazil_DUP2_farm3_field53_soybean_2023,Brazil|DUP2|farm3,Brazil|soybean,5.06286096572876,4.091932575582095,4.0362747406759185,3.5784655094146727,0
4,Brazil_DUP2_farm3_field54_corn_2024,Brazil|DUP2|farm3,Brazil|corn,4.590654373168945,7.231434031153786,6.728937296867371,4.787388896942138,1
4,Brazil_DUP2_farm3_field57_corn_2023,Brazil|DUP2|farm3,Brazil|corn,4.143543243408203,4.642596203112606,6.728937296867371,4.787388896942138,1
4,Brazil_DUP2_farm4_field100_corn_2018,Brazil|DUP2|farm4,Brazil|corn,8.066573143005371,6.889656322398007,6.728937296867371,4.787388896942138,0
4,Brazil_DUP2_farm4_field101_wheat_2020,Brazil|DUP2|farm4,Brazil|wheat,2.5832982063293457,3.2626967739533113,3.829127161126388,3.144661855697632,1
4,Brazil_DUP2_farm4_field102_soybean_2022,Brazil|DUP2|farm4,Brazil|soybean,3.9519989490509033,4.193424976847212,4.0362747406759185,3.5784655094146727,0
4,Brazil_DUP2_farm4_field103_corn_2024,Brazil|DUP2|farm4,Brazil|corn,4.048327922821045,5.674422911820767,6.728937296867371,4.787388896942138,1
4,Brazil_DUP2_farm4_field104_wheat_2020,Brazil|DUP2|farm4,Brazil|wheat,3.498563766479492,3.725881496678685,3.829127161126388,3.144661855697632,0
4,Brazil_DUP2_farm4_field105_soybean_2019,Brazil|DUP2|farm4,Brazil|soybean,3.6059067249298096,3.9250922431331268,4.0362747406759185,3.5784655094146727,0
4,Brazil_DUP2_farm4_field106_soybean_2021,Brazil|DUP2|farm4,Brazil|soybean,5.105606555938721,4.515827402800762,4.0362747406759185,3.5784655094146727,0
4,Brazil_DUP2_farm4_field107_soybean_2023,Brazil|DUP2|farm4,Brazil|soybean,4.049718379974365,4.493409855068269,4.0362747406759185,3.5784655094146727,0
4,Brazil_DUP2_farm4_field108_soybean_2017,Brazil|DUP2|farm4,Brazil|soybean,3.768929958343506,3.9792303315341,4.0362747406759185,3.5784655094146727,0
4,Brazil_DUP2_farm4_field109_soybean_2018,Brazil|DUP2|farm4,Brazil|soybean,3.7206718921661377,4.335106528585023,4.0362747406759185,3.5784655094146727,0
4,Brazil_DUP2_farm4_field110_soybean_2021,Brazil|DUP2|farm4,Brazil|soybean,4.858290672302246,4.446476766731614,4.0362747406759185,3.5784655094146727,0
4,Brazil_DUP2_farm4_field111_corn_2023,Brazil|DUP2|farm4,Brazil|corn,6.101862907409668,5.651454322313368,6.728937296867371,4.787388896942138,0
4,Brazil_DUP2_farm4_field113_soybean_2023,Brazil|DUP2|farm4,Brazil|soybean,4.134476661682129,4.483456860827033,4.0362747406759185,3.5784655094146727,0
4,Brazil_DUP2_farm4_field115_wheat_2020,Brazil|DUP2|farm4,Brazil|wheat,3.591207504272461,3.633838541922375,3.829127161126388,3.144661855697632,0
4,Brazil_DUP2_farm4_field116_wheat_2019,Brazil|DUP2|farm4,Brazil|wheat,3.567073106765747,4.013385231828087,3.829127161126388,3.144661855697632,0
4,Brazil_DUP2_farm4_field117_soybean_2018,Brazil|DUP2|farm4,Brazil|soybean,3.9403276443481445,4.05852820118398,4.0362747406759185,3.5784655094146727,0
4,Brazil_DUP2_farm4_field118_soybean_2022,Brazil|DUP2|farm4,Brazil|soybean,3.843188762664795,4.328935327381396,4.0362747406759185,3.5784655094146727,0
4,Brazil_DUP2_farm4_field119_wheat_2017,Brazil|DUP2|farm4,Brazil|wheat,3.3854188919067383,3.706982145610871,3.829127161126388,3.144661855697632,0
4,Brazil_DUP2_farm4_field120_corn_2023,Brazil|DUP2|farm4,Brazil|corn,6.456618309020996,5.513160366411455,6.728937296867371,4.787388896942138,0
4,Brazil_DUP2_farm4_field121_soybean_2020,Brazil|DUP2|farm4,Brazil|soybean,4.2171807289123535,4.436227312548539,4.0362747406759185,3.5784655094146727,0
4,Brazil_DUP2_farm4_field122_wheat_2020,Brazil|DUP2|farm4,Brazil|wheat,3.7642745971679688,3.7431095933943492,3.829127161126388,3.144661855697632,0
4,Brazil_DUP2_farm4_field123_soybean_2017,Brazil|DUP2|farm4,Brazil|soybean,4.4077959060668945,4.0015372110721215,4.0362747406759185,3.5784655094146727,0
4,Brazil_DUP2_farm4_field124_corn_2023,Brazil|DUP2|farm4,Brazil|corn,7.0741448402404785,6.658194034229439,6.728937296867371,4.787388896942138,0
4,Brazil_DUP2_farm4_field125_corn_2024,Brazil|DUP2|farm4,Brazil|corn,3.8804118633270264,7.081978734087157,6.728937296867371,4.787388896942138,1
4,Brazil_DUP2_farm4_field126_wheat_2022,Brazil|DUP2|farm4,Brazil|wheat,3.669809341430664,3.8152288210485157,3.829127161126388,3.144661855697632,0
4,Brazil_DUP2_farm4_field127_wheat_2017,Brazil|DUP2|farm4,Brazil|wheat,3.80185604095459,3.831375707110171,3.829127161126388,3.144661855697632,0
4,Brazil_DUP2_farm4_field128_soybean_2021,Brazil|DUP2|farm4,Brazil|soybean,4.6399688720703125,4.200769556143288,4.0362747406759185,3.5784655094146727,0
4,Brazil_DUP2_farm4_field129_corn_2024,Brazil|DUP2|farm4,Brazil|corn,4.312436580657959,6.745601580165728,6.728937296867371,4.787388896942138,1
4,Brazil_DUP2_farm4_field130_corn_2018,Brazil|DUP2|farm4,Brazil|corn,9.672872543334961,7.313901729766987,6.728937296867371,4.787388896942138,0
4,Brazil_DUP2_farm4_field131_soybean_2017,Brazil|DUP2|farm4,Brazil|soybean,4.456212043762207,4.055049170857445,4.0362747406759185,3.5784655094146727,0
4,Brazil_DUP2_farm4_field132_soybean_2017,Brazil|DUP2|farm4,Brazil|soybean,3.9173684120178223,4.183474191040021,4.0362747406759185,3.5784655094146727,0
4,Brazil_DUP2_farm4_field133_soybean_2021,Brazil|DUP2|farm4,Brazil|soybean,5.027663230895996,4.358776895673472,4.0362747406759185,3.5784655094146727,0
4,Brazil_DUP2_farm4_field134_corn_2018,Brazil|DUP2|farm4,Brazil|corn,7.684322834014893,6.636092178721511,6.728937296867371,4.787388896942138,0
4,Brazil_DUP2_farm4_field135_corn_2024,Brazil|DUP2|farm4,Brazil|corn,5.696888446807861,6.014812899040038,6.728937296867371,4.787388896942138,0
4,Brazil_DUP2_farm4_field136_soybean_2023,Brazil|DUP2|farm4,Brazil|soybean,4.4005913734436035,4.510537490728643,4.0362747406759185,3.5784655094146727,0
4,Brazil_DUP2_farm4_field137_soybean_2020,Brazil|DUP2|farm4,Brazil|soybean,4.189049243927002,4.410496464010834,4.0362747406759185,3.5784655094146727,0
4,Brazil_DUP2_farm4_field138_corn_2023,Brazil|DUP2|farm4,Brazil|corn,5.728150844573975,5.694859662865716,6.728937296867371,4.787388896942138,0
4,Brazil_DUP2_farm4_field59_corn_2018,Brazil|DUP2|farm4,Brazil|corn,8.507025718688965,6.6630124336767995,6.728937296867371,4.787388896942138,0
4,Brazil_DUP2_farm4_field60_wheat_2019,Brazil|DUP2|farm4,Brazil|wheat,4.3005595207214355,4.175507617923682,3.829127161126388,3.144661855697632,0
4,Brazil_DUP2_farm4_field62_soybean_2021,Brazil|DUP2|farm4,Brazil|soybean,5.17777156829834,4.488915597565514,4.0362747406759185,3.5784655094146727,0
4,Brazil_DUP2_farm4_field63_soybean_2022,Brazil|DUP2|farm4,Brazil|soybean,4.220221042633057,4.295873227723169,4.0362747406759185,3.5784655094146727,0
4,Brazil_DUP2_farm4_field64_wheat_2022,Brazil|DUP2|farm4,Brazil|wheat,3.6486077308654785,3.8044698524859895,3.829127161126388,3.144661855697632,0
4,Brazil_DUP2_farm4_field66_soybean_2020,Brazil|DUP2|farm4,Brazil|soybean,4.047950744628906,4.2778022486624945,4.0362747406759185,3.5784655094146727,0
4,Brazil_DUP2_farm4_field67_soybean_2020,Brazil|DUP2|farm4,Brazil|soybean,4.458172798156738,4.112784327113097,4.0362747406759185,3.5784655094146727,0
4,Brazil_DUP2_farm4_field68_wheat_2020,Brazil|DUP2|farm4,Brazil|wheat,3.552032232284546,3.7426843175810136,3.829127161126388,3.144661855697632,0
4,Brazil_DUP2_farm4_field69_corn_2018,Brazil|DUP2|farm4,Brazil|corn,7.468730449676514,6.473561690803834,6.728937296867371,4.787388896942138,0
4,Brazil_DUP2_farm4_field70_soybean_2018,Brazil|DUP2|farm4,Brazil|soybean,3.7544994354248047,4.419203196632467,4.0362747406759185,3.5784655094146727,0
4,Brazil_DUP2_farm4_field72_wheat_2019,Brazil|DUP2|farm4,Brazil|wheat,3.220424175262451,3.997543088731881,3.829127161126388,3.144661855697632,0
4,Brazil_DUP2_farm4_field73_soybean_2018,Brazil|DUP2|farm4,Brazil|soybean,3.584153652191162,4.334786935805102,4.0362747406759185,3.5784655094146727,0
4,Brazil_DUP2_farm4_field74_wheat_2022,Brazil|DUP2|farm4,Brazil|wheat,3.683962345123291,3.776276159715557,3.829127161126388,3.144661855697632,0
4,Brazil_DUP2_farm4_field75_wheat_2019,Brazil|DUP2|farm4,Brazil|wheat,2.6822128295898438,3.2964448442618797,3.829127161126388,3.144661855697632,1
4,Brazil_DUP2_farm4_field76_wheat_2019,Brazil|DUP2|farm4,Brazil|wheat,3.214493989944458,3.8375047007795495,3.829127161126388,3.144661855697632,0
4,Brazil_DUP2_farm4_field77_corn_2023,Brazil|DUP2|farm4,Brazil|corn,5.764130592346191,5.356274664280523,6.728937296867371,4.787388896942138,0
4,Brazil_DUP2_farm4_field78_soybean_2018,Brazil|DUP2|farm4,Brazil|soybean,4.282418727874756,4.333138578256021,4.0362747406759185,3.5784655094146727,0
4,Brazil_DUP2_farm4_field79_soybean_2022,Brazil|DUP2|farm4,Brazil|soybean,3.9040446281433105,4.213499453016409,4.0362747406759185,3.5784655094146727,0
4,Brazil_DUP2_farm4_field80_soybean_2022,Brazil|DUP2|farm4,Brazil|soybean,3.7273547649383545,4.194055800102997,4.0362747406759185,3.5784655094146727,0
4,Brazil_DUP2_farm4_field81_wheat_2022,Brazil|DUP2|farm4,Brazil|wheat,2.811600685119629,3.6789878115420156,3.829127161126388,3.144661855697632,1
4,Brazil_DUP2_farm4_field82_soybean_2019,Brazil|DUP2|farm4,Brazil|soybean,3.4304964542388916,4.057972877851391,4.0362747406759185,3.5784655094146727,1
4,Brazil_DUP2_farm4_field83_wheat_2020,Brazil|DUP2|farm4,Brazil|wheat,3.2220044136047363,3.685000807304276,3.829127161126388,3.144661855697632,0
4,Brazil_DUP2_farm4_field84_soybean_2021,Brazil|DUP2|farm4,Brazil|soybean,4.544684886932373,4.5588243508305535,4.0362747406759185,3.5784655094146727,0
4,Brazil_DUP2_farm4_field86_soybean_2019,Brazil|DUP2|farm4,Brazil|soybean,3.397012948989868,3.957135897571948,4.0362747406759185,3.5784655094146727,1
4,Brazil_DUP2_farm4_field88_soybean_2019,Brazil|DUP2|farm4,Brazil|soybean,2.7837440967559814,3.894223513608738,4.0362747406759185,3.5784655094146727,1
4,Brazil_DUP2_farm4_field89_corn_2024,Brazil|DUP2|farm4,Brazil|corn,4.709445476531982,7.027225606389262,6.728937296867371,4.787388896942138,1
4,Brazil_DUP2_farm4_field90_wheat_2017,Brazil|DUP2|farm4,Brazil|wheat,3.2578036785125732,3.659528285213316,3.829127161126388,3.144661855697632,0
4,Brazil_DUP2_farm4_field91_soybean_2023,Brazil|DUP2|farm4,Brazil|soybean,4.112236022949219,4.439737352357408,4.0362747406759185,3.5784655094146727,0
4,Brazil_DUP2_farm4_field92_soybean_2020,Brazil|DUP2|farm4,Brazil|soybean,4.621199131011963,4.235286927905734,4.0362747406759185,3.5784655094146727,0
4,Brazil_DUP2_farm4_field93_wheat_2019,Brazil|DUP2|farm4,Brazil|wheat,3.552446126937866,3.878044240298374,3.829127161126388,3.144661855697632,0
4,Brazil_DUP2_farm4_field94_soybean_2022,Brazil|DUP2|farm4,Brazil|soybean,4.140680313110352,4.276088732703809,4.0362747406759185,3.5784655094146727,0
4,Brazil_DUP2_farm4_field95_soybean_2019,Brazil|DUP2|farm4,Brazil|soybean,2.6613800525665283,3.9975608170608687,4.0362747406759185,3.5784655094146727,1
4,Brazil_DUP2_farm4_field96_soybean_2023,Brazil|DUP2|farm4,Brazil|soybean,4.474076747894287,4.459803929507451,4.0362747406759185,3.5784655094146727,0
4,Brazil_DUP2_farm4_field98_wheat_2017,Brazil|DUP2|farm4,Brazil|wheat,3.966188430786133,3.9407414353539774,3.829127161126388,3.144661855697632,0
4,Brazil_DUP2_farm4_field99_soybean_2019,Brazil|DUP2|farm4,Brazil|soybean,2.7837300300598145,3.8662086664874296,4.0362747406759185,3.5784655094146727,1
4,Brazil_DUP2_farm5_field140_corn_2020,Brazil|DUP2|farm5,Brazil|corn,5.645220756530762,6.009811794156151,6.728937296867371,4.787388896942138,0
4,Brazil_DUP2_farm5_field141_soybean_2022,Brazil|DUP2|farm5,Brazil|soybean,4.1652512550354,4.215658357742421,4.0362747406759185,3.5784655094146727,0
4,Brazil_DUP2_farm5_field142_soybean_2021,Brazil|DUP2|farm5,Brazil|soybean,3.8638365268707275,4.2597993970589005,4.0362747406759185,3.5784655094146727,0
4,Brazil_DUP2_farm5_field144_soybean_2022,Brazil|DUP2|farm5,Brazil|soybean,3.6434943675994873,4.215967589221607,4.0362747406759185,3.5784655094146727,0
4,Brazil_DUP2_farm5_field145_corn_2023,Brazil|DUP2|farm5,Brazil|corn,6.030021667480469,7.514242043826645,6.728937296867371,4.787388896942138,0
4,Brazil_DUP2_farm5_field146_corn_2023,Brazil|DUP2|farm5,Brazil|corn,7.280275821685791,7.034671358093803,6.728937296867371,4.787388896942138,0
4,Brazil_DUP2_farm5_field147_corn_2019,Brazil|DUP2|farm5,Brazil|corn,6.883048057556152,5.682463326041274,6.728937296867371,4.787388896942138,0
4,Brazil_DUP2_farm5_field148_wheat_2023,Brazil|DUP2|farm5,Brazil|wheat,2.6973090171813965,3.9197011713440015,3.829127161126388,3.144661855697632,1
4,Brazil_DUP2_farm5_field149_soybean_2024,Brazil|DUP2|farm5,Brazil|soybean,3.9959075450897217,4.312126966894535,4.0362747406759185,3.5784655094146727,0
4,Brazil_DUP2_farm5_field150_soybean_2019,Brazil|DUP2|farm5,Brazil|soybean,3.679835081100464,3.750595741739847,4.0362747406759185,3.5784655094146727,0
4,Brazil_DUP2_farm5_field151_soybean_2022,Brazil|DUP2|farm5,Brazil|soybean,4.922214031219482,4.31530447132449,4.0362747406759185,3.5784655094146727,0
4,Brazil_DUP2_farm5_field153_soybean_2018,Brazil|DUP2|farm5,Brazil|soybean,4.145542144775391,4.450808750562432,4.0362747406759185,3.5784655094146727,0
4,Brazil_DUP2_farm5_field154_soybean_2018,Brazil|DUP2|farm5,Brazil|soybean,4.283844470977783,4.213052329101321,4.0362747406759185,3.5784655094146727,0
4,Brazil_DUP2_farm5_field155_soybean_2018,Brazil|DUP2|farm5,Brazil|soybean,4.918848037719727,4.4814663527744845,4.0362747406759185,3.5784655094146727,0
4,Brazil_DUP2_farm5_field156_corn_2023,Brazil|DUP2|farm5,Brazil|corn,5.96615743637085,7.3150116000013305,6.728937296867371,4.787388896942138,0
4,Brazil_DUP2_farm5_field158_wheat_2021,Brazil|DUP2|farm5,Brazil|wheat,4.698777198791504,4.755808981635133,3.829127161126388,3.144661855697632,0
4,Brazil_DUP2_farm5_field163_wheat_2023,Brazil|DUP2|farm5,Brazil|wheat,3.4288101196289062,3.4029693410989603,3.829127161126388,3.144661855697632,0
4,Brazil_DUP2_farm5_field164_wheat_2018,Brazil|DUP2|farm5,Brazil|wheat,5.133892059326172,3.9808603216391396,3.829127161126388,3.144661855697632,0
4,Brazil_DUP2_farm5_field165_soybean_2022,Brazil|DUP2|farm5,Brazil|soybean,4.083595275878906,4.502674948737285,4.0362747406759185,3.5784655094146727,0
4,Brazil_DUP2_farm5_field166_wheat_2021,Brazil|DUP2|farm5,Brazil|wheat,5.134653568267822,4.328742514237261,3.829127161126388,3.144661855697632,0
4,Brazil_DUP2_farm5_field167_wheat_2019,Brazil|DUP2|farm5,Brazil|wheat,3.5153419971466064,4.073907572531546,3.829127161126388,3.144661855697632,0
4,Brazil_DUP2_farm5_field168_soybean_2021,Brazil|DUP2|farm5,Brazil|soybean,4.837453842163086,4.2050781414210565,4.0362747406759185,3.5784655094146727,0
4,Brazil_DUP2_farm5_field169_soybean_2024,Brazil|DUP2|farm5,Brazil|soybean,4.273986339569092,4.452265207778552,4.0362747406759185,3.5784655094146727,0
4,Brazil_DUP2_farm5_field171_soybean_2022,Brazil|DUP2|farm5,Brazil|soybean,4.08617639541626,4.361507262061334,4.0362747406759185,3.5784655094146727,0
4,Brazil_DUP2_farm5_field172_wheat_2023,Brazil|DUP2|farm5,Brazil|wheat,2.9479289054870605,3.1543206574305005,3.829127161126388,3.144661855697632,1
4,Brazil_DUP2_farm5_field174_soybean_2022,Brazil|DUP2|farm5,Brazil|soybean,3.5553598403930664,3.985242890928212,4.0362747406759185,3.5784655094146727,1
4,Brazil_DUP2_farm5_field175_soybean_2019,Brazil|DUP2|farm5,Brazil|soybean,2.9326059818267822,3.840756532491983,4.0362747406759185,3.5784655094146727,1
4,Brazil_DUP2_farm5_field177_soybean_2019,Brazil|DUP2|farm5,Brazil|soybean,3.472752332687378,3.752731352631493,4.0362747406759185,3.5784655094146727,1
4,Brazil_DUP2_farm5_field178_wheat_2021,Brazil|DUP2|farm5,Brazil|wheat,4.578473091125488,4.765269387045611,3.829127161126388,3.144661855697632,0
4,Brazil_DUP2_farm5_field182_wheat_2020,Brazil|DUP2|farm5,Brazil|wheat,2.750033378601074,3.8566233456194396,3.829127161126388,3.144661855697632,1
4,Brazil_DUP2_farm5_field183_wheat_2019,Brazil|DUP2|farm5,Brazil|wheat,3.6881608963012695,4.0956319240417836,3.829127161126388,3.144661855697632,0
4,Brazil_DUP2_farm5_field184_soybean_2019,Brazil|DUP2|farm5,Brazil|soybean,2.2968311309814453,3.424566540322278,4.0362747406759185,3.5784655094146727,1
4,Brazil_DUP2_farm5_field185_soybean_2021,Brazil|DUP2|farm5,Brazil|soybean,3.7659876346588135,4.1780205054752155,4.0362747406759185,3.5784655094146727,0
4,Brazil_DUP2_farm5_field186_corn_2019,Brazil|DUP2|farm5,Brazil|corn,5.948436737060547,6.005647773281707,6.728937296867371,4.787388896942138,0
4,Brazil_DUP2_farm5_field187_soybean_2024,Brazil|DUP2|farm5,Brazil|soybean,1.5734182596206665,3.977707536179431,4.0362747406759185,3.5784655094146727,1
4,Brazil_DUP2_farm5_field188_soybean_2024,Brazil|DUP2|farm5,Brazil|soybean,3.522783041000366,4.29638163271338,4.0362747406759185,3.5784655094146727,1
4,Brazil_DUP2_farm5_field189_soybean_2019,Brazil|DUP2|farm5,Brazil|soybean,3.1261260509490967,3.8716663548830197,4.0362747406759185,3.5784655094146727,1
4,Brazil_DUP2_farm5_field191_soybean_2024,Brazil|DUP2|farm5,Brazil|soybean,3.446136713027954,4.237283552137057,4.0362747406759185,3.5784655094146727,1
4,Brazil_DUP2_farm5_field192_soybean_2019,Brazil|DUP2|farm5,Brazil|soybean,3.6509933471679688,3.7915815585875454,4.0362747406759185,3.5784655094146727,0
4,Brazil_DUP2_farm5_field193_wheat_2021,Brazil|DUP2|farm5,Brazil|wheat,4.115423679351807,4.276993304319166,3.829127161126388,3.144661855697632,0
4,Brazil_DUP2_farm5_field194_soybean_2022,Brazil|DUP2|farm5,Brazil|soybean,4.138644695281982,3.8167515190509684,4.0362747406759185,3.5784655094146727,0
4,Brazil_DUP2_farm5_field195_corn_2019,Brazil|DUP2|farm5,Brazil|corn,7.561824798583984,5.774127987214156,6.728937296867371,4.787388896942138,0
4,Brazil_DUP2_farm5_field196_soybean_2018,Brazil|DUP2|farm5,Brazil|soybean,4.6974897384643555,4.488986728655601,4.0362747406759185,3.5784655094146727,0
4,Brazil_DUP2_farm5_field197_soybean_2022,Brazil|DUP2|farm5,Brazil|soybean,4.225962162017822,4.040142175531214,4.0362747406759185,3.5784655094146727,0
4,Brazil_DUP2_farm5_field198_wheat_2019,Brazil|DUP2|farm5,Brazil|wheat,2.922711133956909,3.861595473763317,3.829127161126388,3.144661855697632,1
4,Brazil_DUP2_farm5_field199_soybean_2021,Brazil|DUP2|farm5,Brazil|soybean,4.450469970703125,4.183665332501089,4.0362747406759185,3.5784655094146727,0
4,Brazil_DUP2_farm5_field200_wheat_2018,Brazil|DUP2|farm5,Brazil|wheat,4.544558048248291,3.933567008873194,3.829127161126388,3.144661855697632,0
4,Brazil_DUP2_farm5_field201_soybean_2024,Brazil|DUP2|farm5,Brazil|soybean,3.561516284942627,4.386692477874797,4.0362747406759185,3.5784655094146727,1
4,Brazil_DUP2_farm5_field202_soybean_2022,Brazil|DUP2|farm5,Brazil|soybean,2.656442880630493,3.5335750479430894,4.0362747406759185,3.5784655094146727,1
4,Brazil_DUP2_farm5_field203_soybean_2021,Brazil|DUP2|farm5,Brazil|soybean,3.7888429164886475,4.24524347860412,4.0362747406759185,3.5784655094146727,0
4,Brazil_DUP2_farm5_field204_corn_2023,Brazil|DUP2|farm5,Brazil|corn,8.028992652893066,7.055084068640662,6.728937296867371,4.787388896942138,0
4,Brazil_DUP2_farm5_field205_soybean_2022,Brazil|DUP2|farm5,Brazil|soybean,4.4321160316467285,4.49575605602018,4.0362747406759185,3.5784655094146727,0
4,Brazil_DUP2_farm5_field206_soybean_2018,Brazil|DUP2|farm5,Brazil|soybean,4.508299350738525,4.262254887207829,4.0362747406759185,3.5784655094146727,0
4,Brazil_DUP2_farm5_field207_wheat_2018,Brazil|DUP2|farm5,Brazil|wheat,4.486903667449951,4.170566191640307,3.829127161126388,3.144661855697632,0
4,Brazil_DUP2_farm5_field208_soybean_2024,Brazil|DUP2|farm5,Brazil|soybean,3.7599282264709473,4.439031464592062,4.0362747406759185,3.5784655094146727,0
4,Brazil_DUP2_farm5_field209_wheat_2023,Brazil|DUP2|farm5,Brazil|wheat,2.8677334785461426,3.4719941867682493,3.829127161126388,3.144661855697632,1
4,Brazil_DUP2_farm5_field210_wheat_2021,Brazil|DUP2|farm5,Brazil|wheat,3.4726107120513916,4.32169434789429,3.829127161126388,3.144661855697632,0
4,Brazil_DUP2_farm5_field211_corn_2023,Brazil|DUP2|farm5,Brazil|corn,5.379560947418213,6.869256703777486,6.728937296867371,4.787388896942138,0
4,Brazil_DUP2_farm5_field212_wheat_2019,Brazil|DUP2|farm5,Brazil|wheat,2.916748046875,3.9821547462554308,3.829127161126388,3.144661855697632,1
4,Brazil_DUP2_farm5_field213_soybean_2021,Brazil|DUP2|farm5,Brazil|soybean,4.965591907501221,4.262913270879148,4.0362747406759185,3.5784655094146727,0
4,Brazil_DUP2_farm5_field214_wheat_2023,Brazil|DUP2|farm5,Brazil|wheat,2.9247779846191406,3.9537004752332527,3.829127161126388,3.144661855697632,1
4,Brazil_DUP2_farm5_field215_wheat_2023,Brazil|DUP2|farm5,Brazil|wheat,3.3485288619995117,3.7244006128744,3.829127161126388,3.144661855697632,0
4,Brazil_DUP2_farm5_field216_soybean_2018,Brazil|DUP2|farm5,Brazil|soybean,3.996788263320923,4.096740103895931,4.0362747406759185,3.5784655094146727,0
4,Brazil_DUP2_farm5_field217_soybean_2021,Brazil|DUP2|farm5,Brazil|soybean,3.8345117568969727,4.2274296434568805,4.0362747406759185,3.5784655094146727,0
4,Brazil_DUP2_farm5_field218_soybean_2018,Brazil|DUP2|farm5,Brazil|soybean,4.720359802246094,4.474894538767518,4.0362747406759185,3.5784655094146727,0
4,Brazil_DUP2_farm5_field220_soybean_2019,Brazil|DUP2|farm5,Brazil|soybean,2.7782371044158936,3.3427339031457906,4.0362747406759185,3.5784655094146727,1
4,Brazil_DUP2_farm5_field221_wheat_2021,Brazil|DUP2|farm5,Brazil|wheat,3.455690860748291,4.083893978703613,3.829127161126388,3.144661855697632,0
4,Brazil_DUP2_farm5_field222_wheat_2019,Brazil|DUP2|farm5,Brazil|wheat,3.0183374881744385,3.786657486015213,3.829127161126388,3.144661855697632,1
4,Brazil_DUP2_farm5_field223_wheat_2023,Brazil|DUP2|farm5,Brazil|wheat,3.5625710487365723,4.169991999766129,3.829127161126388,3.144661855697632,0
4,Brazil_DUP2_farm5_field224_soybean_2021,Brazil|DUP2|farm5,Brazil|soybean,4.209628105163574,4.171796054499265,4.0362747406759185,3.5784655094146727,0
4,Brazil_DUP2_farm5_field225_wheat_2020,Brazil|DUP2|farm5,Brazil|wheat,2.7860212326049805,3.758157281689444,3.829127161126388,3.144661855697632,1
4,Brazil_DUP2_farm5_field226_wheat_2023,Brazil|DUP2|farm5,Brazil|wheat,3.3414061069488525,4.05070380928028,3.829127161126388,3.144661855697632,0
4,Brazil_DUP2_farm5_field227_soybean_2021,Brazil|DUP2|farm5,Brazil|soybean,4.287929534912109,4.205784678369817,4.0362747406759185,3.5784655094146727,0
4,Brazil_DUP2_farm5_field228_soybean_2019,Brazil|DUP2|farm5,Brazil|soybean,2.9502627849578857,3.727565648656838,4.0362747406759185,3.5784655094146727,1
4,Brazil_DUP2_farm5_field230_corn_2023,Brazil|DUP2|farm5,Brazil|corn,7.073121547698975,7.334620489866229,6.728937296867371,4.787388896942138,0
4,Brazil_DUP2_farm5_field231_wheat_2019,Brazil|DUP2|farm5,Brazil|wheat,3.8251779079437256,4.176829223677627,3.829127161126388,3.144661855697632,0
4,Brazil_DUP2_farm5_field232_soybean_2021,Brazil|DUP2|farm5,Brazil|soybean,4.208657264709473,4.351270065955328,4.0362747406759185,3.5784655094146727,0
4,Brazil_DUP2_farm5_field234_soybean_2022,Brazil|DUP2|farm5,Brazil|soybean,3.153770923614502,3.5524604654733696,4.0362747406759185,3.5784655094146727,1
4,Brazil_DUP2_farm5_field235_wheat_2023,Brazil|DUP2|farm5,Brazil|wheat,3.5611512660980225,4.000271724300923,3.829127161126388,3.144661855697632,0
4,Brazil_DUP2_farm5_field236_corn_2023,Brazil|DUP2|farm5,Brazil|corn,6.019829273223877,6.773857032749007,6.728937296867371,4.787388896942138,0
4,Brazil_DUP2_farm5_field237_soybean_2022,Brazil|DUP2|farm5,Brazil|soybean,3.434183359146118,3.8661493732179126,4.0362747406759185,3.5784655094146727,1
4,Brazil_DUP2_farm5_field238_soybean_2021,Brazil|DUP2|farm5,Brazil|soybean,4.45763635635376,4.463552215791342,4.0362747406759185,3.5784655094146727,0
4,Brazil_DUP2_farm5_field241_soybean_2018,Brazil|DUP2|farm5,Brazil|soybean,4.817685604095459,4.4456442442496025,4.0362747406759185,3.5784655094146727,0
4,Brazil_DUP2_farm5_field242_soybean_2021,Brazil|DUP2|farm5,Brazil|soybean,4.9621262550354,4.228663774442202,4.0362747406759185,3.5784655094146727,0
4,Brazil_DUP2_farm5_field243_corn_2023,Brazil|DUP2|farm5,Brazil|corn,5.052046298980713,6.648336179711345,6.728937296867371,4.787388896942138,0
4,Brazil_DUP2_farm5_field244_soybean_2024,Brazil|DUP2|farm5,Brazil|soybean,3.3387627601623535,4.200725665979426,4.0362747406759185,3.5784655094146727,1
4,Brazil_DUP2_farm5_field245_wheat_2018,Brazil|DUP2|farm5,Brazil|wheat,3.8929238319396973,3.1886521476023577,3.829127161126388,3.144661855697632,0
4,Brazil_DUP2_farm5_field246_soybean_2021,Brazil|DUP2|farm5,Brazil|soybean,3.754774332046509,4.346067019612519,4.0362747406759185,3.5784655094146727,0
4,Brazil_DUP2_farm5_field247_corn_2020,Brazil|DUP2|farm5,Brazil|corn,8.977120399475098,5.711856425544203,6.728937296867371,4.787388896942138,0
4,Brazil_DUP2_farm5_field249_wheat_2020,Brazil|DUP2|farm5,Brazil|wheat,3.225674867630005,3.7483235193146305,3.829127161126388,3.144661855697632,0
4,Brazil_DUP2_farm5_field251_wheat_2023,Brazil|DUP2|farm5,Brazil|wheat,3.002437114715576,3.9281868267698394,3.829127161126388,3.144661855697632,1
4,Brazil_DUP2_farm5_field252_wheat_2020,Brazil|DUP2|farm5,Brazil|wheat,4.266058921813965,3.9103703645231516,3.829127161126388,3.144661855697632,0
4,Brazil_DUP2_farm5_field253_soybean_2024,Brazil|DUP2|farm5,Brazil|soybean,4.213239669799805,4.419711595357543,4.0362747406759185,3.5784655094146727,0
4,Brazil_DUP2_farm5_field255_soybean_2019,Brazil|DUP2|farm5,Brazil|soybean,2.6488635540008545,3.402840167269324,4.0362747406759185,3.5784655094146727,1
4,Brazil_DUP2_farm5_field256_soybean_2018,Brazil|DUP2|farm5,Brazil|soybean,4.213713645935059,4.150603514834203,4.0362747406759185,3.5784655094146727,0
4,Brazil_DUP2_farm5_field257_soybean_2024,Brazil|DUP2|farm5,Brazil|soybean,3.613408088684082,4.333781887913378,4.0362747406759185,3.5784655094146727,0
4,Brazil_DUP2_farm5_field258_corn_2019,Brazil|DUP2|farm5,Brazil|corn,6.085999011993408,7.074209465752521,6.728937296867371,4.787388896942138,0
4,Brazil_DUP2_farm5_field259_soybean_2024,Brazil|DUP2|farm5,Brazil|soybean,3.2806758880615234,4.3235591076566555,4.0362747406759185,3.5784655094146727,1
4,Brazil_DUP2_farm5_field262_corn_2020,Brazil|DUP2|farm5,Brazil|corn,5.332284450531006,5.822142868586032,6.728937296867371,4.787388896942138,0
4,Brazil_DUP2_farm5_field263_corn_2023,Brazil|DUP2|farm5,Brazil|corn,5.977324485778809,6.476784951847617,6.728937296867371,4.787388896942138,0
4,Brazil_DUP2_farm5_field264_corn_2023,Brazil|DUP2|farm5,Brazil|corn,7.976521015167236,6.936585269738964,6.728937296867371,4.787388896942138,0
4,Brazil_DUP2_farm5_field265_corn_2023,Brazil|DUP2|farm5,Brazil|corn,7.1451416015625,7.367419347206634,6.728937296867371,4.787388896942138,0
4,Brazil_DUP2_farm5_field267_wheat_2023,Brazil|DUP2|farm5,Brazil|wheat,2.7925150394439697,4.080151094900252,3.829127161126388,3.144661855697632,1
4,Brazil_DUP2_farm5_field268_corn_2020,Brazil|DUP2|farm5,Brazil|corn,6.1885271072387695,5.709015780572996,6.728937296867371,4.787388896942138,0
4,Brazil_DUP2_farm5_field269_soybean_2018,Brazil|DUP2|farm5,Brazil|soybean,4.034878253936768,4.105938890713532,4.0362747406759185,3.5784655094146727,0
4,Brazil_DUP2_farm5_field272_soybean_2018,Brazil|DUP2|farm5,Brazil|soybean,4.4760637283325195,4.266924110767444,4.0362747406759185,3.5784655094146727,0
4,Brazil_DUP2_farm5_field273_corn_2020,Brazil|DUP2|farm5,Brazil|corn,9.866704940795898,5.984411194151633,6.728937296867371,4.787388896942138,0
4,Brazil_DUP2_farm5_field274_soybean_2020,Brazil|DUP2|farm5,Brazil|soybean,5.064452171325684,4.455316145203278,4.0362747406759185,3.5784655094146727,0
4,Brazil_DUP2_farm5_field275_corn_2019,Brazil|DUP2|farm5,Brazil|corn,8.016576766967773,6.988697299136813,6.728937296867371,4.787388896942138,0
4,Brazil_DUP2_farm5_field276_soybean_2018,Brazil|DUP2|farm5,Brazil|soybean,4.054502010345459,4.194969380787089,4.0362747406759185,3.5784655094146727,0
4,Brazil_DUP2_farm5_field277_wheat_2018,Brazil|DUP2|farm5,Brazil|wheat,4.971075057983398,3.074632338137474,3.829127161126388,3.144661855697632,0
4,Brazil_DUP2_farm5_field278_wheat_2021,Brazil|DUP2|farm5,Brazil|wheat,3.4886765480041504,4.032895226258967,3.829127161126388,3.144661855697632,0
4,Brazil_DUP2_farm5_field279_wheat_2021,Brazil|DUP2|farm5,Brazil|wheat,4.966060638427734,4.542007308175502,3.829127161126388,3.144661855697632,0
4,Brazil_DUP2_farm5_field280_wheat_2018,Brazil|DUP2|farm5,Brazil|wheat,4.274063587188721,3.4547308867969257,3.829127161126388,3.144661855697632,0
4,Brazil_DUP2_farm5_field281_soybean_2024,Brazil|DUP2|farm5,Brazil|soybean,3.672234058380127,4.311175871529947,4.0362747406759185,3.5784655094146727,0
4,Brazil_DUP2_farm5_field282_wheat_2018,Brazil|DUP2|farm5,Brazil|wheat,7.043081760406494,4.066983434689639,3.829127161126388,3.144661855697632,0
4,Uruguay_DUP4_farm2_field10_soybean_2021,Uruguay|DUP4|farm2,Uruguay|soybean,2.5049731731414795,1.8985932981505906,2.408828464137124,1.3584747076034547,0
4,Uruguay_DUP4_farm2_field11_soybean_2021,Uruguay|DUP4|farm2,Uruguay|soybean,2.6270647048950195,2.2605996733819533,2.408828464137124,1.3584747076034547,0
4,Uruguay_DUP4_farm2_field12_soybean_2021,Uruguay|DUP4|farm2,Uruguay|soybean,2.5545618534088135,1.9259868347635556,2.408828464137124,1.3584747076034547,0
4,Uruguay_DUP4_farm2_field13_soybean_2021,Uruguay|DUP4|farm2,Uruguay|soybean,2.561089038848877,2.2292269214563154,2.408828464137124,1.3584747076034547,0
4,Uruguay_DUP4_farm2_field14_soybean_2021,Uruguay|DUP4|farm2,Uruguay|soybean,2.7905771732330322,2.260598112225505,2.408828464137124,1.3584747076034547,0
4,Uruguay_DUP4_farm2_field16_soybean_2021,Uruguay|DUP4|farm2,Uruguay|soybean,2.2623517513275146,1.8489524431829052,2.408828464137124,1.3584747076034547,0
4,Uruguay_DUP4_farm2_field18_soybean_2021,Uruguay|DUP4|farm2,Uruguay|soybean,1.8573393821716309,1.904187476285138,2.408828464137124,1.3584747076034547,0
4,Uruguay_DUP4_farm2_field19_soybean_2021,Uruguay|DUP4|farm2,Uruguay|soybean,3.256086826324463,1.778860207562957,2.408828464137124,1.3584747076034547,0
4,Uruguay_DUP4_farm2_field20_soybean_2021,Uruguay|DUP4|farm2,Uruguay|soybean,2.225886821746826,1.8907775214400586,2.408828464137124,1.3584747076034547,0
4,Uruguay_DUP4_farm2_field21_soybean_2021,Uruguay|DUP4|farm2,Uruguay|soybean,2.2036850452423096,1.7762728819693854,2.408828464137124,1.3584747076034547,0
4,Uruguay_DUP4_farm2_field22_soybean_2021,Uruguay|DUP4|farm2,Uruguay|soybean,2.123849630355835,1.9943375125510545,2.408828464137124,1.3584747076034547,0
4,Uruguay_DUP4_farm2_field23_soybean_2021,Uruguay|DUP4|farm2,Uruguay|soybean,1.8804655075073242,2.0597622355553202,2.408828464137124,1.3584747076034547,0
4,Uruguay_DUP4_farm2_field24_soybean_2021,Uruguay|DUP4|farm2,Uruguay|soybean,2.5994958877563477,2.0619223143818024,2.408828464137124,1.3584747076034547,0
4,Uruguay_DUP4_farm2_field26_soybean_2019,Uruguay|DUP4|farm2,Uruguay|soybean,2.9249823093414307,3.303783655321448,2.408828464137124,1.3584747076034547,0
4,Uruguay_DUP4_farm2_field27_soybean_2021,Uruguay|DUP4|farm2,Uruguay|soybean,1.9300817251205444,2.0806915055735256,2.408828464137124,1.3584747076034547,0
4,Uruguay_DUP4_farm2_field28_soybean_2021,Uruguay|DUP4|farm2,Uruguay|soybean,3.532059669494629,1.9771329958174668,2.408828464137124,1.3584747076034547,0
4,Uruguay_DUP4_farm2_field29_soybean_2021,Uruguay|DUP4|farm2,Uruguay|soybean,2.0449016094207764,1.60660921377373,2.408828464137124,1.3584747076034547,0
4,Uruguay_DUP4_farm2_field30_soybean_2018,Uruguay|DUP4|farm2,Uruguay|soybean,2.0178170204162598,1.2716377391263194,2.408828464137124,1.3584747076034547,0
4,Uruguay_DUP4_farm2_field31_soybean_2018,Uruguay|DUP4|farm2,Uruguay|soybean,2.0568480491638184,1.4188316118993252,2.408828464137124,1.3584747076034547,0
4,Uruguay_DUP4_farm2_field32_soybean_2018,Uruguay|DUP4|farm2,Uruguay|soybean,0.8470730185508728,2.3655832046708887,2.408828464137124,1.3584747076034547,1
4,Uruguay_DUP4_farm2_field33_soybean_2018,Uruguay|DUP4|farm2,Uruguay|soybean,1.3993847370147705,1.2246655530468533,2.408828464137124,1.3584747076034547,0
4,Uruguay_DUP4_farm2_field35_soybean_2018,Uruguay|DUP4|farm2,Uruguay|soybean,2.6731863021850586,2.608999904547215,2.408828464137124,1.3584747076034547,0
4,Uruguay_DUP4_farm2_field36_soybean_2018,Uruguay|DUP4|farm2,Uruguay|soybean,2.0424749851226807,1.9416708017763709,2.408828464137124,1.3584747076034547,0
4,Uruguay_DUP4_farm2_field37_soybean_2018,Uruguay|DUP4|farm2,Uruguay|soybean,2.537604808807373,2.5926613498528455,2.408828464137124,1.3584747076034547,0
4,Uruguay_DUP4_farm2_field38_soybean_2018,Uruguay|DUP4|farm2,Uruguay|soybean,2.1192855834960938,2.452334367915467,2.408828464137124,1.3584747076034547,0
4,Uruguay_DUP4_farm2_field39_soybean_2018,Uruguay|DUP4|farm2,Uruguay|soybean,4.97405481338501,2.566302386694409,2.408828464137124,1.3584747076034547,0
4,Uruguay_DUP4_farm2_field40_soybean_2018,Uruguay|DUP4|farm2,Uruguay|soybean,1.387189269065857,2.52691142258997,2.408828464137124,1.3584747076034547,0
4,Uruguay_DUP4_farm2_field41_soybean_2018,Uruguay|DUP4|farm2,Uruguay|soybean,1.6066265106201172,2.697862732168889,2.408828464137124,1.3584747076034547,0
4,Uruguay_DUP4_farm2_field42_soybean_2018,Uruguay|DUP4|farm2,Uruguay|soybean,1.4089760780334473,2.575816684563444,2.408828464137124,1.3584747076034547,0
4,Uruguay_DUP4_farm2_field43_soybean_2018,Uruguay|DUP4|farm2,Uruguay|soybean,0.9427213072776794,1.3976362717180983,2.408828464137124,1.3584747076034547,1
4,Uruguay_DUP4_farm2_field44_soybean_2018,Uruguay|DUP4|farm2,Uruguay|soybean,1.1545205116271973,1.676991459796508,2.408828464137124,1.3584747076034547,1
4,Uruguay_DUP4_farm2_field45_soybean_2018,Uruguay|DUP4|farm2,Uruguay|soybean,1.4927074909210205,1.6065988083471492,2.408828464137124,1.3584747076034547,0
4,Uruguay_DUP4_farm2_field47_soybean_2019,Uruguay|DUP4|farm2,Uruguay|soybean,3.5015130043029785,3.549738785013157,2.408828464137124,1.3584747076034547,0
4,Uruguay_DUP4_farm2_field48_soybean_2018,Uruguay|DUP4|farm2,Uruguay|soybean,4.011366844177246,1.3795829105157997,2.408828464137124,1.3584747076034547,0
4,Uruguay_DUP4_farm2_field49_soybean_2018,Uruguay|DUP4|farm2,Uruguay|soybean,3.1869349479675293,1.2616931869543961,2.408828464137124,1.3584747076034547,0
4,Uruguay_DUP4_farm2_field50_soybean_2018,Uruguay|DUP4|farm2,Uruguay|soybean,2.4949824810028076,1.4386229628547547,2.408828464137124,1.3584747076034547,0
4,Uruguay_DUP4_farm2_field51_soybean_2018,Uruguay|DUP4|farm2,Uruguay|soybean,1.3362756967544556,1.6465571499795844,2.408828464137124,1.3584747076034547,1
4,Uruguay_DUP4_farm2_field52_soybean_2018,Uruguay|DUP4|farm2,Uruguay|soybean,2.1035056114196777,1.5502919223380767,2.408828464137124,1.3584747076034547,0
4,Uruguay_DUP4_farm2_field53_soybean_2019,Uruguay|DUP4|farm2,Uruguay|soybean,3.7204818725585938,3.208319379167325,2.408828464137124,1.3584747076034547,0
4,Uruguay_DUP4_farm2_field54_soybean_2019,Uruguay|DUP4|farm2,Uruguay|soybean,3.783782958984375,3.4639613223133408,2.408828464137124,1.3584747076034547,0
4,Uruguay_DUP4_farm2_field55_soybean_2019,Uruguay|DUP4|farm2,Uruguay|soybean,3.306467294692993,3.5107605490059486,2.408828464137124,1.3584747076034547,0
4,Uruguay_DUP4_farm2_field56_soybean_2019,Uruguay|DUP4|farm2,Uruguay|soybean,2.3298590183258057,2.9102278067482166,2.408828464137124,1.3584747076034547,0
4,Uruguay_DUP4_farm2_field57_soybean_2019,Uruguay|DUP4|farm2,Uruguay|soybean,3.3203492164611816,3.4063471030429664,2.408828464137124,1.3584747076034547,0
4,Uruguay_DUP4_farm2_field58_soybean_2019,Uruguay|DUP4|farm2,Uruguay|soybean,3.644150495529175,3.706235773619937,2.408828464137124,1.3584747076034547,0
4,Uruguay_DUP4_farm2_field59_soybean_2019,Uruguay|DUP4|farm2,Uruguay|soybean,2.3345770835876465,2.8822386439546035,2.408828464137124,1.3584747076034547,0
4,Uruguay_DUP4_farm2_field5_soybean_2019,Uruguay|DUP4|farm2,Uruguay|soybean,2.999135732650757,3.1122638411882377,2.408828464137124,1.3584747076034547,0
4,Uruguay_DUP4_farm2_field6_soybean_2019,Uruguay|DUP4|farm2,Uruguay|soybean,4.307119846343994,3.5645353958830843,2.408828464137124,1.3584747076034547,0
4,Uruguay_DUP4_farm2_field8_soybean_2019,Uruguay|DUP4|farm2,Uruguay|soybean,3.0108213424682617,3.707649358434555,2.408828464137124,1.3584747076034547,0
4,Uruguay_DUP4_farm2_field9_soybean_2020,Uruguay|DUP4|farm2,Uruguay|soybean,1.4275484085083008,1.9473532175784098,2.408828464137124,1.3584747076034547,0
5,Argentina_DUP1_farm16_field156_soybean_2022,Argentina|DUP1|farm16,Argentina|soybean,4.360955715179443,3.847868992507272,3.414402996084373,2.228123712539673,0
5,Argentina_DUP1_farm16_field157_soybean_2023,Argentina|DUP1|farm16,Argentina|soybean,1.2494542598724365,1.8829800142851503,3.414402996084373,2.228123712539673,1
5,Argentina_DUP1_farm16_field158_soybean_2021,Argentina|DUP1|farm16,Argentina|soybean,5.097338676452637,3.823178771868563,3.414402996084373,2.228123712539673,0
5,Argentina_DUP1_farm16_field159_soybean_2021,Argentina|DUP1|farm16,Argentina|soybean,4.66832971572876,3.6380577868039405,3.414402996084373,2.228123712539673,0
5,Argentina_DUP1_farm16_field160_wheat_2023,Argentina|DUP1|farm16,Argentina|wheat,2.626546621322632,3.423218107872227,4.954241918078784,2.448488759994507,0
5,Argentina_DUP1_farm16_field161_soybean_2022,Argentina|DUP1|farm16,Argentina|soybean,3.794905424118042,4.01148111282474,3.414402996084373,2.228123712539673,0
5,Argentina_DUP1_farm16_field162_corn_2023,Argentina|DUP1|farm16,Argentina|corn,7.701785087585449,6.77002100307724,9.124821626663207,6.925798225402832,0
5,Argentina_DUP1_farm16_field163_soybean_2022,Argentina|DUP1|farm16,Argentina|soybean,3.348196506500244,3.598319398466846,3.414402996084373,2.228123712539673,0
5,Argentina_DUP1_farm17_field164_soybean_2021,Argentina|DUP1|farm17,Argentina|soybean,4.517200946807861,3.7978860505313343,3.414402996084373,2.228123712539673,0
5,Argentina_DUP1_farm17_field165_soybean_2021,Argentina|DUP1|farm17,Argentina|soybean,3.65232515335083,3.5707226725066765,3.414402996084373,2.228123712539673,0
5,Argentina_DUP1_farm17_field166_soybean_2021,Argentina|DUP1|farm17,Argentina|soybean,2.4157001972198486,3.339428718752668,3.414402996084373,2.228123712539673,0
5,Argentina_DUP1_farm17_field167_soybean_2018,Argentina|DUP1|farm17,Argentina|soybean,3.0530412197113037,4.325599533007737,3.414402996084373,2.228123712539673,0
5,Argentina_DUP1_farm17_field168_soybean_2018,Argentina|DUP1|farm17,Argentina|soybean,1.223634123802185,3.061335856306641,3.414402996084373,2.228123712539673,1
5,Argentina_DUP1_farm17_field169_soybean_2019,Argentina|DUP1|farm17,Argentina|soybean,4.524634838104248,4.256675846382393,3.414402996084373,2.228123712539673,0
5,Argentina_DUP1_farm17_field170_soybean_2019,Argentina|DUP1|farm17,Argentina|soybean,3.9727466106414795,3.449050048065171,3.414402996084373,2.228123712539673,0
5,Argentina_DUP1_farm17_field173_soybean_2019,Argentina|DUP1|farm17,Argentina|soybean,4.767601013183594,4.155733149751556,3.414402996084373,2.228123712539673,0
5,Argentina_DUP1_farm17_field174_soybean_2020,Argentina|DUP1|farm17,Argentina|soybean,3.6182780265808105,3.607817788828474,3.414402996084373,2.228123712539673,0
5,Argentina_DUP1_farm17_field175_soybean_2021,Argentina|DUP1|farm17,Argentina|soybean,4.791706562042236,3.583498950895718,3.414402996084373,2.228123712539673,0
5,Argentina_DUP1_farm17_field176_soybean_2021,Argentina|DUP1|farm17,Argentina|soybean,5.822430610656738,4.059155664186326,3.414402996084373,2.228123712539673,0
5,Argentina_DUP1_farm17_field177_soybean_2019,Argentina|DUP1|farm17,Argentina|soybean,5.033425807952881,3.684153046922798,3.414402996084373,2.228123712539673,0
5,Argentina_DUP1_farm17_field178_soybean_2020,Argentina|DUP1|farm17,Argentina|soybean,3.3274824619293213,2.833810024789121,3.414402996084373,2.228123712539673,0
5,Argentina_DUP1_farm17_field179_soybean_2020,Argentina|DUP1|farm17,Argentina|soybean,3.779550552368164,3.3181961874758152,3.414402996084373,2.228123712539673,0
5,Argentina_DUP1_farm17_field180_soybean_2020,Argentina|DUP1|farm17,Argentina|soybean,3.387726068496704,3.255247867723961,3.414402996084373,2.228123712539673,0
5,Argentina_DUP1_farm17_field181_soybean_2020,Argentina|DUP1|farm17,Argentina|soybean,3.610352039337158,3.088643930423644,3.414402996084373,2.228123712539673,0
5,Argentina_DUP1_farm17_field182_soybean_2019,Argentina|DUP1|farm17,Argentina|soybean,4.038310527801514,4.074420179695338,3.414402996084373,2.228123712539673,0
5,Argentina_DUP1_farm17_field183_soybean_2021,Argentina|DUP1|farm17,Argentina|soybean,2.280846118927002,3.752937645851861,3.414402996084373,2.228123712539673,0
5,Argentina_DUP1_farm17_field186_soybean_2019,Argentina|DUP1|farm17,Argentina|soybean,4.064451217651367,3.6700904789320634,3.414402996084373,2.228123712539673,0
5,Argentina_DUP1_farm17_field188_soybean_2021,Argentina|DUP1|farm17,Argentina|soybean,2.6040573120117188,3.3757225335656607,3.414402996084373,2.228123712539673,0
5,Argentina_DUP1_farm17_field189_soybean_2021,Argentina|DUP1|farm17,Argentina|soybean,1.8797327280044556,3.90648229615848,3.414402996084373,2.228123712539673,1
5,Argentina_DUP1_farm17_field190_soybean_2021,Argentina|DUP1|farm17,Argentina|soybean,4.151993751525879,3.976262317447441,3.414402996084373,2.228123712539673,0
5,Argentina_DUP1_farm17_field191_soybean_2019,Argentina|DUP1|farm17,Argentina|soybean,4.892439842224121,3.958805242276803,3.414402996084373,2.228123712539673,0
5,Argentina_DUP1_farm23_field218_soybean_2019,Argentina|DUP1|farm23,Argentina|soybean,2.855816602706909,4.107489188830064,3.414402996084373,2.228123712539673,0
5,Argentina_DUP1_farm23_field219_soybean_2021,Argentina|DUP1|farm23,Argentina|soybean,2.836655616760254,3.3277981917931454,3.414402996084373,2.228123712539673,0
5,Argentina_DUP1_farm23_field220_soybean_2021,Argentina|DUP1|farm23,Argentina|soybean,2.2235465049743652,2.8541740997198617,3.414402996084373,2.228123712539673,1
5,Argentina_DUP1_farm23_field221_soybean_2021,Argentina|DUP1|farm23,Argentina|soybean,1.5683501958847046,2.941415148701654,3.414402996084373,2.228123712539673,1
5,Argentina_DUP1_farm23_field223_soybean_2021,Argentina|DUP1|farm23,Argentina|soybean,2.0238845348358154,2.939293066486098,3.414402996084373,2.228123712539673,1
5,Argentina_DUP1_farm23_field226_soybean_2020,Argentina|DUP1|farm23,Argentina|soybean,5.4216694831848145,4.194287343038733,3.414402996084373,2.228123712539673,0
5,Argentina_DUP1_farm23_field227_soybean_2020,Argentina|DUP1|farm23,Argentina|soybean,5.348356246948242,4.19053249691631,3.414402996084373,2.228123712539673,0
5,Argentina_DUP1_farm23_field229_soybean_2020,Argentina|DUP1|farm23,Argentina|soybean,3.1852056980133057,4.343087959151749,3.414402996084373,2.228123712539673,0
5,Argentina_DUP1_farm23_field230_soybean_2021,Argentina|DUP1|farm23,Argentina|soybean,2.5585973262786865,3.6760987766682245,3.414402996084373,2.228123712539673,0
5,Argentina_DUP1_farm23_field231_soybean_2021,Argentina|DUP1|farm23,Argentina|soybean,4.768322944641113,3.131760943954454,3.414402996084373,2.228123712539673,0
5,Argentina_DUP1_farm23_field232_soybean_2021,Argentina|DUP1|farm23,Argentina|soybean,3.2896652221679688,4.022710378678547,3.414402996084373,2.228123712539673,0
5,Argentina_DUP1_farm23_field233_soybean_2019,Argentina|DUP1|farm23,Argentina|soybean,3.784775495529175,3.571771425520365,3.414402996084373,2.228123712539673,0
5,Argentina_DUP1_farm24_field236_wheat_2021,Argentina|DUP1|farm24,Argentina|wheat,5.736676216125488,6.222616299104952,4.954241918078784,2.448488759994507,0
5,Argentina_DUP1_farm24_field237_wheat_2021,Argentina|DUP1|farm24,Argentina|wheat,5.650633335113525,6.611658086130354,4.954241918078784,2.448488759994507,0
5,Argentina_DUP1_farm24_field238_corn_2021,Argentina|DUP1|farm24,Argentina|corn,9.808682441711426,7.418974097781052,9.124821626663207,6.925798225402832,0
5,Argentina_DUP1_farm24_field239_corn_2021,Argentina|DUP1|farm24,Argentina|corn,7.687638759613037,7.30918802817224,9.124821626663207,6.925798225402832,0
5,Argentina_DUP1_farm33_field342_wheat_2021,Argentina|DUP1|farm33,Argentina|wheat,5.0389323234558105,6.148064848481677,4.954241918078784,2.448488759994507,0
5,Argentina_DUP1_farm41_field432_corn_2022,Argentina|DUP1|farm41,Argentina|corn,4.793820381164551,4.148713422917384,9.124821626663207,6.925798225402832,1
5,Argentina_DUP1_farm44_field444_soybean_2021,Argentina|DUP1|farm44,Argentina|soybean,4.318761825561523,2.8349501490865836,3.414402996084373,2.228123712539673,0
5,Argentina_DUP1_farm44_field445_soybean_2018,Argentina|DUP1|farm44,Argentina|soybean,3.972003698348999,4.052491010289441,3.414402996084373,2.228123712539673,0
5,Argentina_DUP1_farm44_field446_soybean_2020,Argentina|DUP1|farm44,Argentina|soybean,4.603033542633057,3.5277854900382164,3.414402996084373,2.228123712539673,0
5,Argentina_DUP1_farm44_field449_wheat_2018,Argentina|DUP1|farm44,Argentina|wheat,3.2202141284942627,3.537635231028258,4.954241918078784,2.448488759994507,0
5,Argentina_DUP1_farm44_field450_corn_2021,Argentina|DUP1|farm44,Argentina|corn,7.9806389808654785,7.031877584756354,9.124821626663207,6.925798225402832,0
5,Argentina_DUP1_farm44_field451_soybean_2021,Argentina|DUP1|farm44,Argentina|soybean,2.909590482711792,3.6152835983154383,3.414402996084373,2.228123712539673,0
5,Argentina_DUP1_farm44_field452_soybean_2020,Argentina|DUP1|farm44,Argentina|soybean,3.424290418624878,3.896540318165524,3.414402996084373,2.228123712539673,0
5,Argentina_DUP1_farm44_field454_wheat_2018,Argentina|DUP1|farm44,Argentina|wheat,4.5543060302734375,3.2560638715333576,4.954241918078784,2.448488759994507,0
5,Argentina_DUP1_farm44_field455_soybean_2019,Argentina|DUP1|farm44,Argentina|soybean,4.69218635559082,4.3831804695515055,3.414402996084373,2.228123712539673,0
5,Argentina_DUP1_farm44_field456_soybean_2021,Argentina|DUP1|farm44,Argentina|soybean,3.061272144317627,2.4017010141286086,3.414402996084373,2.228123712539673,0
5,Argentina_DUP1_farm44_field457_wheat_2021,Argentina|DUP1|farm44,Argentina|wheat,2.371809244155884,1.6569923962858697,4.954241918078784,2.448488759994507,1
5,Argentina_DUP1_farm44_field459_wheat_2021,Argentina|DUP1|farm44,Argentina|wheat,2.128990888595581,2.6706656976742806,4.954241918078784,2.448488759994507,1
5,Argentina_DUP1_farm44_field461_wheat_2021,Argentina|DUP1|farm44,Argentina|wheat,3.349882125854492,1.5656524826456457,4.954241918078784,2.448488759994507,0
5,Argentina_DUP1_farm44_field462_soybean_2020,Argentina|DUP1|farm44,Argentina|soybean,4.6820969581604,4.325854668344114,3.414402996084373,2.228123712539673,0
5,Argentina_DUP1_farm44_field463_soybean_2019,Argentina|DUP1|farm44,Argentina|soybean,4.202212333679199,4.526085281834748,3.414402996084373,2.228123712539673,0
5,Argentina_DUP1_farm44_field464_soybean_2020,Argentina|DUP1|farm44,Argentina|soybean,5.097507476806641,3.0536488303486307,3.414402996084373,2.228123712539673,0
5,Argentina_DUP1_farm44_field468_wheat_2021,Argentina|DUP1|farm44,Argentina|wheat,2.342705488204956,3.2343826001300737,4.954241918078784,2.448488759994507,1
5,Argentina_DUP1_farm44_field469_soybean_2019,Argentina|DUP1|farm44,Argentina|soybean,4.797499656677246,4.460203850040834,3.414402996084373,2.228123712539673,0
5,Argentina_DUP1_farm44_field470_soybean_2019,Argentina|DUP1|farm44,Argentina|soybean,4.156064033508301,4.374960236622534,3.414402996084373,2.228123712539673,0
5,Argentina_DUP1_farm44_field472_soybean_2019,Argentina|DUP1|farm44,Argentina|soybean,4.043828010559082,4.358753557537663,3.414402996084373,2.228123712539673,0
5,Argentina_DUP1_farm44_field473_corn_2021,Argentina|DUP1|farm44,Argentina|corn,11.483881950378418,7.313428078539409,9.124821626663207,6.925798225402832,0
5,Argentina_DUP1_farm44_field475_wheat_2020,Argentina|DUP1|farm44,Argentina|wheat,3.583540916442871,3.171374877913352,4.954241918078784,2.448488759994507,0
5,Argentina_DUP1_farm44_field477_soybean_2020,Argentina|DUP1|farm44,Argentina|soybean,4.168554306030273,2.909169659660763,3.414402996084373,2.228123712539673,0
5,Argentina_DUP1_farm44_field478_soybean_2021,Argentina|DUP1|farm44,Argentina|soybean,3.9368700981140137,3.5657489040697437,3.414402996084373,2.228123712539673,0
5,Argentina_DUP1_farm44_field479_wheat_2018,Argentina|DUP1|farm44,Argentina|wheat,1.2317588329315186,2.9578641708485147,4.954241918078784,2.448488759994507,1
5,Argentina_DUP1_farm44_field480_wheat_2020,Argentina|DUP1|farm44,Argentina|wheat,0.7828608155250549,2.0817696089051783,4.954241918078784,2.448488759994507,1
5,Argentina_DUP1_farm44_field481_soybean_2019,Argentina|DUP1|farm44,Argentina|soybean,4.2340006828308105,4.618827848262464,3.414402996084373,2.228123712539673,0
5,Argentina_DUP1_farm44_field483_wheat_2021,Argentina|DUP1|farm44,Argentina|wheat,2.6724796295166016,1.796782416883818,4.954241918078784,2.448488759994507,0
5,Argentina_DUP1_farm44_field484_soybean_2018,Argentina|DUP1|farm44,Argentina|soybean,4.172374248504639,2.9310775161191676,3.414402996084373,2.228123712539673,0
5,Argentina_DUP1_farm44_field485_soybean_2021,Argentina|DUP1|farm44,Argentina|soybean,3.059870481491089,3.9375733226327037,3.414402996084373,2.228123712539673,0
5,Argentina_DUP1_farm44_field486_soybean_2021,Argentina|DUP1|farm44,Argentina|soybean,3.377847909927368,3.24561511622713,3.414402996084373,2.228123712539673,0
5,Argentina_DUP1_farm44_field487_soybean_2021,Argentina|DUP1|farm44,Argentina|soybean,2.9008476734161377,2.195744815641799,3.414402996084373,2.228123712539673,0
5,Argentina_DUP1_farm44_field488_soybean_2018,Argentina|DUP1|farm44,Argentina|soybean,3.0399794578552246,3.7734621515700533,3.414402996084373,2.228123712539673,0
5,Argentina_DUP1_farm44_field489_wheat_2020,Argentina|DUP1|farm44,Argentina|wheat,0.8494667410850525,2.812719229733877,4.954241918078784,2.448488759994507,1
5,Argentina_DUP1_farm44_field490_soybean_2021,Argentina|DUP1|farm44,Argentina|soybean,5.276296138763428,2.1879985784074356,3.414402996084373,2.228123712539673,0
5,Argentina_DUP1_farm44_field491_soybean_2018,Argentina|DUP1|farm44,Argentina|soybean,3.4587996006011963,3.851816287230147,3.414402996084373,2.228123712539673,0
5,Argentina_DUP1_farm44_field492_wheat_2021,Argentina|DUP1|farm44,Argentina|wheat,3.9170706272125244,3.1555346411715557,4.954241918078784,2.448488759994507,0
5,Argentina_DUP1_farm44_field493_wheat_2021,Argentina|DUP1|farm44,Argentina|wheat,4.1610283851623535,2.0779585271943377,4.954241918078784,2.448488759994507,0
5,Argentina_DUP1_farm44_field496_soybean_2021,Argentina|DUP1|farm44,Argentina|soybean,1.9881240129470825,3.427003862384992,3.414402996084373,2.228123712539673,1
5,Argentina_DUP1_farm44_field497_soybean_2020,Argentina|DUP1|farm44,Argentina|soybean,3.1763975620269775,2.8710959106091702,3.414402996084373,2.228123712539673,0
5,Argentina_DUP1_farm44_field500_soybean_2020,Argentina|DUP1|farm44,Argentina|soybean,3.447204351425171,4.348841064760682,3.414402996084373,2.228123712539673,0
5,Argentina_DUP1_farm44_field501_wheat_2020,Argentina|DUP1|farm44,Argentina|wheat,1.950482964515686,2.3113799758379763,4.954241918078784,2.448488759994507,1
5,Argentina_DUP1_farm44_field502_soybean_2019,Argentina|DUP1|farm44,Argentina|soybean,3.5367519855499268,3.662462322794355,3.414402996084373,2.228123712539673,0
5,Argentina_DUP1_farm44_field503_soybean_2018,Argentina|DUP1|farm44,Argentina|soybean,3.670666217803955,2.9615689957496905,3.414402996084373,2.228123712539673,0
5,Argentina_DUP1_farm44_field504_soybean_2019,Argentina|DUP1|farm44,Argentina|soybean,4.64241361618042,4.32618003991193,3.414402996084373,2.228123712539673,0
5,Argentina_DUP1_farm44_field505_soybean_2021,Argentina|DUP1|farm44,Argentina|soybean,3.1494650840759277,2.606924936572173,3.414402996084373,2.228123712539673,0
5,Argentina_DUP1_farm44_field506_soybean_2021,Argentina|DUP1|farm44,Argentina|soybean,2.557133436203003,2.12352089031879,3.414402996084373,2.228123712539673,0
5,Argentina_DUP1_farm44_field507_soybean_2021,Argentina|DUP1|farm44,Argentina|soybean,3.5527827739715576,2.4713002498915237,3.414402996084373,2.228123712539673,0
5,Argentina_DUP1_farm44_field508_soybean_2019,Argentina|DUP1|farm44,Argentina|soybean,3.796565532684326,4.150045737072046,3.414402996084373,2.228123712539673,0
5,Argentina_DUP1_farm44_field510_soybean_2019,Argentina|DUP1|farm44,Argentina|soybean,3.9510750770568848,4.174954884315959,3.414402996084373,2.228123712539673,0
5,Argentina_DUP1_farm44_field512_soybean_2018,Argentina|DUP1|farm44,Argentina|soybean,2.2893216609954834,2.0370951946314175,3.414402996084373,2.228123712539673,0
5,Argentina_DUP1_farm44_field513_soybean_2020,Argentina|DUP1|farm44,Argentina|soybean,4.082491397857666,3.166504541916852,3.414402996084373,2.228123712539673,0
5,Argentina_DUP1_farm44_field515_soybean_2018,Argentina|DUP1|farm44,Argentina|soybean,3.6586174964904785,3.1826253569712843,3.414402996084373,2.228123712539673,0
5,Argentina_DUP1_farm44_field516_wheat_2020,Argentina|DUP1|farm44,Argentina|wheat,5.224541664123535,3.0366052738828895,4.954241918078784,2.448488759994507,0
5,Argentina_DUP1_farm44_field517_soybean_2020,Argentina|DUP1|farm44,Argentina|soybean,4.832461357116699,3.7486338675274222,3.414402996084373,2.228123712539673,0
5,Argentina_DUP1_farm44_field518_soybean_2020,Argentina|DUP1|farm44,Argentina|soybean,2.855581045150757,2.922631423940155,3.414402996084373,2.228123712539673,0
5,Argentina_DUP1_farm44_field519_soybean_2020,Argentina|DUP1|farm44,Argentina|soybean,3.964035749435425,2.822162402972328,3.414402996084373,2.228123712539673,0
5,Argentina_DUP1_farm44_field520_soybean_2018,Argentina|DUP1|farm44,Argentina|soybean,3.189197540283203,2.397528833537016,3.414402996084373,2.228123712539673,0
5,Argentina_DUP1_farm44_field522_corn_2018,Argentina|DUP1|farm44,Argentina|corn,5.7757673263549805,8.14182136442366,9.124821626663207,6.925798225402832,1
5,Argentina_DUP1_farm44_field524_wheat_2020,Argentina|DUP1|farm44,Argentina|wheat,2.7164113521575928,4.011285898877584,4.954241918078784,2.448488759994507,0
5,Argentina_DUP1_farm44_field525_wheat_2020,Argentina|DUP1|farm44,Argentina|wheat,1.486464262008667,2.0627668581233665,4.954241918078784,2.448488759994507,1
5,Argentina_DUP1_farm44_field526_wheat_2021,Argentina|DUP1|farm44,Argentina|wheat,1.4923816919326782,3.23274841567943,4.954241918078784,2.448488759994507,1
5,Argentina_DUP1_farm44_field527_soybean_2021,Argentina|DUP1|farm44,Argentina|soybean,3.105116128921509,2.4388976400801488,3.414402996084373,2.228123712539673,0
5,Argentina_DUP1_farm44_field528_soybean_2018,Argentina|DUP1|farm44,Argentina|soybean,3.4626564979553223,3.1144913511278025,3.414402996084373,2.228123712539673,0
5,Argentina_DUP1_farm44_field529_corn_2020,Argentina|DUP1|farm44,Argentina|corn,6.867866039276123,10.36284333555884,9.124821626663207,6.925798225402832,1
5,Argentina_DUP1_farm44_field530_wheat_2021,Argentina|DUP1|farm44,Argentina|wheat,2.8130476474761963,3.11762500403563,4.954241918078784,2.448488759994507,0
5,Argentina_DUP1_farm44_field531_wheat_2021,Argentina|DUP1|farm44,Argentina|wheat,4.1087965965271,2.5524670384633903,4.954241918078784,2.448488759994507,0
5,Argentina_DUP1_farm44_field533_soybean_2020,Argentina|DUP1|farm44,Argentina|soybean,3.786871910095215,4.029427416538141,3.414402996084373,2.228123712539673,0
5,Argentina_DUP1_farm44_field534_wheat_2021,Argentina|DUP1|farm44,Argentina|wheat,2.642627716064453,3.058885770965682,4.954241918078784,2.448488759994507,0
5,Argentina_DUP1_farm44_field535_wheat_2020,Argentina|DUP1|farm44,Argentina|wheat,1.0537830591201782,4.109100601043682,4.954241918078784,2.448488759994507,1
5,Argentina_DUP1_farm44_field536_soybean_2019,Argentina|DUP1|farm44,Argentina|soybean,4.50089168548584,3.793733797372375,3.414402996084373,2.228123712539673,0
5,Argentina_DUP1_farm44_field537_soybean_2021,Argentina|DUP1|farm44,Argentina|soybean,2.960891008377075,3.4549709126900994,3.414402996084373,2.228123712539673,0
5,Argentina_DUP1_farm44_field538_wheat_2018,Argentina|DUP1|farm44,Argentina|wheat,3.266632556915283,3.6202714653003056,4.954241918078784,2.448488759994507,0
5,Argentina_DUP1_farm44_field539_soybean_2020,Argentina|DUP1|farm44,Argentina|soybean,2.537492513656616,2.8876337549429705,3.414402996084373,2.228123712539673,0
5,Argentina_DUP1_farm44_field540_wheat_2021,Argentina|DUP1|farm44,Argentina|wheat,3.4974591732025146,2.711155121157903,4.954241918078784,2.448488759994507,0
5,Argentina_DUP1_farm44_field541_soybean_2019,Argentina|DUP1|farm44,Argentina|soybean,3.032177209854126,4.454019787279886,3.414402996084373,2.228123712539673,0
5,Argentina_DUP1_farm44_field542_soybean_2021,Argentina|DUP1|farm44,Argentina|soybean,2.376070499420166,1.7886463497535687,3.414402996084373,2.228123712539673,0
5,Argentina_DUP1_farm44_field543_soybean_2020,Argentina|DUP1|farm44,Argentina|soybean,3.5159718990325928,4.023324066146922,3.414402996084373,2.228123712539673,0
5,Argentina_DUP1_farm44_field544_soybean_2020,Argentina|DUP1|farm44,Argentina|soybean,4.7853193283081055,4.360796059427916,3.414402996084373,2.228123712539673,0
5,Argentina_DUP1_farm44_field546_wheat_2021,Argentina|DUP1|farm44,Argentina|wheat,2.527094841003418,2.0274616626997966,4.954241918078784,2.448488759994507,0
5,Argentina_DUP1_farm44_field547_soybean_2018,Argentina|DUP1|farm44,Argentina|soybean,2.847217559814453,2.3933878417992025,3.414402996084373,2.228123712539673,0
5,Argentina_DUP1_farm44_field548_corn_2021,Argentina|DUP1|farm44,Argentina|corn,8.205018043518066,10.053353162773039,9.124821626663207,6.925798225402832,0
5,Argentina_DUP1_farm44_field549_soybean_2019,Argentina|DUP1|farm44,Argentina|soybean,4.364538669586182,4.2319221238941935,3.414402996084373,2.228123712539673,0
5,Argentina_DUP1_farm44_field550_wheat_2018,Argentina|DUP1|farm44,Argentina|wheat,2.441652774810791,3.924250872970326,4.954241918078784,2.448488759994507,1
5,Argentina_DUP1_farm44_field551_wheat_2021,Argentina|DUP1|farm44,Argentina|wheat,3.9974985122680664,4.364541678497291,4.954241918078784,2.448488759994507,0
5,Argentina_DUP1_farm44_field552_soybean_2021,Argentina|DUP1|farm44,Argentina|soybean,2.2943174839019775,2.249672537682407,3.414402996084373,2.228123712539673,0
5,Argentina_DUP1_farm44_field553_corn_2021,Argentina|DUP1|farm44,Argentina|corn,3.8983561992645264,6.119103856366821,9.124821626663207,6.925798225402832,1
5,Argentina_DUP1_farm44_field554_corn_2020,Argentina|DUP1|farm44,Argentina|corn,2.801468849182129,7.289736718208178,9.124821626663207,6.925798225402832,1
5,Argentina_DUP1_farm44_field555_wheat_2018,Argentina|DUP1|farm44,Argentina|wheat,2.957179546356201,3.6614817258955528,4.954241918078784,2.448488759994507,0
5,Argentina_DUP1_farm44_field556_soybean_2020,Argentina|DUP1|farm44,Argentina|soybean,3.1433236598968506,3.8724568531414123,3.414402996084373,2.228123712539673,0
5,Argentina_DUP1_farm44_field557_corn_2018,Argentina|DUP1|farm44,Argentina|corn,4.47698974609375,6.06961138365768,9.124821626663207,6.925798225402832,1
5,Argentina_DUP1_farm44_field559_wheat_2021,Argentina|DUP1|farm44,Argentina|wheat,2.9885051250457764,2.5943575979684157,4.954241918078784,2.448488759994507,0
5,Argentina_DUP1_farm44_field560_wheat_2018,Argentina|DUP1|farm44,Argentina|wheat,3.316664218902588,3.458332795696532,4.954241918078784,2.448488759994507,0
5,Argentina_DUP1_farm44_field561_soybean_2021,Argentina|DUP1|farm44,Argentina|soybean,1.6891742944717407,1.9859482028225754,3.414402996084373,2.228123712539673,1
5,Argentina_DUP1_farm44_field562_soybean_2018,Argentina|DUP1|farm44,Argentina|soybean,2.408052921295166,1.7470731878677488,3.414402996084373,2.228123712539673,0
5,Argentina_DUP1_farm44_field563_wheat_2020,Argentina|DUP1|farm44,Argentina|wheat,1.651275634765625,2.0848886868287826,4.954241918078784,2.448488759994507,1
5,Argentina_DUP1_farm44_field564_wheat_2020,Argentina|DUP1|farm44,Argentina|wheat,6.9663615226745605,3.552791897504184,4.954241918078784,2.448488759994507,0
5,Argentina_DUP1_farm44_field567_soybean_2019,Argentina|DUP1|farm44,Argentina|soybean,4.319566249847412,3.3026126859878078,3.414402996084373,2.228123712539673,0
5,Argentina_DUP1_farm44_field568_wheat_2020,Argentina|DUP1|farm44,Argentina|wheat,2.18510365486145,3.2431053771378378,4.954241918078784,2.448488759994507,1
5,Argentina_DUP1_farm44_field569_corn_2019,Argentina|DUP1|farm44,Argentina|corn,11.599839210510254,10.49031918683206,9.124821626663207,6.925798225402832,0
5,Argentina_DUP1_farm44_field570_corn_2018,Argentina|DUP1|farm44,Argentina|corn,6.332360744476318,8.328526879151827,9.124821626663207,6.925798225402832,1
5,Argentina_DUP1_farm44_field571_soybean_2019,Argentina|DUP1|farm44,Argentina|soybean,2.877171039581299,4.364609154868151,3.414402996084373,2.228123712539673,0
5,Argentina_DUP1_farm46_field655_corn_2021,Argentina|DUP1|farm46,Argentina|corn,14.473533630371094,9.535173344969563,9.124821626663207,6.925798225402832,0
5,Argentina_DUP1_farm46_field656_soybean_2022,Argentina|DUP1|farm46,Argentina|soybean,4.665699481964111,4.273467229785327,3.414402996084373,2.228123712539673,0
5,Argentina_DUP1_farm49_field659_corn_2020,Argentina|DUP1|farm49,Argentina|corn,10.462861061096191,8.708963867908887,9.124821626663207,6.925798225402832,0
5,Argentina_DUP1_farm49_field661_soybean_2021,Argentina|DUP1|farm49,Argentina|soybean,5.219106674194336,4.007927101786674,3.414402996084373,2.228123712539673,0
5,Argentina_DUP1_farm49_field662_corn_2022,Argentina|DUP1|farm49,Argentina|corn,7.524405479431152,9.484012608707271,9.124821626663207,6.925798225402832,0
5,Argentina_DUP1_farm49_field663_corn_2022,Argentina|DUP1|farm49,Argentina|corn,9.237224578857422,9.846579594311855,9.124821626663207,6.925798225402832,0
5,Argentina_DUP1_farm49_field664_soybean_2023,Argentina|DUP1|farm49,Argentina|soybean,0.9269083738327026,1.9946398136497272,3.414402996084373,2.228123712539673,1
5,Argentina_DUP1_farm4_field55_corn_2023,Argentina|DUP1|farm4,Argentina|corn,3.940455675125122,5.884216774122929,9.124821626663207,6.925798225402832,1
5,Argentina_DUP1_farm52_field686_soybean_2020,Argentina|DUP1|farm52,Argentina|soybean,2.813114643096924,3.5900535288492046,3.414402996084373,2.228123712539673,0
5,Argentina_DUP1_farm52_field687_soybean_2020,Argentina|DUP1|farm52,Argentina|soybean,2.688811779022217,3.4382135770119375,3.414402996084373,2.228123712539673,0
5,Argentina_DUP1_farm52_field688_soybean_2020,Argentina|DUP1|farm52,Argentina|soybean,3.2182223796844482,4.052780818816397,3.414402996084373,2.228123712539673,0
5,Argentina_DUP1_farm52_field689_soybean_2020,Argentina|DUP1|farm52,Argentina|soybean,2.933406352996826,3.895161283646777,3.414402996084373,2.228123712539673,0
5,Argentina_DUP1_farm52_field691_soybean_2020,Argentina|DUP1|farm52,Argentina|soybean,2.4716007709503174,3.733413958024882,3.414402996084373,2.228123712539673,0
5,Argentina_DUP1_farm52_field692_soybean_2020,Argentina|DUP1|farm52,Argentina|soybean,3.96347975730896,3.6861455875239524,3.414402996084373,2.228123712539673,0
5,Argentina_DUP1_farm52_field693_soybean_2022,Argentina|DUP1|farm52,Argentina|soybean,5.28792667388916,3.8579230656220425,3.414402996084373,2.228123712539673,0
5,Argentina_DUP1_farm52_field695_soybean_2022,Argentina|DUP1|farm52,Argentina|soybean,5.256494998931885,3.9026134970732516,3.414402996084373,2.228123712539673,0
5,Argentina_DUP1_farm52_field696_soybean_2022,Argentina|DUP1|farm52,Argentina|soybean,5.6151957511901855,4.35399133433658,3.414402996084373,2.228123712539673,0
5,Argentina_DUP1_farm52_field697_soybean_2022,Argentina|DUP1|farm52,Argentina|soybean,4.865903377532959,4.153507310681518,3.414402996084373,2.228123712539673,0
5,Argentina_DUP1_farm52_field698_soybean_2022,Argentina|DUP1|farm52,Argentina|soybean,4.746811866760254,4.083543353287402,3.414402996084373,2.228123712539673,0
5,Argentina_DUP1_farm52_field699_soybean_2022,Argentina|DUP1|farm52,Argentina|soybean,6.131265163421631,4.226710262167928,3.414402996084373,2.228123712539673,0
5,Argentina_DUP1_farm52_field700_soybean_2022,Argentina|DUP1|farm52,Argentina|soybean,6.117766857147217,4.310710020139142,3.414402996084373,2.228123712539673,0
5,Argentina_DUP1_farm52_field701_soybean_2022,Argentina|DUP1|farm52,Argentina|soybean,5.706071376800537,4.228877437176415,3.414402996084373,2.228123712539673,0
5,Argentina_DUP1_farm52_field702_soybean_2022,Argentina|DUP1|farm52,Argentina|soybean,5.583632469177246,4.064201607177446,3.414402996084373,2.228123712539673,0
5,Argentina_DUP1_farm52_field703_soybean_2022,Argentina|DUP1|farm52,Argentina|soybean,5.420976638793945,4.09572179995406,3.414402996084373,2.228123712539673,0
5,Argentina_DUP1_farm52_field704_soybean_2020,Argentina|DUP1|farm52,Argentina|soybean,2.9498746395111084,3.1667489810516094,3.414402996084373,2.228123712539673,0
5,Argentina_DUP1_farm52_field706_soybean_2022,Argentina|DUP1|farm52,Argentina|soybean,5.757415771484375,4.14120673473322,3.414402996084373,2.228123712539673,0
5,Argentina_DUP1_farm52_field707_soybean_2022,Argentina|DUP1|farm52,Argentina|soybean,5.770185470581055,4.166371532346804,3.414402996084373,2.228123712539673,0
5,Argentina_DUP1_farm52_field708_soybean_2020,Argentina|DUP1|farm52,Argentina|soybean,3.36759614944458,3.974089960170586,3.414402996084373,2.228123712539673,0
5,Argentina_DUP1_farm52_field709_soybean_2020,Argentina|DUP1|farm52,Argentina|soybean,2.6702709197998047,3.333756240560833,3.414402996084373,2.228123712539673,0
5,Argentina_DUP1_farm52_field710_soybean_2020,Argentina|DUP1|farm52,Argentina|soybean,2.7086095809936523,3.678267292028123,3.414402996084373,2.228123712539673,0
5,Argentina_DUP1_farm52_field711_soybean_2021,Argentina|DUP1|farm52,Argentina|soybean,3.904634952545166,3.0995507043293036,3.414402996084373,2.228123712539673,0
5,Argentina_DUP1_farm52_field714_soybean_2021,Argentina|DUP1|farm52,Argentina|soybean,2.7373156547546387,3.4638869284149187,3.414402996084373,2.228123712539673,0
5,Argentina_DUP1_farm52_field715_soybean_2021,Argentina|DUP1|farm52,Argentina|soybean,2.6474688053131104,3.4880835725874277,3.414402996084373,2.228123712539673,0
5,Argentina_DUP1_farm52_field716_soybean_2021,Argentina|DUP1|farm52,Argentina|soybean,3.6597132682800293,3.5255918943423956,3.414402996084373,2.228123712539673,0
5,Argentina_DUP1_farm52_field717_soybean_2021,Argentina|DUP1|farm52,Argentina|soybean,4.156802654266357,3.364955051324911,3.414402996084373,2.228123712539673,0
5,Argentina_DUP1_farm52_field718_soybean_2021,Argentina|DUP1|farm52,Argentina|soybean,3.7585549354553223,2.7677157169978317,3.414402996084373,2.228123712539673,0
5,Argentina_DUP1_farm52_field719_soybean_2021,Argentina|DUP1|farm52,Argentina|soybean,4.47911262512207,3.348989181357404,3.414402996084373,2.228123712539673,0
5,Argentina_DUP1_farm52_field720_soybean_2021,Argentina|DUP1|farm52,Argentina|soybean,4.659884452819824,3.817973573095154,3.414402996084373,2.228123712539673,0
5,Argentina_DUP1_farm52_field721_soybean_2021,Argentina|DUP1|farm52,Argentina|soybean,3.798582077026367,2.602659453629596,3.414402996084373,2.228123712539673,0
5,Argentina_DUP1_farm52_field722_soybean_2021,Argentina|DUP1|farm52,Argentina|soybean,3.716474771499634,3.709669784537696,3.414402996084373,2.228123712539673,0
5,Argentina_DUP1_farm52_field723_soybean_2021,Argentina|DUP1|farm52,Argentina|soybean,4.393221855163574,3.7938740336987458,3.414402996084373,2.228123712539673,0
5,Argentina_DUP1_farm52_field724_soybean_2021,Argentina|DUP1|farm52,Argentina|soybean,1.9303430318832397,2.553882812238026,3.414402996084373,2.228123712539673,1
5,Argentina_DUP1_farm52_field725_soybean_2021,Argentina|DUP1|farm52,Argentina|soybean,4.425559997558594,3.6025854451017154,3.414402996084373,2.228123712539673,0
5,Argentina_DUP1_farm52_field726_soybean_2021,Argentina|DUP1|farm52,Argentina|soybean,3.026249647140503,3.4560157298125844,3.414402996084373,2.228123712539673,0
5,Argentina_DUP1_farm52_field727_soybean_2021,Argentina|DUP1|farm52,Argentina|soybean,3.8810455799102783,3.35253013479322,3.414402996084373,2.228123712539673,0
5,Argentina_DUP1_farm52_field728_soybean_2021,Argentina|DUP1|farm52,Argentina|soybean,1.9181702136993408,2.9478561225524706,3.414402996084373,2.228123712539673,1
5,Argentina_DUP1_farm55_field745_soybean_2023,Argentina|DUP1|farm55,Argentina|soybean,2.4323980808258057,2.424162868838627,3.414402996084373,2.228123712539673,0
5,Argentina_DUP1_farm55_field746_corn_2023,Argentina|DUP1|farm55,Argentina|corn,4.4226226806640625,6.778040726226225,9.124821626663207,6.925798225402832,1
5,Argentina_DUP1_farm55_field747_corn_2023,Argentina|DUP1|farm55,Argentina|corn,6.004730701446533,6.952939732078896,9.124821626663207,6.925798225402832,1
5,Argentina_DUP1_farm6_field68_soybean_2023,Argentina|DUP1|farm6,Argentina|soybean,2.489698886871338,2.598314450570247,3.414402996084373,2.228123712539673,0
5,Argentina_DUP1_farm6_field69_soybean_2023,Argentina|DUP1|farm6,Argentina|soybean,2.7613413333892822,2.324286474309365,3.414402996084373,2.228123712539673,0
5,Argentina_DUP1_farm6_field70_soybean_2023,Argentina|DUP1|farm6,Argentina|soybean,1.9907013177871704,3.4073654731958523,3.414402996084373,2.228123712539673,1
5,Argentina_DUP1_farm6_field71_soybean_2023,Argentina|DUP1|farm6,Argentina|soybean,2.501291036605835,2.5099754693701577,3.414402996084373,2.228123712539673,0
5,Argentina_DUP1_farm6_field74_soybean_2023,Argentina|DUP1|farm6,Argentina|soybean,0.8006961941719055,2.3789213022737883,3.414402996084373,2.228123712539673,1
5,Argentina_DUP1_farm6_field76_soybean_2023,Argentina|DUP1|farm6,Argentina|soybean,1.0755057334899902,1.7904177187188335,3.414402996084373,2.228123712539673,1
5,Argentina_DUP1_farm6_field77_soybean_2023,Argentina|DUP1|farm6,Argentina|soybean,1.5880205631256104,2.2949107154845487,3.414402996084373,2.228123712539673,1
5,Argentina_DUP1_farm6_field78_soybean_2023,Argentina|DUP1|farm6,Argentina|soybean,1.835261583328247,2.243138131488055,3.414402996084373,2.228123712539673,1
5,Argentina_DUP1_farm6_field79_soybean_2023,Argentina|DUP1|farm6,Argentina|soybean,1.123595118522644,2.6827613061430124,3.414402996084373,2.228123712539673,1
5,Argentina_DUP1_farm6_field80_soybean_2023,Argentina|DUP1|farm6,Argentina|soybean,1.5687185525894165,2.4016625373064695,3.414402996084373,2.228123712539673,1
5,Argentina_DUP1_farm6_field81_soybean_2023,Argentina|DUP1|farm6,Argentina|soybean,0.908458948135376,1.87313677283082,3.414402996084373,2.228123712539673,1
5,Argentina_DUP1_farm6_field82_soybean_2023,Argentina|DUP1|farm6,Argentina|soybean,1.542707085609436,2.1341283268506306,3.414402996084373,2.228123712539673,1
5,Argentina_DUP1_farm6_field83_soybean_2023,Argentina|DUP1|farm6,Argentina|soybean,2.4114301204681396,2.5943675779992947,3.414402996084373,2.228123712539673,0
5,Argentina_DUP1_farm6_field84_soybean_2023,Argentina|DUP1|farm6,Argentina|soybean,1.9926917552947998,1.7490404985940002,3.414402996084373,2.228123712539673,1
5,Argentina_DUP1_farm6_field85_soybean_2023,Argentina|DUP1|farm6,Argentina|soybean,1.922368049621582,2.3531315284027086,3.414402996084373,2.228123712539673,1
5,Germany_DUP3_farm3_field221_rapeseed_2018,Germany|DUP3|farm3,Germany|rapeseed,2.895533561706543,4.582028107814022,4.509977206162044,3.4145116806030273,1
5,Germany_DUP3_farm3_field222_rapeseed_2018,Germany|DUP3|farm3,Germany|rapeseed,3.624910593032837,3.962032506764843,4.509977206162044,3.4145116806030273,0
5,Germany_DUP3_farm3_field223_wheat_2018,Germany|DUP3|farm3,Germany|wheat,5.0959086418151855,9.567168163629262,9.814339051580733,8.573097610473633,1
5,Germany_DUP3_farm3_field224_rapeseed_2019,Germany|DUP3|farm3,Germany|rapeseed,2.449544668197632,4.3218709581670804,4.509977206162044,3.4145116806030273,1
5,Germany_DUP3_farm3_field226_rapeseed_2019,Germany|DUP3|farm3,Germany|rapeseed,1.305346965789795,4.421191796692114,4.509977206162044,3.4145116806030273,1
5,Germany_DUP3_farm3_field227_wheat_2019,Germany|DUP3|farm3,Germany|wheat,4.91508674621582,7.9688842715507215,9.814339051580733,8.573097610473633,1
5,Germany_DUP3_farm3_field228_rapeseed_2020,Germany|DUP3|farm3,Germany|rapeseed,4.277958869934082,4.11427734967786,4.509977206162044,3.4145116806030273,0
5,Germany_DUP3_farm3_field229_rapeseed_2020,Germany|DUP3|farm3,Germany|rapeseed,3.156675100326538,3.6632169176305167,4.509977206162044,3.4145116806030273,1
5,Germany_DUP3_farm3_field230_rapeseed_2020,Germany|DUP3|farm3,Germany|rapeseed,3.5180726051330566,3.6242463828037086,4.509977206162044,3.4145116806030273,0
5,Germany_DUP3_farm3_field231_rapeseed_2016,Germany|DUP3|farm3,Germany|rapeseed,3.455552577972412,4.541555854899194,4.509977206162044,3.4145116806030273,0
5,Germany_DUP3_farm3_field232_wheat_2020,Germany|DUP3|farm3,Germany|wheat,6.63178825378418,8.938368602529026,9.814339051580733,8.573097610473633,1
5,Germany_DUP3_farm3_field233_rapeseed_2016,Germany|DUP3|farm3,Germany|rapeseed,2.6336829662323,3.405592983635235,4.509977206162044,3.4145116806030273,1
5,Germany_DUP3_farm3_field234_rapeseed_2016,Germany|DUP3|farm3,Germany|rapeseed,4.021546363830566,4.463591000487854,4.509977206162044,3.4145116806030273,0
5,Germany_DUP3_farm3_field236_rapeseed_2017,Germany|DUP3|farm3,Germany|rapeseed,2.8401525020599365,4.532419032471718,4.509977206162044,3.4145116806030273,1
5,Germany_DUP3_farm3_field237_rapeseed_2017,Germany|DUP3|farm3,Germany|rapeseed,2.280147075653076,4.2581285659917825,4.509977206162044,3.4145116806030273,1
5,Germany_DUP3_farm3_field238_rapeseed_2017,Germany|DUP3|farm3,Germany|rapeseed,1.3418182134628296,3.7527685514546296,4.509977206162044,3.4145116806030273,1
5,Germany_DUP3_farm3_field240_rapeseed_2018,Germany|DUP3|farm3,Germany|rapeseed,3.135594606399536,3.835624685176971,4.509977206162044,3.4145116806030273,1
5,Uruguay_DUP4_farm4_field101_soybean_2021,Uruguay|DUP4|farm4,Uruguay|soybean,1.4951773881912231,2.6181962319561713,2.4118892792911777,1.3525235652923584,0
5,Uruguay_DUP4_farm4_field102_soybean_2021,Uruguay|DUP4|farm4,Uruguay|soybean,1.437415361404419,2.0135980667869227,2.4118892792911777,1.3525235652923584,0
5,Uruguay_DUP4_farm4_field103_soybean_2018,Uruguay|DUP4|farm4,Uruguay|soybean,0.8594005703926086,1.5737888642598006,2.4118892792911777,1.3525235652923584,1
5,Uruguay_DUP4_farm4_field104_soybean_2018,Uruguay|DUP4|farm4,Uruguay|soybean,0.5068167448043823,1.3886583954293739,2.4118892792911777,1.3525235652923584,1
5,Uruguay_DUP4_farm4_field106_soybean_2018,Uruguay|DUP4|farm4,Uruguay|soybean,1.0942317247390747,1.5286204144560842,2.4118892792911777,1.3525235652923584,1
5,Uruguay_DUP4_farm4_field107_soybean_2019,Uruguay|DUP4|farm4,Uruguay|soybean,2.461135149002075,2.313768725868163,2.4118892792911777,1.3525235652923584,0
5,Uruguay_DUP4_farm4_field108_soybean_2018,Uruguay|DUP4|farm4,Uruguay|soybean,1.5913324356079102,1.5127611807639028,2.4118892792911777,1.3525235652923584,0
5,Uruguay_DUP4_farm4_field110_soybean_2018,Uruguay|DUP4|farm4,Uruguay|soybean,1.5798174142837524,1.3146450264697278,2.4118892792911777,1.3525235652923584,0
5,Uruguay_DUP4_farm4_field111_soybean_2019,Uruguay|DUP4|farm4,Uruguay|soybean,1.5436902046203613,2.1399323848423615,2.4118892792911777,1.3525235652923584,0
5,Uruguay_DUP4_farm4_field112_soybean_2018,Uruguay|DUP4|farm4,Uruguay|soybean,1.366152048110962,1.7847035136162686,2.4118892792911777,1.3525235652923584,0
5,Uruguay_DUP4_farm4_field113_soybean_2019,Uruguay|DUP4|farm4,Uruguay|soybean,3.8680670261383057,3.135190194805551,2.4118892792911777,1.3525235652923584,0
5,Uruguay_DUP4_farm4_field114_soybean_2018,Uruguay|DUP4|farm4,Uruguay|soybean,1.6969934701919556,1.451819395626765,2.4118892792911777,1.3525235652923584,0
5,Uruguay_DUP4_farm4_field115_soybean_2019,Uruguay|DUP4|farm4,Uruguay|soybean,3.5226223468780518,3.3543271458066632,2.4118892792911777,1.3525235652923584,0
5,Uruguay_DUP4_farm4_field116_soybean_2018,Uruguay|DUP4|farm4,Uruguay|soybean,1.1032682657241821,1.475054175072707,2.4118892792911777,1.3525235652923584,1
5,Uruguay_DUP4_farm4_field117_soybean_2018,Uruguay|DUP4|farm4,Uruguay|soybean,1.3852356672286987,1.4440027849743187,2.4118892792911777,1.3525235652923584,0
5,Uruguay_DUP4_farm4_field118_soybean_2018,Uruguay|DUP4|farm4,Uruguay|soybean,1.2456755638122559,1.4390380249945234,2.4118892792911777,1.3525235652923584,1
5,Uruguay_DUP4_farm4_field119_soybean_2018,Uruguay|DUP4|farm4,Uruguay|soybean,1.316332459449768,1.4628137597151327,2.4118892792911777,1.3525235652923584,1
5,Uruguay_DUP4_farm4_field120_soybean_2019,Uruguay|DUP4|farm4,Uruguay|soybean,3.1058461666107178,2.595666661033705,2.4118892792911777,1.3525235652923584,0
5,Uruguay_DUP4_farm4_field121_soybean_2018,Uruguay|DUP4|farm4,Uruguay|soybean,0.9711331725120544,1.6148310436885993,2.4118892792911777,1.3525235652923584,1
5,Uruguay_DUP4_farm4_field122_soybean_2019,Uruguay|DUP4|farm4,Uruguay|soybean,2.2885732650756836,2.251213463192599,2.4118892792911777,1.3525235652923584,0
5,Uruguay_DUP4_farm4_field123_soybean_2019,Uruguay|DUP4|farm4,Uruguay|soybean,3.6124894618988037,3.0960038505720577,2.4118892792911777,1.3525235652923584,0
5,Uruguay_DUP4_farm4_field124_soybean_2018,Uruguay|DUP4|farm4,Uruguay|soybean,2.1739346981048584,1.706715498466279,2.4118892792911777,1.3525235652923584,0
5,Uruguay_DUP4_farm4_field126_soybean_2018,Uruguay|DUP4|farm4,Uruguay|soybean,2.0706400871276855,1.7221050167003038,2.4118892792911777,1.3525235652923584,0
5,Uruguay_DUP4_farm4_field127_soybean_2018,Uruguay|DUP4|farm4,Uruguay|soybean,2.17620849609375,1.5725023073499793,2.4118892792911777,1.3525235652923584,0
5,Uruguay_DUP4_farm4_field128_soybean_2018,Uruguay|DUP4|farm4,Uruguay|soybean,1.3835545778274536,1.6769107883100962,2.4118892792911777,1.3525235652923584,0
5,Uruguay_DUP4_farm4_field129_soybean_2019,Uruguay|DUP4|farm4,Uruguay|soybean,4.022403717041016,2.321301757318124,2.4118892792911777,1.3525235652923584,0
5,Uruguay_DUP4_farm4_field130_soybean_2018,Uruguay|DUP4|farm4,Uruguay|soybean,1.2850332260131836,1.5229774570618333,2.4118892792911777,1.3525235652923584,1
5,Uruguay_DUP4_farm4_field131_soybean_2018,Uruguay|DUP4|farm4,Uruguay|soybean,1.9248149394989014,1.5035237451417176,2.4118892792911777,1.3525235652923584,0
5,Uruguay_DUP4_farm4_field132_soybean_2018,Uruguay|DUP4|farm4,Uruguay|soybean,1.5064284801483154,1.30019754310282,2.4118892792911777,1.3525235652923584,0
5,Uruguay_DUP4_farm4_field133_soybean_2019,Uruguay|DUP4|farm4,Uruguay|soybean,2.932626247406006,2.8629483723286016,2.4118892792911777,1.3525235652923584,0
5,Uruguay_DUP4_farm4_field134_soybean_2018,Uruguay|DUP4|farm4,Uruguay|soybean,1.612906575202942,1.5505817723174133,2.4118892792911777,1.3525235652923584,0
5,Uruguay_DUP4_farm4_field135_soybean_2018,Uruguay|DUP4|farm4,Uruguay|soybean,1.0516643524169922,1.4477613308710577,2.4118892792911777,1.3525235652923584,1
5,Uruguay_DUP4_farm4_field136_soybean_2018,Uruguay|DUP4|farm4,Uruguay|soybean,2.0383124351501465,1.5334121570305908,2.4118892792911777,1.3525235652923584,0
5,Uruguay_DUP4_farm4_field137_soybean_2018,Uruguay|DUP4|farm4,Uruguay|soybean,1.997859239578247,1.6343978371157575,2.4118892792911777,1.3525235652923584,0
5,Uruguay_DUP4_farm4_field138_soybean_2018,Uruguay|DUP4|farm4,Uruguay|soybean,2.394808053970337,1.5409547375227892,2.4118892792911777,1.3525235652923584,0
5,Uruguay_DUP4_farm4_field139_soybean_2018,Uruguay|DUP4|farm4,Uruguay|soybean,2.243678092956543,1.7930135157211065,2.4118892792911777,1.3525235652923584,0
5,Uruguay_DUP4_farm4_field140_soybean_2018,Uruguay|DUP4|farm4,Uruguay|soybean,1.8910560607910156,1.6711467241572517,2.4118892792911777,1.3525235652923584,0
5,Uruguay_DUP4_farm4_field141_soybean_2018,Uruguay|DUP4|farm4,Uruguay|soybean,1.761260986328125,1.4763796215632559,2.4118892792911777,1.3525235652923584,0
5,Uruguay_DUP4_farm4_field143_soybean_2018,Uruguay|DUP4|farm4,Uruguay|soybean,0.9559074640274048,1.4882887807704184,2.4118892792911777,1.3525235652923584,1
5,Uruguay_DUP4_farm4_field144_soybean_2018,Uruguay|DUP4|farm4,Uruguay|soybean,0.7427573204040527,1.4124922268160787,2.4118892792911777,1.3525235652923584,1
5,Uruguay_DUP4_farm4_field145_soybean_2018,Uruguay|DUP4|farm4,Uruguay|soybean,0.6671935319900513,1.5029378838371779,2.4118892792911777,1.3525235652923584,1
5,Uruguay_DUP4_farm4_field146_soybean_2018,Uruguay|DUP4|farm4,Uruguay|soybean,0.854717493057251,1.61041456138237,2.4118892792911777,1.3525235652923584,1
5,Uruguay_DUP4_farm4_field147_soybean_2019,Uruguay|DUP4|farm4,Uruguay|soybean,4.205835819244385,2.4021277679211095,2.4118892792911777,1.3525235652923584,0
5,Uruguay_DUP4_farm4_field148_soybean_2022,Uruguay|DUP4|farm4,Uruguay|soybean,3.7745838165283203,2.707741339959872,2.4118892792911777,1.3525235652923584,0
5,Uruguay_DUP4_farm4_field149_soybean_2022,Uruguay|DUP4|farm4,Uruguay|soybean,4.175863742828369,2.5288784172259455,2.4118892792911777,1.3525235652923584,0
5,Uruguay_DUP4_farm4_field150_soybean_2022,Uruguay|DUP4|farm4,Uruguay|soybean,2.5313994884490967,3.138369824456051,2.4118892792911777,1.3525235652923584,0
5,Uruguay_DUP4_farm4_field151_soybean_2022,Uruguay|DUP4|farm4,Uruguay|soybean,3.461200475692749,2.7111410854873377,2.4118892792911777,1.3525235652923584,0
5,Uruguay_DUP4_farm4_field152_soybean_2022,Uruguay|DUP4|farm4,Uruguay|soybean,3.371297836303711,2.646150857921913,2.4118892792911777,1.3525235652923584,0
5,Uruguay_DUP4_farm4_field153_soybean_2022,Uruguay|DUP4|farm4,Uruguay|soybean,2.7362380027770996,2.545931987175398,2.4118892792911777,1.3525235652923584,0
5,Uruguay_DUP4_farm4_field155_soybean_2022,Uruguay|DUP4|farm4,Uruguay|soybean,2.7846148014068604,2.3552955097812664,2.4118892792911777,1.3525235652923584,0
5,Uruguay_DUP4_farm4_field157_soybean_2022,Uruguay|DUP4|farm4,Uruguay|soybean,2.9556310176849365,2.919282764592267,2.4118892792911777,1.3525235652923584,0
5,Uruguay_DUP4_farm4_field159_soybean_2019,Uruguay|DUP4|farm4,Uruguay|soybean,4.6957926750183105,2.5915129553975667,2.4118892792911777,1.3525235652923584,0
5,Uruguay_DUP4_farm4_field162_soybean_2019,Uruguay|DUP4|farm4,Uruguay|soybean,3.6859729290008545,2.9377484783930488,2.4118892792911777,1.3525235652923584,0
5,Uruguay_DUP4_farm4_field163_soybean_2019,Uruguay|DUP4|farm4,Uruguay|soybean,3.1600124835968018,3.0978682653257956,2.4118892792911777,1.3525235652923584,0
5,Uruguay_DUP4_farm4_field164_soybean_2019,Uruguay|DUP4|farm4,Uruguay|soybean,4.004178047180176,3.09230698125028,2.4118892792911777,1.3525235652923584,0
5,Uruguay_DUP4_farm4_field165_soybean_2019,Uruguay|DUP4|farm4,Uruguay|soybean,1.452063798904419,2.122482685301346,2.4118892792911777,1.3525235652923584,0
5,Uruguay_DUP4_farm4_field166_soybean_2019,Uruguay|DUP4|farm4,Uruguay|soybean,3.933269739151001,3.415622902189676,2.4118892792911777,1.3525235652923584,0
5,Uruguay_DUP4_farm4_field168_soybean_2019,Uruguay|DUP4|farm4,Uruguay|soybean,3.5983407497406006,2.4578589110896667,2.4118892792911777,1.3525235652923584,0
5,Uruguay_DUP4_farm4_field169_soybean_2019,Uruguay|DUP4|farm4,Uruguay|soybean,4.395891189575195,2.4143466604734547,2.4118892792911777,1.3525235652923584,0
5,Uruguay_DUP4_farm4_field74_soybean_2019,Uruguay|DUP4|farm4,Uruguay|soybean,1.8798058032989502,2.7885338060927896,2.4118892792911777,1.3525235652923584,0
5,Uruguay_DUP4_farm4_field75_soybean_2019,Uruguay|DUP4|farm4,Uruguay|soybean,4.676286220550537,3.4253495612034612,2.4118892792911777,1.3525235652923584,0
5,Uruguay_DUP4_farm4_field76_soybean_2019,Uruguay|DUP4|farm4,Uruguay|soybean,3.76745867729187,3.0926148842264993,2.4118892792911777,1.3525235652923584,0
5,Uruguay_DUP4_farm4_field77_soybean_2019,Uruguay|DUP4|farm4,Uruguay|soybean,3.9755635261535645,3.222624459068974,2.4118892792911777,1.3525235652923584,0
5,Uruguay_DUP4_farm4_field78_soybean_2019,Uruguay|DUP4|farm4,Uruguay|soybean,4.19328498840332,3.130586141928014,2.4118892792911777,1.3525235652923584,0
5,Uruguay_DUP4_farm4_field79_soybean_2019,Uruguay|DUP4|farm4,Uruguay|soybean,3.88887095451355,3.298086518937968,2.4118892792911777,1.3525235652923584,0
5,Uruguay_DUP4_farm4_field80_soybean_2019,Uruguay|DUP4|farm4,Uruguay|soybean,3.9741175174713135,3.3200197974269496,2.4118892792911777,1.3525235652923584,0
5,Uruguay_DUP4_farm4_field81_soybean_2019,Uruguay|DUP4|farm4,Uruguay|soybean,3.986018419265747,3.4054240899506647,2.4118892792911777,1.3525235652923584,0
5,Uruguay_DUP4_farm4_field82_soybean_2019,Uruguay|DUP4|farm4,Uruguay|soybean,3.6697795391082764,3.304657542916353,2.4118892792911777,1.3525235652923584,0
5,Uruguay_DUP4_farm4_field83_soybean_2019,Uruguay|DUP4|farm4,Uruguay|soybean,4.046384811401367,3.419626978583452,2.4118892792911777,1.3525235652923584,0
5,Uruguay_DUP4_farm4_field84_soybean_2021,Uruguay|DUP4|farm4,Uruguay|soybean,1.6399482488632202,1.8537528530091105,2.4118892792911777,1.3525235652923584,0
5,Uruguay_DUP4_farm4_field85_soybean_2021,Uruguay|DUP4|farm4,Uruguay|soybean,1.4826231002807617,1.996146496642945,2.4118892792911777,1.3525235652923584,0
5,Uruguay_DUP4_farm4_field86_soybean_2021,Uruguay|DUP4|farm4,Uruguay|soybean,1.502111792564392,1.9756227397986503,2.4118892792911777,1.3525235652923584,0
5,Uruguay_DUP4_farm4_field87_soybean_2021,Uruguay|DUP4|farm4,Uruguay|soybean,1.0423465967178345,2.0748994744843237,2.4118892792911777,1.3525235652923584,1
5,Uruguay_DUP4_farm4_field88_soybean_2021,Uruguay|DUP4|farm4,Uruguay|soybean,1.6190932989120483,1.8204855441240144,2.4118892792911777,1.3525235652923584,0
5,Uruguay_DUP4_farm4_field89_soybean_2021,Uruguay|DUP4|farm4,Uruguay|soybean,1.9347290992736816,1.7382393539655208,2.4118892792911777,1.3525235652923584,0
5,Uruguay_DUP4_farm4_field90_soybean_2021,Uruguay|DUP4|farm4,Uruguay|soybean,1.7584187984466553,2.421148682999099,2.4118892792911777,1.3525235652923584,0
5,Uruguay_DUP4_farm4_field91_soybean_2021,Uruguay|DUP4|farm4,Uruguay|soybean,1.702459454536438,1.6208527686338234,2.4118892792911777,1.3525235652923584,0
5,Uruguay_DUP4_farm4_field92_soybean_2021,Uruguay|DUP4|farm4,Uruguay|soybean,1.826322317123413,1.6462948429991715,2.4118892792911777,1.3525235652923584,0
5,Uruguay_DUP4_farm4_field94_soybean_2021,Uruguay|DUP4|farm4,Uruguay|soybean,2.57528018951416,1.8699339202665735,2.4118892792911777,1.3525235652923584,0
5,Uruguay_DUP4_farm4_field95_soybean_2021,Uruguay|DUP4|farm4,Uruguay|soybean,3.534101724624634,2.0068227220472616,2.4118892792911777,1.3525235652923584,0
5,Uruguay_DUP4_farm4_field96_soybean_2021,Uruguay|DUP4|farm4,Uruguay|soybean,2.4069812297821045,2.0214459510556377,2.4118892792911777,1.3525235652923584,0
5,Uruguay_DUP4_farm4_field97_soybean_2021,Uruguay|DUP4|farm4,Uruguay|soybean,1.2144668102264404,1.8270766175611666,2.4118892792911777,1.3525235652923584,1
5,Uruguay_DUP4_farm4_field98_soybean_2021,Uruguay|DUP4|farm4,Uruguay|soybean,1.243234634399414,1.7316053235892825,2.4118892792911777,1.3525235652923584,1
5,Uruguay_DUP4_farm4_field99_soybean_2021,Uruguay|DUP4|farm4,Uruguay|soybean,1.6825767755508423,1.6831550920175502,2.4118892792911777,1.3525235652923584,0
5,Uruguay_DUP4_farm7_field175_soybean_2019,Uruguay|DUP4|farm7,Uruguay|soybean,2.660769462585449,2.9460584208191483,2.4118892792911777,1.3525235652923584,0
5,Uruguay_DUP4_farm7_field176_soybean_2020,Uruguay|DUP4|farm7,Uruguay|soybean,3.610421657562256,3.1555946956712457,2.4118892792911777,1.3525235652923584,0
5,Uruguay_DUP4_farm7_field177_soybean_2020,Uruguay|DUP4|farm7,Uruguay|soybean,2.7052714824676514,2.869148992492053,2.4118892792911777,1.3525235652923584,0
5,Uruguay_DUP4_farm7_field178_soybean_2020,Uruguay|DUP4|farm7,Uruguay|soybean,1.852871060371399,2.3776032294948477,2.4118892792911777,1.3525235652923584,0
5,Uruguay_DUP4_farm7_field179_soybean_2020,Uruguay|DUP4|farm7,Uruguay|soybean,2.2249791622161865,2.548912678918504,2.4118892792911777,1.3525235652923584,0
5,Uruguay_DUP4_farm7_field180_soybean_2020,Uruguay|DUP4|farm7,Uruguay|soybean,3.191859006881714,2.369484736512489,2.4118892792911777,1.3525235652923584,0
5,Uruguay_DUP4_farm7_field181_soybean_2020,Uruguay|DUP4|farm7,Uruguay|soybean,3.053795099258423,2.7633657156067724,2.4118892792911777,1.3525235652923584,0
5,Uruguay_DUP4_farm7_field182_soybean_2020,Uruguay|DUP4|farm7,Uruguay|soybean,3.28501033782959,2.8895782901498324,2.4118892792911777,1.3525235652923584,0
5,Uruguay_DUP4_farm7_field183_soybean_2020,Uruguay|DUP4|farm7,Uruguay|soybean,3.2739856243133545,2.932385428304788,2.4118892792911777,1.3525235652923584,0
5,Uruguay_DUP4_farm7_field184_soybean_2020,Uruguay|DUP4|farm7,Uruguay|soybean,3.4928157329559326,2.9276149843517927,2.4118892792911777,1.3525235652923584,0
5,Uruguay_DUP4_farm7_field185_soybean_2018,Uruguay|DUP4|farm7,Uruguay|soybean,3.513538360595703,1.7066960913123566,2.4118892792911777,1.3525235652923584,0
5,Uruguay_DUP4_farm7_field186_soybean_2018,Uruguay|DUP4|farm7,Uruguay|soybean,4.6075897216796875,1.5410482021113365,2.4118892792911777,1.3525235652923584,0
5,Uruguay_DUP4_farm7_field187_soybean_2018,Uruguay|DUP4|farm7,Uruguay|soybean,1.2098259925842285,1.8579292200170592,2.4118892792911777,1.3525235652923584,1
5,Uruguay_DUP4_farm7_field188_soybean_2018,Uruguay|DUP4|farm7,Uruguay|soybean,4.035690784454346,1.691777721602538,2.4118892792911777,1.3525235652923584,0
5,Uruguay_DUP4_farm7_field189_soybean_2018,Uruguay|DUP4|farm7,Uruguay|soybean,1.6689718961715698,1.7086011875369602,2.4118892792911777,1.3525235652923584,0
5,Uruguay_DUP4_farm7_field190_soybean_2018,Uruguay|DUP4|farm7,Uruguay|soybean,1.6221749782562256,1.5010258953054578,2.4118892792911777,1.3525235652923584,0
5,Uruguay_DUP4_farm7_field191_soybean_2018,Uruguay|DUP4|farm7,Uruguay|soybean,2.7964413166046143,2.1666227646902994,2.4118892792911777,1.3525235652923584,0
5,Uruguay_DUP4_farm7_field192_soybean_2018,Uruguay|DUP4|farm7,Uruguay|soybean,1.4842650890350342,1.7996791815486188,2.4118892792911777,1.3525235652923584,0
5,Uruguay_DUP4_farm7_field193_soybean_2018,Uruguay|DUP4|farm7,Uruguay|soybean,3.867628335952759,1.5968086242332975,2.4118892792911777,1.3525235652923584,0
5,Uruguay_DUP4_farm7_field194_soybean_2018,Uruguay|DUP4|farm7,Uruguay|soybean,1.3293033838272095,1.5084928843961767,2.4118892792911777,1.3525235652923584,1
5,Uruguay_DUP4_farm7_field197_soybean_2018,Uruguay|DUP4|farm7,Uruguay|soybean,2.2386724948883057,2.0197609702232473,2.4118892792911777,1.3525235652923584,0
5,Uruguay_DUP4_farm7_field198_soybean_2018,Uruguay|DUP4|farm7,Uruguay|soybean,1.6572648286819458,2.007867063463974,2.4118892792911777,1.3525235652923584,0
5,Uruguay_DUP4_farm7_field199_soybean_2018,Uruguay|DUP4|farm7,Uruguay|soybean,2.712717056274414,1.791511209656725,2.4118892792911777,1.3525235652923584,0
5,Uruguay_DUP4_farm7_field200_soybean_2018,Uruguay|DUP4|farm7,Uruguay|soybean,2.1160500049591064,1.8775604876389362,2.4118892792911777,1.3525235652923584,0
5,Uruguay_DUP4_farm7_field201_soybean_2018,Uruguay|DUP4|farm7,Uruguay|soybean,1.834276556968689,1.8258282325622517,2.4118892792911777,1.3525235652923584,0
5,Uruguay_DUP4_farm7_field202_soybean_2018,Uruguay|DUP4|farm7,Uruguay|soybean,1.9077701568603516,1.9275526954139455,2.4118892792911777,1.3525235652923584,0
5,Uruguay_DUP4_farm7_field203_soybean_2018,Uruguay|DUP4|farm7,Uruguay|soybean,5.356112957000732,1.6031621857151426,2.4118892792911777,1.3525235652923584,0
5,Uruguay_DUP4_farm7_field204_soybean_2018,Uruguay|DUP4|farm7,Uruguay|soybean,1.3491686582565308,1.7645299190360817,2.4118892792911777,1.3525235652923584,1
5,Uruguay_DUP4_farm7_field205_soybean_2018,Uruguay|DUP4|farm7,Uruguay|soybean,1.1371465921401978,1.5167577441330122,2.4118892792911777,1.3525235652923584,1
5,Uruguay_DUP4_farm7_field206_soybean_2018,Uruguay|DUP4|farm7,Uruguay|soybean,1.7839241027832031,1.5320369166240277,2.4118892792911777,1.3525235652923584,0
5,Uruguay_DUP4_farm7_field207_soybean_2018,Uruguay|DUP4|farm7,Uruguay|soybean,1.8242532014846802,2.2161850213017518,2.4118892792911777,1.3525235652923584,0
5,Uruguay_DUP4_farm7_field208_soybean_2018,Uruguay|DUP4|farm7,Uruguay|soybean,1.3808342218399048,1.5727225335478683,2.4118892792911777,1.3525235652923584,0
5,Uruguay_DUP4_farm7_field209_soybean_2018,Uruguay|DUP4|farm7,Uruguay|soybean,1.529417634010315,1.6898024132337075,2.4118892792911777,1.3525235652923584,0
5,Uruguay_DUP4_farm7_field210_soybean_2018,Uruguay|DUP4|farm7,Uruguay|soybean,1.7316771745681763,1.9340109304814794,2.4118892792911777,1.3525235652923584,0
5,Uruguay_DUP4_farm7_field211_soybean_2018,Uruguay|DUP4|farm7,Uruguay|soybean,1.0793153047561646,1.6181546535453037,2.4118892792911777,1.3525235652923584,1
5,Uruguay_DUP4_farm7_field212_soybean_2018,Uruguay|DUP4|farm7,Uruguay|soybean,1.7255641222000122,1.542258773433693,2.4118892792911777,1.3525235652923584,0
5,Uruguay_DUP4_farm7_field213_soybean_2018,Uruguay|DUP4|farm7,Uruguay|soybean,1.3029836416244507,1.5276982354295616,2.4118892792911777,1.3525235652923584,1
5,Uruguay_DUP4_farm7_field216_soybean_2018,Uruguay|DUP4|farm7,Uruguay|soybean,1.0417062044143677,1.37313264917602,2.4118892792911777,1.3525235652923584,1
5,Uruguay_DUP4_farm7_field217_soybean_2018,Uruguay|DUP4|farm7,Uruguay|soybean,0.8240219950675964,1.799262810821285,2.4118892792911777,1.3525235652923584,1
5,Uruguay_DUP4_farm7_field218_soybean_2018,Uruguay|DUP4|farm7,Uruguay|soybean,0.6391227841377258,1.8595370364155879,2.4118892792911777,1.3525235652923584,1
5,Uruguay_DUP4_farm7_field219_soybean_2018,Uruguay|DUP4|farm7,Uruguay|soybean,2.2567059993743896,1.3952621945445451,2.4118892792911777,1.3525235652923584,0
5,Uruguay_DUP4_farm7_field221_soybean_2018,Uruguay|DUP4|farm7,Uruguay|soybean,0.8474383354187012,1.8589658568584686,2.4118892792911777,1.3525235652923584,1
5,Uruguay_DUP4_farm7_field222_soybean_2019,Uruguay|DUP4|farm7,Uruguay|soybean,3.362981081008911,3.2437167772854276,2.4118892792911777,1.3525235652923584,0
5,Uruguay_DUP4_farm7_field223_soybean_2019,Uruguay|DUP4|farm7,Uruguay|soybean,3.789900779724121,3.4291347022919116,2.4118892792911777,1.3525235652923584,0
5,Uruguay_DUP4_farm7_field224_soybean_2019,Uruguay|DUP4|farm7,Uruguay|soybean,3.400581121444702,2.6330830871747195,2.4118892792911777,1.3525235652923584,0
5,Uruguay_DUP4_farm7_field225_soybean_2019,Uruguay|DUP4|farm7,Uruguay|soybean,4.352810859680176,3.427552188569635,2.4118892792911777,1.3525235652923584,0
5,Uruguay_DUP4_farm7_field226_soybean_2019,Uruguay|DUP4|farm7,Uruguay|soybean,3.109001398086548,3.036823337727134,2.4118892792911777,1.3525235652923584,0
5,Uruguay_DUP4_farm7_field228_soybean_2019,Uruguay|DUP4|farm7,Uruguay|soybean,3.153386116027832,3.6492096549636575,2.4118892792911777,1.3525235652923584,0
5,Uruguay_DUP4_farm7_field229_soybean_2019,Uruguay|DUP4|farm7,Uruguay|soybean,3.2079055309295654,3.2274362184097622,2.4118892792911777,1.3525235652923584,0
5,Uruguay_DUP4_farm7_field230_soybean_2019,Uruguay|DUP4|farm7,Uruguay|soybean,2.0014703273773193,2.367130812856878,2.4118892792911777,1.3525235652923584,0
5,Uruguay_DUP4_farm7_field231_soybean_2019,Uruguay|DUP4|farm7,Uruguay|soybean,2.718848943710327,2.426340424673458,2.4118892792911777,1.3525235652923584,0
5,Uruguay_DUP4_farm7_field232_soybean_2019,Uruguay|DUP4|farm7,Uruguay|soybean,2.5719974040985107,2.9296111964430644,2.4118892792911777,1.3525235652923584,0
5,Uruguay_DUP4_farm7_field233_soybean_2019,Uruguay|DUP4|farm7,Uruguay|soybean,3.741726875305176,3.336835954623555,2.4118892792911777,1.3525235652923584,0
